tx_id,account_id,client_id,amount,currency,timestamp,payment_method,beneficiary_country,beneficiary_name,reference,wire_type
20EF7633-F60,ACC12614124,C217301,38186.13,USD,2026-08-05T16:48:16,card,BJ,Spencer Meyer,Daughter listen strategy kitchen argue.,
17C0DB7F-903,ACC65692629,C456385,19406.25,EUR,2026-08-05T16:52:24,card,BW,John May,Spend task product become.,
E6927D4F-476,ACC31980274,C426147,26601.39,EUR,2026-08-05T17:00:08,swift,KE,Brandon Kirby,Note quite increase draw nor develop.,domestic
EFAED163-89C,ACC68571795,C735656,48705.67,EUR,2026-08-05T18:01:54,wire,MW,Veronica Sweeney,Now treatment although series there process who.,domestic
9BFE19BF-841,ACC69302158,C678478,33368.26,EUR,2026-08-05T18:15:56,swift,IR,Lindsey Jordan,Ready grow check.,domestic
FC78C6AE-84C,ACC67062156,C329471,34413.84,USD,2026-08-05T18:40:44,card,RS,Felicia Henry,Defense president animal west air top environmental.,
F5B4CE31-A10,ACC15614174,C423232,27880.75,GBP,2026-08-05T19:00:07,swift,RU,Edgar Jefferson,Subject ball tell argue ever anything speak concern.,domestic
027A6A42-D1E,ACC99508850,C528231,376070.8,GBP,2026-08-05T19:26:00,wire,CD,Chelsea Kaiser,Act serious order worker language specific maintain.,domestic
6370B539-A4D,ACC22130508,C555052,39519.21,USD,2026-08-05T19:40:42,cash_deposit,LA,Margaret Monroe,Involve woman little against.,
B80DE5C3-460,ACC93955206,C321275,37372.01,CHF,2026-08-05T20:04:35,wire,SY,Keith Gutierrez,Huge leave southern prepare party.,cross_border
97963842-5B1,ACC24366125,C878480,33205.18,USD,2026-08-05T20:06:47,wire,SE,Joshua Miller,Fly strong end responsibility.,domestic
7D93CB94-B8E,ACC71070189,C399105,8249.27,CHF,2026-08-05T20:24:58,card,VE,Kimberly Garcia,Stand trouble especially peace among past happen no.,
3FA88E6C-6B3,ACC83089925,C335729,22937.24,GBP,2026-08-05T21:14:07,card,GD,Alexandra Lewis,Building mouth south build floor.,
F0DAF12F-2E8,ACC68461818,C965845,6276.8,USD,2026-08-05T21:19:56,sepa,IR,Bonnie Roberts,Fear certainly scene choose expert against.,
06DF0947-D1F,ACC21267237,C773971,5425.74,CHF,2026-08-05T21:48:52,swift,GR,Laura Howard,Man part whose parent house provide consider.,cross_border
7AC5B722-6EB,ACC51098277,C796212,22306.25,CHF,2026-08-05T23:03:21,sepa,SB,Jose Soto,Build discover someone particular.,
AFA89308-50F,ACC35714784,C299448,9992.62,EUR,2026-08-05T23:17:13,card,TR,Michelle Greer,Including game language.,
9622E741-128,ACC45551614,C246413,2463.79,CHF,2026-08-05T23:53:18,wire,CR,Mark Edwards,Book economic require should.,domestic
78281483-20E,ACC68802946,C832168,25472.65,CHF,2026-08-06T00:08:58,cash_deposit,LY,Cynthia Hubbard,Throughout owner miss another talk.,
63E01CA5-C1C,ACC34391257,C152727,13495.79,CHF,2026-08-06T00:14:02,sepa,ER,Victoria Johnson,Together weight sister rate civil up like.,
1DAF376A-946,ACC71070189,C399105,16514.71,CHF,2026-08-06T00:53:46,swift,EG,Robert Harding,Here street former total animal item to hope.,domestic
41DAB7EB-6B1,ACC57683626,C319684,10052.45,EUR,2026-08-06T00:57:13,swift,FR,Dawn Ellis,Myself accept third down open little improve.,cross_border
9F871131-ABD,ACC90267122,C141797,43288.49,USD,2026-08-06T01:01:11,wire,PA,Laura Porter,Statement door prepare soon usually.,cross_border
BC4A3375-ECF,ACC78387461,C617488,38778.91,EUR,2026-08-06T01:20:10,card,GN,Melissa Owens,Dream same weight former science.,
6334FF68-6C4,ACC88183110,C679364,4491.84,EUR,2026-08-06T01:26:59,card,PK,Susan Robinson,Already give nature deep.,
69DCC70A-382,ACC92874006,C171744,23745.39,GBP,2026-08-06T01:38:05,card,NR,Tricia Hughes,Window almost card spend more term.,
8B559508-A70,ACC48349783,C345884,19576.84,GBP,2026-08-06T01:59:24,cash_deposit,DO,Angela Martinez,Level market environmental become hundred be tax key.,
FAC26DDB-D36,ACC20200074,C720859,22193.7,CHF,2026-08-06T02:50:59,card,LR,Ronnie Price,Choice worry speech community.,
21C5788B-FED,ACC32775593,C790855,44231.13,GBP,2026-08-06T02:55:32,wire,BY,Carl Miller,Cause although you take value call training.,cross_border
E8B53E54-9C7,ACC97260863,C171951,18179.19,CHF,2026-08-06T02:56:17,crypto,RS,Suzanne Reed,Either most lay of want.,
354132FB-005,ACC68186525,C479781,29011.4,CHF,2026-08-06T03:11:41,card,UY,Anne Hayes,Maintain travel education treatment ability.,
B54EF685-D30,ACC20099059,C824586,13314.34,GBP,2026-08-06T03:49:49,card,SG,Denise Gibson,Film result garden walk.,
98D5EAC7-BAA,ACC84093639,C407419,36444.26,USD,2026-08-06T03:58:49,cash_deposit,DO,Richard Joseph,Everybody growth quickly former lose knowledge.,
87BA21C3-B24,ACC72363359,C800005,43537.05,EUR,2026-08-06T04:04:15,swift,JP,Cassandra Jackson,Contain business organization.,cross_border
4A3413C2-161,ACC82498004,C184491,47337.24,GBP,2026-08-06T04:10:02,card,MT,Daniel Gray,Should surface some enjoy.,
CA7CAAE3-F84,ACC22517517,C890170,16883.24,USD,2026-08-06T04:10:05,cash_deposit,FJ,Wendy Miller,Matter participant boy huge plan rule break church.,
472FC88D-194,ACC67062156,C329471,27404.2,CHF,2026-08-06T04:14:54,cash_deposit,DM,Michael Spencer,Increase parent organization.,
1DB42E02-34E,ACC34391257,C152727,28498.1,GBP,2026-08-06T04:17:36,cash_deposit,AO,Emily Morgan,Effort if think somebody choice see night.,
6B926678-C93,ACC48349783,C345884,25632.81,CHF,2026-08-06T05:51:28,cash_deposit,KP,Natalie Peterson,Thus president manager whom responsibility anyone.,
F38EDDBE-653,ACC70467027,C564226,4679.97,USD,2026-08-06T05:58:04,wire,CU,Catherine Yates,Respond bar present matter art bank everyone.,domestic
154831CD-288,ACC45551614,C246413,1878.21,GBP,2026-08-06T06:14:55,card,UG,Andrew Dean,Foot rule same whatever notice deep any.,
25E136E5-C09,ACC49392920,C555884,11939.25,EUR,2026-08-06T06:15:36,sepa,NZ,Seth Gonzalez,Expect card inside former all.,
D8CBE8C0-423,ACC99038526,C208618,7793.5,USD,2026-08-06T06:23:55,card,RU,Adam Francis,Fear price hear imagine.,
3C1648E1-F82,ACC25312516,C962050,24448.17,EUR,2026-08-06T06:38:23,cash_deposit,TH,Joseph Bray,Several born six beat help.,
D0630520-1FC,ACC68942178,C230394,26279.02,EUR,2026-08-06T07:03:55,wire,IR,Jason Washington,Government ball today money necessary finish compare.,domestic
964CD11E-348,ACC73380266,C355570,28424.1,CHF,2026-08-06T07:13:12,sepa,SY,James Silva,Cover door age order.,
7219497E-80E,ACC35487660,C411120,4150.4,GBP,2026-08-06T07:16:40,cash_deposit,MR,Mr. Gregory Hart,Before off window particular.,
F39967D6-7DF,ACC20099059,C824586,7751.5,EUR,2026-08-06T07:17:25,card,FM,Gregory Vasquez,Less theory health tell fact pretty learn.,
0ECA855C-A0C,ACC22517517,C890170,49052.99,CHF,2026-08-06T07:18:09,card,CR,Amanda Solis,Police only there authority door poor.,
A59CB254-50A,ACC90267122,C141797,2208.39,EUR,2026-08-06T07:24:15,wire,IT,Scott King,Body news race reality picture establish important.,domestic
88D8112A-97D,ACC73380266,C355570,3154.8,CHF,2026-08-06T07:42:58,sepa,UA,Misty Estrada,Physical appear they maybe.,
D5820185-4E6,ACC45551614,C246413,36497.18,CHF,2026-08-06T08:04:17,card,NI,Robert Peterson,Commercial entire resource increase picture early send.,
5771BFC6-57C,ACC61410126,C827659,19444.92,GBP,2026-08-06T08:17:13,card,CY,Kimberly Lee,Order may child style car move want.,
D405CC7B-0E2,ACC68802946,C832168,1823.32,GBP,2026-08-06T08:17:39,card,BJ,David Thompson,Improve his thus market western course.,
F47402D7-C07,ACC67062156,C329471,46919.74,USD,2026-08-06T08:22:56,card,HR,Donald Dixon,Information type lot guy still entire.,
8CD0957C-7AC,ACC99038526,C208618,31745.25,CHF,2026-08-06T08:23:51,swift,JP,Robert Parker,Building clear different authority create.,domestic
2775A832-DE5,ACC20200074,C720859,3712.7,EUR,2026-08-06T08:27:43,cash_deposit,LU,April Villanueva,Skin discover nothing pressure I majority effort.,
0E3F60E5-6AC,ACC38408562,C576786,9985.12,USD,2026-08-06T08:35:38,sepa,HT,Brian Fitzpatrick,Defense defense street loss plant and.,
1E999F04-E24,ACC13471527,C195763,471149.09,USD,2026-08-06T08:39:35,swift,VE,Kyle Lawrence,Candidate choice agency doctor know season fly listen.,cross_border
C0B6040B-195,ACC95132217,C544151,27023.12,EUR,2026-08-06T09:07:56,sepa,RW,Jasmine Hodges,Already brother lawyer car loss chair never hold.,
9B3481BD-B0C,ACC13471527,C195763,24215.98,EUR,2026-08-06T09:08:00,card,IQ,Stacy Williams,Relationship own bad why word page Mrs.,
5743507D-C96,ACC16150444,C793384,27684.56,CHF,2026-08-06T09:17:54,cash_deposit,AF,Autumn Smith,Reach firm gun choice prepare.,
7E14F1E4-4D4,ACC31980274,C426147,35919.27,EUR,2026-08-06T09:30:00,wire,TG,Ryan Harris,Director whether gun born I could.,cross_border
E0D6A8CE-D08,ACC49172995,C633590,11070.52,USD,2026-08-06T10:22:59,sepa,RU,Mark Lewis,Stuff decide agreement lay wish break system.,
FC8BDBFF-653,ACC73380266,C355570,12320.46,USD,2026-08-06T10:32:15,crypto,GY,Richard Miller,Matter here truth about two help agree.,
CB1B11A1-9E1,ACC19289546,C897549,31475.73,EUR,2026-08-06T10:51:31,crypto,CZ,Jacqueline Banks,Fly computer reveal evidence significant discussion.,
16D588C5-3D9,ACC73481797,C839485,5676.63,USD,2026-08-06T11:02:26,crypto,BH,Jacob Johnson,Professor for nature eye character line magazine away.,
CD1506E1-633,ACC45551614,C246413,32815.03,USD,2026-08-06T11:08:05,wire,LY,Stephanie Bishop,Record land day name.,domestic
EF13B554-17B,ACC24508349,C501124,4460.25,GBP,2026-08-06T11:12:51,card,BY,Amber Moses,Say stand article book six student.,
7A4B7E53-899,ACC36726767,C254511,9978.3,CHF,2026-08-06T11:32:14,card,LT,Latoya Hill,Health serve possible first whole realize.,
1B44BBEE-71F,ACC81691040,C864544,14909.84,USD,2026-08-06T11:38:26,card,TV,Kayla Abbott,Artist too whose a nice.,
2D4FA689-442,ACC15614174,C423232,46829.36,CHF,2026-08-06T11:48:24,sepa,DM,Craig Jackson,Serve note recent land trip majority center will.,
FE669AA4-184,ACC65682626,C527398,43187.61,USD,2026-08-06T12:17:31,swift,SB,Tyler Dean,Already huge manage something eye camera.,cross_border
82D830A5-0D8,ACC19736572,C109767,9984.31,GBP,2026-08-06T12:20:39,card,CU,Christopher Davis,Wear necessary forward near rather voice pick.,
7CC2B18F-65B,ACC88320463,C518801,30606.57,CHF,2026-08-06T12:22:04,card,MC,Jacob Lee,Develop after exactly.,
5FAFCF1F-2C6,ACC48349783,C345884,4827.49,CHF,2026-08-06T12:34:57,cash_deposit,PE,Paul Allen,There line give final.,
B7FB2E16-B13,ACC68571795,C735656,18542.23,CHF,2026-08-06T12:39:04,cash_deposit,TN,Julie Crawford,Past woman sure wall president.,
D8292893-D36,ACC65259205,C941204,41176.45,EUR,2026-08-06T12:54:24,cash_deposit,ET,Jose Gonzalez,Significant movement bad decide perform money.,
BC67A2FF-F7B,ACC15614174,C423232,25295.22,EUR,2026-08-06T13:18:30,card,PY,Jeffrey Adams,The agree pressure mouth parent bit.,
A22B0831-8EB,ACC82287061,C607868,14529.59,EUR,2026-08-06T13:19:44,card,SL,Edgar Raymond,Sport treat pick process moment next.,
6396F120-BCD,ACC19736572,C109767,7804.89,GBP,2026-08-06T13:28:29,swift,MW,Morgan Evans,Wall term natural lose.,domestic
95202E29-BBD,ACC88183110,C679364,18072.49,CHF,2026-08-06T13:29:27,card,NL,Andrew Morales,Occur decade energy light from lay news.,
ECEFE60C-676,ACC21631697,C392477,2716.41,GBP,2026-08-06T14:19:05,card,SL,Larry Phillips,Bit school lot respond.,
4EE00A19-F0B,ACC89864260,C171262,17687.06,EUR,2026-08-06T14:26:12,card,RU,Chad Morales,Democratic there discover detail.,
52B096B1-E97,ACC36786211,C956253,420765.6,CHF,2026-08-06T14:36:05,cash_deposit,BH,Danny Nguyen,Sometimes lawyer play success successful police line door.,
66740326-BEC,ACC39958838,C246316,11821.08,USD,2026-08-06T14:37:08,card,TL,Julie Roberts,Citizen kid generation onto police interesting economic.,
5A55590D-669,ACC66722344,C456778,12383.13,USD,2026-08-06T14:44:30,sepa,BG,Angela Bruce,Not teach believe month amount deep.,
6C694160-48A,ACC61642594,C500156,5173.32,CHF,2026-08-06T14:52:23,swift,BZ,Paul Smith,Smile among decision social heart mind while entire.,domestic
3835A506-D02,ACC85543051,C418594,29021.49,GBP,2026-08-06T15:05:38,swift,GM,Diana Williams,Usually themselves general finally save throw note.,domestic
4CEB6BD4-765,ACC58884978,C552248,44307.19,GBP,2026-08-06T15:06:25,sepa,JO,Carrie Gonzalez,Do popular some against economy compare.,
9050E534-B2D,ACC35848226,C430876,453.25,EUR,2026-08-06T15:30:56,wire,VC,Nicole Ortiz,Discuss hard business foot.,domestic
7E3701AD-797,ACC50079111,C890075,5570.47,CHF,2026-08-06T15:34:30,cash_deposit,PS,Barbara Pierce,Rise any national various lose idea.,
FBF1523A-06C,ACC19943140,C705050,15747.88,GBP,2026-08-06T16:07:14,swift,CU,Christina Mckay,Or them subject music.,cross_border
A2F2C220-35C,ACC54058573,C392136,8145.07,CHF,2026-08-06T17:06:29,wire,BA,Robert Lin,Knowledge organization director husband away score.,domestic
45BBBE49-8FE,ACC22660194,C201639,32515.91,USD,2026-08-06T17:20:51,card,NA,Elizabeth Hughes,Field people try play order.,
4623E60A-851,ACC87342561,C142185,7410.43,GBP,2026-08-06T17:25:25,crypto,BW,David Watkins,Region company what wide too agreement section.,
9B2ED58D-D16,ACC78387461,C617488,10421.04,EUR,2026-08-06T17:26:11,card,KM,John Patterson,People fund visit situation law foreign court bill.,
E880F69B-5D2,ACC47346970,C888539,12873.83,USD,2026-08-06T17:26:37,wire,OM,Joseph Winters,International officer child use other.,cross_border
903760E5-715,ACC73123515,C120324,14027.05,USD,2026-08-06T17:35:30,sepa,GA,Leslie Hernandez,Citizen weight seat performance movement cultural.,
A5148B97-A6E,ACC14216175,C446479,14925.18,EUR,2026-08-06T17:36:09,card,CO,Alicia James,Here along public recent friend sort table.,
1D792FD8-7CC,ACC30514014,C757924,32899.76,CHF,2026-08-06T17:44:28,wire,AZ,Michael Taylor,Machine attention nature drug wear cell star.,cross_border
2D6D2400-132,ACC68812137,C974244,15179.29,EUR,2026-08-06T18:34:11,wire,IR,Elizabeth Williams,Power study his face door in think.,cross_border
CA8FE9A1-48C,ACC68812137,C974244,36141.61,USD,2026-08-06T19:23:21,sepa,UG,Lisa Rios,Color really always improve a truth.,
0B9670EE-DC2,ACC17275149,C296694,18665.91,CHF,2026-08-06T19:39:07,wire,CG,Mary Wilson,Character window minute that lose sit.,cross_border
4A39B3F7-17A,ACC30514014,C757924,27811.93,EUR,2026-08-06T20:25:43,cash_deposit,TT,Jose Juarez,Tend dinner rich decide.,
F1F44FCF-E3B,ACC21267237,C773971,1072.35,GBP,2026-08-06T20:32:15,swift,KP,Dr. Kristina Gonzales,Day peace buy wear born staff scientist.,cross_border
631FD31A-299,ACC61642594,C500156,21056.6,GBP,2026-08-06T20:38:24,swift,VE,Jimmy Jones,Practice hard attack despite feeling.,cross_border
9CE68B06-586,ACC84813739,C361303,36236.71,CHF,2026-08-06T20:44:26,card,RU,Brendan Grant,Question reflect drop up series.,
4090ED58-1E0,ACC83932360,C114338,1208.67,USD,2026-08-06T20:54:55,sepa,IT,Eric Thomas,Institution reduce sea current.,
4B5ECCD8-B46,ACC97225156,C491559,12733.92,EUR,2026-08-06T21:09:04,swift,TN,Sarah Logan,Together scientist hair allow phone weight medical.,domestic
90E5771E-FD7,ACC54769200,C908577,17668.48,USD,2026-08-06T21:14:11,sepa,FJ,Anthony Lee,Where it friend positive.,
A9DA7E27-F29,ACC13895645,C507746,24397.71,EUR,2026-08-06T21:24:38,swift,NP,Sarah Young,Good face also center tree president.,cross_border
D37F7F34-916,ACC19289546,C897549,19990.02,CHF,2026-08-06T21:28:25,sepa,UZ,Keith Morris,Summer kitchen admit across already.,
7C3ACD08-136,ACC58181396,C988662,13434.16,CHF,2026-08-06T21:31:52,crypto,PK,Lisa Mills,Both change note old who beyond.,
1AF4FD3F-92A,ACC99889098,C850981,35683.47,EUR,2026-08-06T21:44:48,sepa,UY,Ashley Lynn,Mention PM industry age nation.,
55482C70-528,ACC72363359,C800005,9989.78,GBP,2026-08-06T22:07:31,sepa,MU,Scott Harrell,Concern recently national catch save.,
5E33D5A7-4A2,ACC76500726,C402218,9989.82,CHF,2026-08-06T22:16:27,swift,NE,Jose Lane,Choose end often when mean front money.,domestic
6349F6F7-E2E,ACC50071487,C978157,2490.8,EUR,2026-08-06T22:18:54,card,KE,Steven Diaz,Responsibility note support enough hope road.,
461F0115-7C3,ACC20099059,C824586,34400.94,GBP,2026-08-06T22:39:38,cash_deposit,PA,Bailey Phillips,Cultural pass treatment turn prove wind.,
C0C3743F-6C9,ACC76344695,C992288,2793.78,GBP,2026-08-06T23:04:48,wire,AM,Timothy Martin,Mr someone church dark human wear bad.,domestic
58FD4F28-563,ACC81503856,C549186,9081.92,GBP,2026-08-06T23:05:06,card,IQ,Cynthia Garcia,Ball must person pull building Congress serious.,
B3EB3626-835,ACC31682744,C665579,18156.27,USD,2026-08-06T23:18:43,wire,GH,Julie Cruz,Bit decade opportunity month teach set find.,domestic
B81F5522-C03,ACC13895645,C507746,34200.93,CHF,2026-08-06T23:34:57,wire,EC,John Hernandez,Day allow professional prevent deep.,cross_border
596DAC26-866,ACC33640702,C869440,344788.83,CHF,2026-08-06T23:37:32,card,ZA,Gerald Valdez,Campaign decision tax event.,
98104CE3-FF9,ACC19584466,C162535,9049.9,GBP,2026-08-06T23:51:03,cash_deposit,HU,Evan Anderson,Sit light key down heart.,
6DF3A1CB-66C,ACC33763566,C532322,10370.21,CHF,2026-08-07T00:07:45,card,SV,Amanda Owens,Say audience save spring once send gun.,
EB809AEC-37A,ACC88183110,C679364,45367.88,CHF,2026-08-07T00:30:18,wire,BB,Kathleen Gonzalez,Speech size toward prepare.,domestic
84D5C4AE-2B7,ACC49392920,C555884,28939.44,CHF,2026-08-07T00:33:18,cash_deposit,SV,Patricia Anderson,Scientist guess single more he practice.,
D361EFDD-BF5,ACC95320121,C974628,22039.99,EUR,2026-08-07T00:43:20,wire,JO,Robert Torres,Age decade Mrs data model else low.,cross_border
593CA42E-45A,ACC41068214,C402099,13717.12,EUR,2026-08-07T00:44:46,sepa,MN,Joseph Clark,Approach city world me site office.,
5F47FACB-A44,ACC39587039,C571029,32802.04,GBP,2026-08-07T01:32:23,card,ER,Rachel Bradley,Compare task today still middle.,
043C4E6D-52E,ACC73380266,C355570,48201.35,CHF,2026-08-07T01:40:29,wire,AE,Jason Scott,Rate serious power young benefit.,cross_border
6FCFCA0E-78E,ACC35583290,C728492,45255.21,USD,2026-08-07T01:45:48,card,IE,Carol Lewis,Thus trip individual help go friend.,
599D6C58-016,ACC94120751,C350867,10524.56,EUR,2026-08-07T01:49:23,swift,NO,Douglas Rodriguez,Yourself second father spring local church usually toward.,cross_border
AE853EF8-851,ACC68571795,C735656,5630.31,USD,2026-08-07T01:58:15,card,TW,Erika Kim,Billion child thank trade must door.,
FC429B5A-12F,ACC24549543,C725550,35058.03,EUR,2026-08-07T02:18:27,card,AT,Heather Huber,Sea meet certainly.,
6E7390A7-CD8,ACC68802946,C832168,40193.32,EUR,2026-08-07T02:25:26,card,BS,Richard Martinez,Rest without person behavior.,
537186B9-2ED,ACC31980274,C426147,21068.31,USD,2026-08-07T02:59:50,cash_deposit,MT,Cody Hunter,Some black arm instead course actually heavy.,
B174E83F-446,ACC83793389,C273148,36588.53,CHF,2026-08-07T03:04:20,crypto,AO,Kimberly Ellison,Save society create paper.,
6414FFED-6C9,ACC94560158,C738448,17432.39,GBP,2026-08-07T03:26:47,card,TT,Kenneth Lewis,Drive food drop.,
3D526813-5C6,ACC71070189,C399105,17529.14,GBP,2026-08-07T03:26:51,card,CI,Christopher Smith,Reality history its boy.,
4BA9E713-2C4,ACC20099059,C824586,21250.07,EUR,2026-08-07T03:32:55,swift,MT,Christopher Chavez,You defense price per full.,domestic
F29C42AB-5BC,ACC53536830,C934816,41119.62,EUR,2026-08-07T03:56:33,cash_deposit,CV,Joseph Warren,Level defense happy.,
15D330CE-D3B,ACC50785405,C400850,44936.7,GBP,2026-08-07T04:11:55,card,CM,Angela Weeks,Central small our use good leave.,
FE468C35-74E,ACC82498004,C184491,37629.61,EUR,2026-08-07T04:24:00,card,BJ,Nicole Jensen,Agency during probably wrong police see.,
C1F74FEE-D41,ACC42194159,C282256,1313.21,USD,2026-08-07T04:44:36,card,AO,Susan Jackson,No something such study occur smile stock too.,
5DB38376-06F,ACC82160068,C323508,807.62,EUR,2026-08-07T04:46:11,wire,BO,Darryl Hernandez,Treatment help rest shake research writer.,cross_border
21780121-CB3,ACC12614124,C217301,42818.32,CHF,2026-08-07T05:03:15,swift,KE,Daniel Petersen,Apply figure involve produce.,domestic
C4D45F6F-37C,ACC63640499,C355836,45206.88,USD,2026-08-07T05:07:41,card,SO,Diana Bender,Weight world necessary.,
C08B7BEF-D1A,ACC40742311,C961722,39479.88,USD,2026-08-07T05:08:33,card,DJ,Angela Smith,Religious order exist really.,
B6D79837-A8C,ACC90014570,C835244,48508.87,GBP,2026-08-07T05:13:05,card,GN,Brian Jones,Few film base eat politics maybe.,
6F2FD135-22E,ACC33763566,C532322,9905.59,CHF,2026-08-07T05:35:27,wire,VE,Michelle Wood,Within only admit politics attack responsibility.,cross_border
074CB4C3-92A,ACC31980274,C426147,48469.03,GBP,2026-08-07T05:35:31,card,SY,Ashley Tucker,Allow why build work official claim.,
84C1CA64-0DF,ACC73380266,C355570,32793.46,CHF,2026-08-07T05:41:59,cash_deposit,TZ,Russell Alexander,Bring security although sound.,
E82FB68E-D94,ACC33357554,C745414,38236.64,GBP,2026-08-07T06:10:53,wire,CV,Ian Spears,Traditional condition summer purpose phone explain.,domestic
B3821D54-403,ACC77827638,C731262,13096.22,CHF,2026-08-07T06:34:06,sepa,AE,Austin Allen,Billion old series card good full poor store.,
A7505BB8-B58,ACC99038526,C208618,9989.34,CHF,2026-08-07T06:37:45,cash_deposit,IT,Shelly Wilcox,Subject together national budget them.,
3893E396-80D,ACC45551614,C246413,27969.22,EUR,2026-08-07T06:37:48,wire,SC,Matthew White,Successful and indicate region.,domestic
8C74B10E-518,ACC41244663,C205907,9986.91,USD,2026-08-07T06:42:31,sepa,UG,Wendy Turner,Worker Democrat fire sign wall.,
435FC112-009,ACC25228493,C583863,49836.46,EUR,2026-08-07T06:43:00,sepa,GW,James Sosa,Into relationship camera phone lawyer bring lead.,
6864B320-274,ACC58436637,C288158,31898.44,CHF,2026-08-07T06:58:26,cash_deposit,KW,Amy Adams,Financial sense section.,
F8A6A4CD-9FF,ACC36726767,C254511,299688.23,EUR,2026-08-07T07:37:50,card,HT,Jacqueline Moreno,Red why that industry list argue kind father.,
7E80506C-5D9,ACC99038526,C208618,24464.11,CHF,2026-08-07T07:44:08,cash_deposit,CR,Bryan Brown,Yes instead pull think.,
43CA2F03-E7B,ACC31980274,C426147,41679.07,EUR,2026-08-07T08:14:39,wire,PE,Michael Melton,Task moment necessary their mouth particularly coach.,cross_border
AB0FEEBF-A7A,ACC63121477,C237235,39205.29,EUR,2026-08-07T08:22:31,wire,CV,Elizabeth Morrow,Third heart against purpose inside personal firm.,domestic
21ABB0E2-944,ACC69302158,C678478,30592.58,EUR,2026-08-07T08:47:07,crypto,SR,Allison Evans,Explain term wall drug baby four service skill.,
355E6337-407,ACC70467027,C564226,14692.22,GBP,2026-08-07T09:08:29,sepa,AG,Stuart Smith,Deep wait kitchen course.,
D7E7D4BA-27F,ACC76500726,C402218,31592.51,CHF,2026-08-07T09:12:50,card,KH,Bob Thompson,Concern best public born season.,
4B2B7A9B-6AE,ACC55728776,C293319,46569.37,USD,2026-08-07T09:46:25,swift,GH,Sandra Johnson,Politics president find nothing east.,cross_border
22F6D3D5-740,ACC81503856,C549186,15689.28,USD,2026-08-07T10:01:32,cash_deposit,TW,Nicole Peterson,Church floor second policy about decide.,
C063156E-9FF,ACC96098221,C634150,49052.93,USD,2026-08-07T10:03:52,cash_deposit,JM,Daniel Ramsey,Where develop shoulder.,
EA0658BC-E1A,ACC76344695,C992288,16847.34,EUR,2026-08-07T10:06:40,card,LU,Sierra Pierce,Money toward second help way.,
33F07F85-E45,ACC31980274,C426147,39156.72,CHF,2026-08-07T10:10:43,cash_deposit,AF,David Schultz,Test guess respond risk week home.,
CA9CE33F-745,ACC41329612,C377405,32080.06,CHF,2026-08-07T10:25:13,wire,MZ,Jessica Huang,Eat military activity raise.,domestic
CDD1BC79-F3C,ACC71662963,C662275,15471.41,USD,2026-08-07T10:28:08,wire,ET,Lori Wright,Fine bill me fill assume animal.,domestic
8941AF46-119,ACC69096899,C204555,2448.58,USD,2026-08-07T10:40:24,swift,RU,Timothy Torres,Moment couple add notice chair.,cross_border
BE15D618-729,ACC97225156,C491559,9978.06,GBP,2026-08-07T10:50:03,crypto,GR,Connie Carr,Step onto play forget home upon actually future.,
857B34C4-EE4,ACC19289546,C897549,4733.27,USD,2026-08-07T10:53:07,swift,MU,Amy Cannon,Involve interview case just.,domestic
E221FA4C-7A7,ACC83089925,C335729,35952.23,USD,2026-08-07T11:15:07,swift,KW,Christina Garrett MD,Meeting task act seem especially.,cross_border
ED8DBA34-EAA,ACC24549543,C725550,46745.79,EUR,2026-08-07T11:24:39,cash_deposit,AM,Stacey Johnson,Peace read shoulder report.,
6C858E3B-51D,ACC73123515,C120324,16041.46,CHF,2026-08-07T11:27:35,wire,IQ,Kristin Huynh,State town television marriage best.,domestic
3F903F3F-FCF,ACC81621574,C498468,18413.1,USD,2026-08-07T11:49:35,swift,TH,Terry Bell,Professional international this do.,cross_border
C3C70A44-003,ACC72409658,C563246,3443.71,CHF,2026-08-07T11:56:30,wire,UZ,Mark Owen,Number become wonder loss morning two high party.,cross_border
C859B1DB-9EE,ACC68571795,C735656,45982.56,EUR,2026-08-07T12:15:04,crypto,TZ,Alicia Kerr,Sort move something according service likely.,
0A818928-09E,ACC47346970,C888539,6794.27,CHF,2026-08-07T12:29:14,cash_deposit,SA,Amy Reed,Ask standard dinner.,
8B332AD3-F40,ACC24549543,C725550,122350.83,CHF,2026-08-07T12:40:05,cash_deposit,BI,Jeffrey Baker,Above rate explain small former agree forget.,
93D4DEA8-C0C,ACC54769200,C908577,49606.23,EUR,2026-08-07T12:41:03,crypto,LT,Suzanne Taylor,Scientist benefit small agree important.,
34B88241-EF6,ACC86320155,C751194,9977.11,USD,2026-08-07T12:59:24,card,AZ,Linda Phelps,Morning high popular environmental.,
999B3C9A-FBE,ACC68802946,C832168,25205.2,GBP,2026-08-07T13:00:50,crypto,DJ,Sheri Hodges,Really receive option team past opportunity.,
810C0C34-8BD,ACC54769200,C908577,13459.72,USD,2026-08-07T13:13:30,sepa,LC,Brenda Dennis,Debate capital business experience six option fear.,
D6A8E213-427,ACC71662963,C662275,6355.26,USD,2026-08-07T13:17:06,card,NA,Nicholas Anderson,Operation college hand.,
20C0F4F4-4C0,ACC99038526,C208618,4096.35,USD,2026-08-07T13:33:18,crypto,KP,Jose Keller,Week contain positive place become industry.,
66FCEE1C-63C,ACC58181396,C988662,39977.12,CHF,2026-08-07T14:13:46,wire,ST,Rachael Howard DDS,General not focus establish ago others ahead.,cross_border
1AD6B2F7-445,ACC46540265,C624783,25090.23,EUR,2026-08-07T14:25:20,sepa,CL,Devin Robinson,Shake on apply ok time drop.,
FD4160D1-58C,ACC76344695,C992288,17977.69,USD,2026-08-07T14:41:58,card,BT,Steven Russo,Those knowledge question relationship can hard instead.,
F08A77D9-8A1,ACC25374874,C814825,13828.56,CHF,2026-08-07T14:44:01,card,NA,Robert Logan,Major million once research so buy send.,
33066A8D-A33,ACC21631697,C392477,7602.75,CHF,2026-08-07T14:44:09,card,TD,David Jones,Price single article.,
787A4F08-CA2,ACC98231132,C712024,5014.76,CHF,2026-08-07T14:49:24,cash_deposit,CU,Steven Snyder,Practice institution pick have.,
0CF12D19-C1C,ACC33640702,C869440,32930.84,EUR,2026-08-07T14:56:47,card,NL,Michael Henry,Cause physical son sell.,
33D10E85-D15,ACC86483924,C739979,19015.87,CHF,2026-08-07T15:05:39,cash_deposit,BT,April Allen,Score Congress pretty.,
B8704F36-27A,ACC19289546,C897549,25988.14,GBP,2026-08-07T15:08:17,crypto,SR,Alisha Gray,Treatment short need pressure million gun.,
5828A906-7DF,ACC19528530,C842225,48486.65,CHF,2026-08-07T15:13:04,wire,DO,Victoria Cox,Once consider thus wife water note.,cross_border
3AB79C47-8B9,ACC36786211,C956253,21185.3,CHF,2026-08-07T16:20:02,swift,UZ,Thomas Flynn,Almost north report main administration fear from.,cross_border
7531030B-14F,ACC65177213,C589710,6919.68,CHF,2026-08-07T16:28:34,cash_deposit,MU,Nathaniel Blankenship Jr.,Give especially treatment employee citizen.,
E9A48AF8-CAF,ACC46817443,C147726,22130.68,EUR,2026-08-07T17:14:08,cash_deposit,VN,Sarah Schneider,Into machine through defense source of whose.,
DDFBE553-308,ACC25312516,C962050,30354.15,CHF,2026-08-07T17:30:09,sepa,ZW,Marilyn Duncan,Bill admit get herself painting.,
F92A258D-D01,ACC45351479,C624902,23735.91,CHF,2026-08-07T18:08:21,wire,CM,Ashley Phillips,Though indeed ability difference dinner history government.,domestic
F24531E6-753,ACC31682744,C665579,9978.82,EUR,2026-08-07T18:16:51,swift,TR,Mason Chase,Treatment expect success.,domestic
E2FFB26D-73E,ACC19584466,C162535,48924.92,USD,2026-08-07T18:17:02,swift,TN,Ryan Cantu,Always day cold.,domestic
3CBC0A10-D98,ACC90585882,C944657,16321.54,CHF,2026-08-07T18:34:51,swift,NI,David Warren,Spend financial relate weight.,domestic
1060AD60-026,ACC45935572,C169403,35043.92,GBP,2026-08-07T18:46:43,cash_deposit,LK,Arthur Wiggins,Strong mind from official pretty.,
4F816E25-AA4,ACC34391257,C152727,27889.4,EUR,2026-08-07T18:53:59,wire,LU,Ryan Jefferson,Either place raise loss sound task wife.,cross_border
40A954A4-CD8,ACC22534217,C958179,7473.1,USD,2026-08-07T19:17:27,crypto,SV,Jennifer Burton,Difference these natural anyone because.,
E7C37C48-BE2,ACC84903294,C901577,46759.35,USD,2026-08-07T19:23:05,card,ER,Jerry Fernandez,State no north against.,
D4B363CA-7E1,ACC41348220,C997594,43314.91,USD,2026-08-07T19:23:38,sepa,DM,James Smith,Maintain pattern may indicate be phone.,
4C324699-C7F,ACC46540265,C624783,28186.35,GBP,2026-08-07T19:25:07,card,EG,Melody Beck,Thing last determine computer anything operation military.,
BB44E72A-869,ACC66722344,C456778,46423.46,EUR,2026-08-07T19:27:00,card,KP,Robert Reese,Authority interest red must art thus worry line.,
49A3208D-90C,ACC32097220,C497382,42036.19,GBP,2026-08-07T19:49:26,cash_deposit,ME,Heather Blanchard,Many energy pattern investment practice.,
4C250DD9-EE3,ACC68186525,C479781,9987.95,EUR,2026-08-07T20:15:42,sepa,SR,Katherine Lopez,Stock newspaper product.,
4D726C72-5EE,ACC90014570,C835244,37535.14,CHF,2026-08-07T20:58:08,card,IE,Hannah Valdez,Add arm author big report.,
5B7E2A0F-6E5,ACC34391257,C152727,38992.69,GBP,2026-08-07T21:08:48,card,AZ,Jason Sweeney,Perhaps his social fast whose.,
A32FB209-DC3,ACC40547349,C333752,9988.03,EUR,2026-08-07T21:17:04,wire,MU,Robin Preston,Not window remain quite able partner.,domestic
9A30E4C2-E58,ACC25228493,C583863,1856.68,CHF,2026-08-07T21:26:01,wire,ML,Jordan Rodriguez,Account upon without worker.,domestic
22BC2E18-92B,ACC90014570,C835244,15071.23,CHF,2026-08-07T22:09:17,swift,MC,Jesse Petersen,Word personal hope let early determine.,cross_border
42FC15CD-BBC,ACC82160068,C323508,6664.4,GBP,2026-08-07T22:46:45,card,SO,Jennifer Cline MD,Staff year consider claim.,
58B923B4-582,ACC73123515,C120324,17955.65,GBP,2026-08-07T23:42:54,cash_deposit,TR,Jesus Baker,Young above want answer.,
FB89C5D5-20A,ACC76344695,C992288,34775.55,GBP,2026-08-07T23:47:42,crypto,MG,Thomas Walker,Animal customer green pull.,
25090056-B20,ACC43273328,C335612,29351.88,GBP,2026-08-07T23:53:50,wire,MR,Richard Nguyen,School something pay key ever avoid civil.,cross_border
4ABD764E-7BD,ACC61642594,C500156,37640.54,EUR,2026-08-07T23:55:51,card,JO,Nicholas Cooper,Much trade professor eat reach.,
516D2C51-D00,ACC73083727,C464863,9977.4,USD,2026-08-08T00:19:56,crypto,ZA,Nicole Cobb,Dog might report listen maintain.,
92572630-884,ACC19289546,C897549,38100.61,EUR,2026-08-08T00:29:08,wire,NR,Wanda Anderson,Truth toward great I news Republican budget.,domestic
7DED94E2-DA6,ACC88320463,C518801,36346.42,USD,2026-08-08T00:46:41,wire,NI,Emily Scott,Woman my experience consumer.,domestic
C8ED1B5C-FD2,ACC35714784,C299448,9986.28,GBP,2026-08-08T01:07:41,cash_deposit,AR,Miranda Miller,Serious space one bar.,
F7FC7798-A33,ACC97260863,C171951,48326.51,GBP,2026-08-08T01:13:47,cash_deposit,AF,Danielle Conley,Up investment field always matter check.,
FFF82CCA-733,ACC63640499,C355836,34624.28,EUR,2026-08-08T01:28:40,sepa,IE,Scott King,Room owner analysis sense art street.,
87FEECA3-904,ACC73900135,C777278,6503.49,USD,2026-08-08T01:34:03,wire,BZ,Daniel Blanchard,Whole fish interview cut.,domestic
95B69367-3A6,ACC67110154,C882169,39437.86,CHF,2026-08-08T01:49:07,swift,BW,Mrs. Jasmin Jenkins,Give team dream single worry year door.,domestic
BF08190F-BD8,ACC96098221,C634150,30055.34,CHF,2026-08-08T01:49:38,card,BS,Timothy French,Nothing season store sport sound past safe.,
3D1C5CC6-451,ACC22489409,C408528,34501.79,GBP,2026-08-08T01:56:49,swift,BT,Mitchell Perez,Turn contain himself worry star.,domestic
D0DF1E73-5A3,ACC65177213,C589710,2743.04,GBP,2026-08-08T02:14:17,swift,BH,Lydia Watson,Idea sometimes least perform expect anything military.,cross_border
80B7B696-D13,ACC45935572,C169403,26291.51,EUR,2026-08-08T02:29:57,wire,KP,Ryan Griffin,For part crime money.,cross_border
ABF5C3CE-192,ACC14265799,C131244,25232.4,EUR,2026-08-08T03:01:58,cash_deposit,PW,Terri Murphy,Determine as statement travel few impact cause watch.,
48A8188C-75C,ACC36757737,C979995,9998.65,CHF,2026-08-08T03:17:51,card,PA,Theresa Griffith,Usually his design kitchen conference effort.,
67B90B1B-324,ACC38195995,C815198,33653.83,GBP,2026-08-08T03:34:48,wire,GN,Johnny Ellis,Name system local expert yeah.,cross_border
2037750C-031,ACC19233013,C356150,30996.07,USD,2026-08-08T03:36:44,card,ST,Joanne Stephenson,Tv south ball.,
EBD313D3-87B,ACC58436637,C288158,30027.95,GBP,2026-08-08T04:27:08,cash_deposit,PW,Christine Richardson,Most skill expert machine really hit food.,
A93832D6-9FE,ACC75181648,C604740,7162.54,GBP,2026-08-08T04:28:47,swift,DE,John Brown,Gun class discuss manager.,cross_border
84986740-D43,ACC32097220,C497382,9996.38,USD,2026-08-08T04:35:25,wire,BH,Anthony Wells,Project stock conference country nor federal idea.,cross_border
6F409D95-19D,ACC36726767,C254511,27339.63,CHF,2026-08-08T05:28:02,swift,NG,Veronica Greer,Skin standard ask night mention tend.,domestic
4952119A-4A0,ACC34627347,C392075,43070.82,GBP,2026-08-08T05:53:29,wire,PT,Anthony Stanley,Help PM become rich every.,domestic
85C3DA71-F54,ACC66722344,C456778,9983.27,CHF,2026-08-08T05:54:57,cash_deposit,CA,Julian Carlson,Tell activity including single right nice.,
45E70FAF-DB4,ACC68571795,C735656,34578.13,CHF,2026-08-08T06:16:19,card,KN,Edward Barnes,Eat above either hard specific future.,
54D6495C-32B,ACC55176955,C207175,4490.05,USD,2026-08-08T07:13:36,card,FM,Mary Turner,Parent country hot position six soldier dream.,
57CE8672-2F0,ACC21819185,C429795,17860.45,USD,2026-08-08T08:51:33,wire,PW,Regina Vance,Building major hold buy western low chair.,cross_border
4366ACF2-608,ACC54769200,C908577,48807.1,CHF,2026-08-08T08:52:26,sepa,TD,Matthew Austin,Sure box debate.,
9C0026FD-FD3,ACC88961459,C680828,330.95,CHF,2026-08-08T08:58:49,wire,ID,Katherine Padilla,Worry Democrat laugh Mrs.,cross_border
5FE28F92-094,ACC22489409,C408528,39813.11,CHF,2026-08-08T09:02:26,card,DK,Brooke Cook,Continue simple difference actually.,
4F977B4B-785,ACC71070189,C399105,746.94,CHF,2026-08-08T09:22:51,wire,MW,Christopher Fletcher,Begin treat system spring.,domestic
8C86C866-696,ACC90014570,C835244,38184.41,CHF,2026-08-08T09:28:08,card,GD,Jacqueline Beck,Catch card long listen wall camera apply figure.,
FB1D2954-1B6,ACC31682744,C665579,13338.28,CHF,2026-08-08T09:32:34,sepa,DE,Kimberly Compton,Him score candidate law place group dream.,
E31574A1-C89,ACC36726767,C254511,27388.71,GBP,2026-08-08T09:48:09,swift,SB,Michelle Scott,Amount go response picture up.,cross_border
60FADBB3-824,ACC45570755,C455007,35721.32,EUR,2026-08-08T09:50:18,card,WS,Beverly Davis,Think Congress me final task partner.,
1DF07E4E-183,ACC42194159,C282256,154.88,GBP,2026-08-08T10:03:55,wire,IR,Ashley Leon,Bed strategy nearly mother particular community movie.,domestic
D238767A-A89,ACC83089925,C335729,39210.95,EUR,2026-08-08T10:06:41,swift,IE,Ariana Jackson,Around enter control none.,cross_border
69276AD4-416,ACC58181396,C988662,18671.57,CHF,2026-08-08T10:26:50,crypto,UA,Heather Bradley,None could write think.,
06D3FE7C-9DB,ACC77834855,C612262,14664.71,GBP,2026-08-08T10:36:42,sepa,QA,Jessica Clark,Appear her alone pass college me.,
30B7CA2C-DD2,ACC92874006,C171744,39059.21,GBP,2026-08-08T10:56:36,sepa,LC,Corey Salazar,Building sign recently avoid upon.,
01192EC8-C6D,ACC46540265,C624783,23640.75,USD,2026-08-08T11:12:26,crypto,ZW,Michelle Mullins,Yourself us turn protect put then.,
D7511964-2EF,ACC68186525,C479781,44807.89,GBP,2026-08-08T11:49:13,wire,VE,Tricia Sherman,Safe coach play television end best pay home.,domestic
496763BB-7EA,ACC20099059,C824586,9985.43,EUR,2026-08-08T12:06:18,crypto,SY,Danielle Greer,Now Mrs traditional chance during.,
BDF8158C-5FE,ACC87342561,C142185,13359.61,CHF,2026-08-08T12:26:04,card,WS,Theresa Cooper,Player deep hit benefit long newspaper suddenly foot.,
8B708437-0FF,ACC48349783,C345884,2624.63,EUR,2026-08-08T12:27:15,card,CU,Stephanie House,Nearly near want citizen serve.,
1849BC28-CDD,ACC70467027,C564226,26793.85,EUR,2026-08-08T12:32:25,wire,RS,Jamie Conrad,Off level cup.,cross_border
621AD217-9D2,ACC15614174,C423232,23391.71,CHF,2026-08-08T12:44:41,cash_deposit,TR,Sean Morales,Those stage chance its.,
E294C1EA-817,ACC97971488,C623481,10536.47,USD,2026-08-08T12:54:00,sepa,MG,Ryan Mcmahon,Girl civil may rock drop now between official.,
74BC5E31-C76,ACC41329612,C377405,28321.46,GBP,2026-08-08T12:55:26,card,CU,William Tanner,Apply power family skill though kind.,
C93D82E6-D21,ACC99038359,C989208,2511.82,EUR,2026-08-08T12:56:40,crypto,BH,Patrick Flores PhD,Oil term assume.,
60C98403-6D4,ACC25228493,C583863,24416.45,CHF,2026-08-08T13:12:44,cash_deposit,SC,Joan Bailey,Movement from foreign member draw international.,
1A5314CD-A30,ACC58181396,C988662,9327.48,CHF,2026-08-08T13:25:12,card,SB,Jeffery Gomez,Every land chance pass.,
7715831A-E23,ACC95132217,C544151,16865.62,EUR,2026-08-08T13:37:29,sepa,AE,Maria Cruz,Bring three indeed laugh.,
FFAF3735-E6C,ACC73771720,C740967,37737.39,USD,2026-08-08T13:46:57,card,MV,Chad Sellers,Prepare play produce operation movement.,
59B40133-FC5,ACC68942178,C230394,9985.58,GBP,2026-08-08T14:12:29,swift,BN,Tracy Walker,Bit blood exactly run impact his.,cross_border
54D14327-062,ACC42614537,C922733,2611.47,GBP,2026-08-08T14:23:20,crypto,CU,Jeffrey Owens,Win officer analysis as.,
49C6D5C4-6D3,ACC17774584,C352572,21710.96,EUR,2026-08-08T14:34:30,swift,IN,Jason Gonzalez,Cause natural safe under.,domestic
34999310-2AF,ACC84411983,C233470,16340.08,EUR,2026-08-08T14:36:48,sepa,TO,Jasmine Cooper,Network kind sometimes field.,
BDAFC60A-DB6,ACC30514014,C757924,39217.86,USD,2026-08-08T14:52:08,crypto,TH,Kenneth Anderson,Matter probably great.,
D59E6261-548,ACC94120751,C350867,39986.77,GBP,2026-08-08T15:01:40,card,AF,Warren Jackson,Within these scene heart.,
1A00268C-F69,ACC20099059,C824586,9982.44,USD,2026-08-08T15:24:15,crypto,TL,Regina Martin,Hotel contain knowledge soldier detail thought.,
583D3F27-0AB,ACC65259205,C941204,40618.68,USD,2026-08-08T15:44:16,wire,RU,Lynn Crawford,Second action notice cause.,cross_border
224805C3-AA3,ACC69302158,C678478,1024.78,EUR,2026-08-08T16:05:02,swift,BG,Kevin Fuller,Item girl professional I hand sing.,domestic
0CB7156D-947,ACC18357162,C316881,44847.89,CHF,2026-08-08T16:08:34,cash_deposit,KP,Charlotte Allen,Still issue production interview.,
6B693EE2-1C8,ACC97225156,C491559,9807.42,EUR,2026-08-08T16:41:59,wire,BI,Joel Sanchez,Kitchen drop computer left political sound study the.,cross_border
22A71063-EF1,ACC12614124,C217301,9921.33,GBP,2026-08-08T16:44:04,cash_deposit,SB,Patrick Mcpherson,Deal become turn help blue event.,
54F6128A-CF1,ACC68571795,C735656,25407.2,GBP,2026-08-08T16:56:21,cash_deposit,MX,Morgan Wright,Present middle TV middle western PM television scientist.,
C2B95FF9-EAC,ACC94525678,C703634,20940.61,EUR,2026-08-08T17:37:02,cash_deposit,CD,Joy Taylor,Understand against series.,
DBCA680E-204,ACC46361787,C421517,38021.16,USD,2026-08-08T17:37:53,cash_deposit,GT,Suzanne Butler,Serious join nothing all church society participant.,
1DE95415-4CC,ACC19289546,C897549,4313.82,EUR,2026-08-08T17:40:11,cash_deposit,KP,Hannah Johnson,Senior from stock energy send describe agree rise.,
C9ABEB96-627,ACC35848226,C430876,12912.3,CHF,2026-08-08T17:45:51,cash_deposit,SZ,Jessica Harvey,His campaign season organization support Democrat.,
15C4F450-89C,ACC81503856,C549186,34714.78,GBP,2026-08-08T17:53:55,sepa,CF,Mercedes Shields,Economic effort medical mouth true smile operation state.,
6D59CE0C-3B8,ACC38470244,C472060,9991.14,GBP,2026-08-08T18:19:49,wire,JM,Stephanie Fowler,Series public site between treatment not hard.,cross_border
B2ECBBED-503,ACC15614174,C423232,49099.3,USD,2026-08-08T18:31:35,wire,SO,Phillip Tyler,Son guess result other mother husband.,cross_border
CB2FD548-FC7,ACC31980274,C426147,27382.53,GBP,2026-08-08T19:15:39,card,PE,Samuel Delgado,Thought before others above tend sense hold.,
B2ED9D33-BA3,ACC65682626,C527398,27444.14,CHF,2026-08-08T19:20:18,cash_deposit,SI,Jody Lopez,Her southern tax serious tree.,
DA225DC9-E37,ACC35583290,C728492,20581.35,CHF,2026-08-08T19:23:37,crypto,LC,Michele Lam,Million among sure main quite move out consumer.,
C29C05CC-4FD,ACC49172995,C633590,19200.06,EUR,2026-08-08T19:33:58,swift,IR,William Lane,Throughout movement plant range yes and.,cross_border
2D61ED11-4BC,ACC83534128,C567574,9988.08,USD,2026-08-08T20:15:58,card,DK,Maria Mitchell,Study carry hot politics development.,
965E84A3-2D3,ACC68812137,C974244,9975.3,CHF,2026-08-08T20:27:18,card,AM,Connie Ferguson,Public anyone major positive improve.,
FDF71573-BC9,ACC21267237,C773971,26763.19,CHF,2026-08-08T20:28:24,card,MH,Karen Duncan,Attack environment role hospital measure however day.,
DD3DD7B5-031,ACC89864260,C171262,9603.28,GBP,2026-08-08T20:50:48,wire,AT,Stephanie Herring,Represent today notice exactly send where.,cross_border
508DC3B7-5E0,ACC38470244,C472060,24694.57,CHF,2026-08-08T20:56:26,sepa,AL,Kayla Keller DDS,Force treatment music play.,
4143962C-6B0,ACC95132217,C544151,13373.84,EUR,2026-08-08T20:59:54,wire,OM,Mathew Warren,Page theory development event state enjoy find word.,domestic
55EB68DA-501,ACC22489409,C408528,35169.44,CHF,2026-08-08T21:19:54,wire,US,Morgan Torres,Avoid fear hair decade keep.,cross_border
E959C92E-98E,ACC47333543,C290305,22663.43,GBP,2026-08-08T21:23:54,cash_deposit,BE,Kenneth Snyder,Task base direction although and certainly.,
36B487A0-D0B,ACC21490777,C353080,25332.05,EUR,2026-08-08T21:33:59,cash_deposit,MY,Raymond Rollins,Property morning western town several middle brother.,
C2761EC0-9B8,ACC40547349,C333752,16256.74,GBP,2026-08-08T21:37:53,swift,BE,Shannon Baker,Though new expert long water early bring.,domestic
EBD2AC6B-A12,ACC84411983,C233470,46766.52,EUR,2026-08-08T21:38:04,cash_deposit,VA,Mrs. Patricia Scott PhD,Dinner beautiful middle chair chance let.,
2620C32A-62A,ACC81691040,C864544,44606.34,EUR,2026-08-08T21:49:40,card,SM,Bradley Thomas,Study sell include himself.,
DF5A10C0-890,ACC82287061,C607868,21935.03,CHF,2026-08-08T22:09:06,crypto,PE,David Morales,Thing do budget successful like police.,
352F4489-B67,ACC35487660,C411120,33931.01,USD,2026-08-08T22:13:02,card,BN,Victor Hudson,Actually affect number wall training natural available.,
EACE5D59-E56,ACC44188276,C146542,17717.5,EUR,2026-08-08T22:15:31,crypto,NO,Nicholas Sanders,Action cut ready white husband figure line.,
FBFD17E3-955,ACC84411983,C233470,12752.96,USD,2026-08-08T22:30:52,crypto,CM,Elizabeth Stone,Result road security debate teach child.,
2C130CD9-B05,ACC47333543,C290305,46914.34,GBP,2026-08-08T22:33:22,card,SO,Linda Harper,As notice system edge drive various draw attack.,
48959EED-D81,ACC32329103,C827712,10663.37,USD,2026-08-08T23:19:15,cash_deposit,MK,James Davis,Hard soldier result less until land.,
F38C9C10-D5D,ACC89864260,C171262,37071.48,USD,2026-08-08T23:25:19,card,FM,Gary Johnson,Good recognize like also school.,
86086B33-B0A,ACC69476001,C947272,48140.2,GBP,2026-08-08T23:44:23,swift,LS,Melissa Hall,Item rest respond economy why possible fear.,domestic
FC73C755-272,ACC99038526,C208618,40422.84,USD,2026-08-08T23:50:34,wire,ST,Shannon Morales,These be probably early.,cross_border
FDF86C02-3B8,ACC87049595,C398151,36279.62,GBP,2026-08-09T00:33:15,card,PY,Reginald Watkins,Impact its item thought mouth spend.,
EE9E1011-5CC,ACC21631697,C392477,44589.95,USD,2026-08-09T01:04:16,wire,WS,Jessica Watkins,She discover doctor although public two.,cross_border
6FDE8F91-34C,ACC21490777,C353080,35337.87,GBP,2026-08-09T01:26:46,crypto,BY,Brian Donovan,Individual how season foot.,
50780097-A7D,ACC21490777,C353080,47981.62,USD,2026-08-09T01:47:44,cash_deposit,CH,Michael Jones,Whole tax product possible.,
52916FC4-642,ACC98231132,C712024,40015.0,GBP,2026-08-09T02:05:22,sepa,BA,Mark Harris,Thousand but discuss try field why.,
CB82DD49-77B,ACC48349783,C345884,37337.91,USD,2026-08-09T02:05:45,wire,BG,Joseph Hurley,Hotel truth remember piece rock.,cross_border
8D47415A-FC9,ACC73380266,C355570,40476.77,EUR,2026-08-09T02:06:08,cash_deposit,BI,Michael Pineda,Of sea tax society.,
CB78DDFA-754,ACC76500726,C402218,10596.91,EUR,2026-08-09T02:08:47,crypto,TW,Holly Parker,Quickly car wish money pay cost.,
ACBBBB59-E1F,ACC93955206,C321275,30483.36,CHF,2026-08-09T02:09:13,wire,KW,Erik Rodriguez,List far voice lot.,cross_border
991CD6A2-2A9,ACC25374874,C814825,12576.58,USD,2026-08-09T02:17:22,cash_deposit,GB,Caleb Evans,Commercial with probably eat animal watch toward.,
644E0732-BBE,ACC17634247,C632496,6937.22,USD,2026-08-09T02:28:08,crypto,DM,Craig Dean,Remember million hospital trade agree population.,
39A4ABE3-C7D,ACC41348220,C997594,47752.26,EUR,2026-08-09T02:29:37,card,IR,Dr. Maureen Rose,Media authority nation go little likely.,
06A941BC-5AD,ACC99508850,C528231,4511.48,GBP,2026-08-09T02:33:49,card,MA,Stacy Robertson,Mean order public reality man.,
9179F0F8-261,ACC21631697,C392477,8734.13,USD,2026-08-09T03:12:55,swift,RO,Jeff Adams,Success foot cup resource age.,domestic
A664A61C-3E9,ACC20099059,C824586,41522.48,USD,2026-08-09T03:57:37,wire,TR,Mark Brown,Evening ask if throw.,cross_border
75839851-8F4,ACC69476001,C947272,22979.49,CHF,2026-08-09T04:08:24,card,PK,Jessica Kelly,Dog name language local.,
981F58C3-04E,ACC41329612,C377405,17398.32,USD,2026-08-09T04:33:28,swift,SR,Rebecca Gomez,Energy car lawyer interview.,cross_border
ED17E428-8BA,ACC83793389,C273148,22313.74,CHF,2026-08-09T04:46:55,crypto,AL,Nicole Rose,Huge machine church feeling discover significant easy.,
0C1B7CFC-7CF,ACC76481885,C138817,30672.95,USD,2026-08-09T04:48:22,cash_deposit,SY,Samantha Obrien,Discover kind move store every glass especially same.,
D40FF179-189,ACC25480907,C373903,32199.23,GBP,2026-08-09T05:05:12,card,CU,Zachary Morrison,Far skill close difficult also use.,
1F162629-119,ACC22534217,C958179,4783.57,USD,2026-08-09T05:35:18,card,IR,Brian Hayden,Cover edge education amount factor because.,
40BF8212-E5D,ACC34627347,C392075,289840.28,GBP,2026-08-09T05:43:57,swift,IE,Shannon Carter,Movie wait amount happen again society down.,domestic
9EA86D6F-BFF,ACC81691040,C864544,17476.65,CHF,2026-08-09T05:53:41,swift,RS,Miguel Boyd,Financial analysis summer.,domestic
CA2C61D3-DD5,ACC50785405,C400850,15375.61,USD,2026-08-09T06:12:04,wire,HR,Jennifer Levy,Thought myself write.,domestic
F1EAFD70-2F4,ACC68571795,C735656,4627.98,GBP,2026-08-09T06:21:00,wire,CZ,Brian King,Individual finally view society nor.,domestic
C2DCC917-950,ACC33640702,C869440,5340.62,USD,2026-08-09T06:49:45,card,BG,Sandra Wright,Film show ball add enough simple animal.,
C7565CD8-FC9,ACC31682744,C665579,443833.6,USD,2026-08-09T06:57:24,wire,NA,Tamara Williams,Attorney believe sort.,cross_border
43F40D23-761,ACC21631697,C392477,9992.01,CHF,2026-08-09T06:58:11,cash_deposit,HT,Matthew Johnson,Bag always attorney already career yourself wide.,
C9333EC7-CD1,ACC13895645,C507746,15751.92,CHF,2026-08-09T07:20:03,sepa,BI,Lisa Day,Test institution how usually.,
169503F0-8C7,ACC39587039,C571029,35248.0,GBP,2026-08-09T07:37:57,cash_deposit,RS,Carrie Khan,Value already structure small.,
033EB018-D58,ACC71662963,C662275,16757.2,USD,2026-08-09T07:47:04,swift,CF,Martin Wise,Any yes product president after ready indicate herself.,cross_border
1EE714AA-2C5,ACC69302158,C678478,8861.23,GBP,2026-08-09T08:07:27,card,CU,Kathryn Mendez,Price her site your.,
B21B9A0B-DCC,ACC71115319,C437408,4308.67,GBP,2026-08-09T09:23:56,sepa,DE,Thomas Green,Thing upon inside many two key.,
83BEA890-84E,ACC15614174,C423232,4226.78,EUR,2026-08-09T09:34:54,card,BS,Savannah Beck,Low budget politics fly impact raise boy pull.,
B18C065B-F6A,ACC90585882,C944657,14953.78,USD,2026-08-09T09:39:56,wire,TV,Stephanie Mitchell,Reach so employee.,cross_border
764F6EBE-971,ACC69476001,C947272,29446.72,EUR,2026-08-09T09:41:13,card,KP,Kim Maldonado,Human control personal.,
CADEDDB0-B58,ACC58884978,C552248,4996.95,CHF,2026-08-09T10:50:47,sepa,CF,Brian Woods,Mr west growth on point ten hundred.,
A4410E4E-EBF,ACC85146293,C526117,9983.79,GBP,2026-08-09T11:26:17,card,PT,Ronald Anderson,Wrong range perhaps meet station history.,
B9DF0CF5-124,ACC45351479,C624902,224.67,CHF,2026-08-09T11:48:33,swift,JP,Teresa Ramirez,Establish so politics eat.,cross_border
A28D5DD4-69D,ACC67062156,C329471,28022.49,EUR,2026-08-09T12:14:40,swift,JP,Mr. James Jones,Study health skill condition it recently operation.,domestic
E5D8280C-927,ACC65692629,C456385,88.23,EUR,2026-08-09T12:19:09,crypto,MM,Kevin Thompson,Also remain morning.,
9CC73EDC-580,ACC49172995,C633590,1650.4,CHF,2026-08-09T12:21:25,wire,IS,Kathleen Livingston,That list dinner leader performance strategy.,domestic
6363D953-C4A,ACC65177213,C589710,4470.57,GBP,2026-08-09T12:47:42,swift,BS,Samantha Lee,Today station make environment.,cross_border
8AC6E7AF-C31,ACC95132217,C544151,26944.22,USD,2026-08-09T13:02:15,swift,ST,William Hardy,Network through major pay administration listen.,cross_border
F2430400-E6D,ACC19289546,C897549,45126.53,GBP,2026-08-09T13:20:02,card,US,Kimberly Lloyd,Major state hard.,
4BA999D8-662,ACC95320121,C974628,3752.51,CHF,2026-08-09T13:21:04,sepa,IR,Joseph Cook,Season adult range green few you.,
E06DC007-3DA,ACC61410126,C827659,14437.89,EUR,2026-08-09T13:34:52,swift,VE,Jennifer Ferguson,Financial statement hope team offer watch do his.,cross_border
8835706D-6AD,ACC84093639,C407419,32136.2,USD,2026-08-09T13:47:22,sepa,DE,Frank Williams,Past product make of group six fish detail.,
E0A8D701-C38,ACC23492385,C973074,6117.36,USD,2026-08-09T13:53:57,cash_deposit,DZ,Richard Mitchell,Street film others probably talk increase.,
DB1945FA-978,ACC35714784,C299448,586.79,USD,2026-08-09T14:24:31,card,LC,David Williams,Range card design where.,
37F8E188-27C,ACC35583290,C728492,28834.67,GBP,2026-08-09T14:53:21,crypto,TR,Susan Scott,Somebody up unit policy.,
177E7130-43E,ACC75529051,C330080,16652.49,GBP,2026-08-09T15:04:15,crypto,UG,Alyssa Brown,Activity expert school just here nearly expect follow.,
717BC1B6-76A,ACC73083727,C464863,14158.78,USD,2026-08-09T15:15:49,wire,VA,Laura Koch,Hour wrong himself positive think run majority.,cross_border
4F28108C-52B,ACC52091325,C159942,45939.57,USD,2026-08-09T15:16:41,card,GB,Michael Spears,Now sound gun art.,
007D0D30-E2E,ACC47333543,C290305,2098.33,EUR,2026-08-09T15:23:51,sepa,IN,Leah Hunter,Ever accept start small soon.,
D1D2F719-C56,ACC84903294,C901577,9836.34,EUR,2026-08-09T16:07:15,swift,LU,Christopher Phillips,Ball sea sometimes second return Mr process.,domestic
4D37A9CB-962,ACC77827638,C731262,2186.29,USD,2026-08-09T16:18:40,card,SZ,Robert Pearson,Painting may whatever late specific study.,
9255D3DD-A63,ACC46540265,C624783,1977.61,GBP,2026-08-09T16:19:02,card,IE,Sara Terry,Rock type theory identify.,
334EF0D5-8C5,ACC12614124,C217301,38670.23,EUR,2026-08-09T16:29:28,cash_deposit,ET,Mia Flowers,Item lawyer why society.,
34243418-A01,ACC63121477,C237235,43606.13,EUR,2026-08-09T16:51:21,crypto,TM,Kaitlyn Jones,Many control agent statement first two.,
71D28994-E55,ACC75529051,C330080,22136.67,EUR,2026-08-09T17:15:47,wire,BB,Emily Arnold,We network case.,domestic
EF1AF9CC-465,ACC19233013,C356150,36777.39,CHF,2026-08-09T17:18:02,swift,SA,Mark Gallegos,Which thing serious open worry.,domestic
4515844D-088,ACC96098221,C634150,8592.14,EUR,2026-08-09T17:30:22,card,KW,Anthony Lawson,May grow present other leave back.,
BA740ED6-B2C,ACC25312516,C962050,635.96,EUR,2026-08-09T17:41:40,sepa,SZ,Kimberly Aguilar,Window change ahead industry thing subject.,
A629CD22-252,ACC73123515,C120324,20410.27,EUR,2026-08-09T17:55:24,swift,RU,Nancy Brooks,Into page study democratic sign list.,domestic
E776CDE1-B5D,ACC24508349,C501124,21251.47,USD,2026-08-09T17:58:58,swift,LV,Claire Mcmillan,Research I but agent part home.,domestic
A0E67E0E-CF5,ACC88320463,C518801,3979.45,EUR,2026-08-09T18:06:14,crypto,PG,John Calderon,President cold art two event.,
9DC415E6-09F,ACC65682626,C527398,7924.61,GBP,2026-08-09T18:07:25,card,SE,Debra Lee,Republican agent yes need scientist.,
6D97595B-6BA,ACC95822412,C216739,24888.39,USD,2026-08-09T18:11:22,card,CN,Steven Flynn,Together decide economic.,
EA5CE94A-246,ACC86460539,C358175,45256.12,CHF,2026-08-09T18:30:13,wire,SG,Gregory Barker,Southern sea anyone trouble wish available.,cross_border
F2A9B9CC-6AE,ACC64038913,C863587,5725.18,EUR,2026-08-09T18:38:52,sepa,CY,Cynthia Munoz,Trade result individual side place.,
2E3470EA-5D2,ACC54058573,C392136,12727.12,EUR,2026-08-09T18:41:21,swift,VE,Kevin Anderson,Eat avoid lose top.,cross_border
35C69DF8-D3E,ACC21819185,C429795,33251.86,CHF,2026-08-09T18:59:29,sepa,MG,Mark Byrd,Trial nature toward anyone employee hear.,
1B86B0CF-93A,ACC64038913,C863587,217.84,GBP,2026-08-09T19:48:41,wire,QA,Isaac Weaver,City vote time easy free.,cross_border
0F24A27E-84F,ACC95758349,C632323,14187.74,CHF,2026-08-09T20:09:45,sepa,KZ,Maria Figueroa,Record night choice black heart.,
C7B93B18-4D4,ACC94120751,C350867,24643.23,USD,2026-08-09T20:40:08,sepa,NO,Ashley Davis,Actually maintain peace soon second.,
BB31EC3E-D3F,ACC68186525,C479781,37966.88,EUR,2026-08-09T20:44:51,crypto,IE,Laura Thompson,Need sister wife get.,
5258C7E9-66B,ACC54058573,C392136,185.38,CHF,2026-08-09T20:56:36,swift,SI,Lisa Duncan,Establish move affect father fall.,cross_border
6800CCBF-F5E,ACC94120751,C350867,32019.26,GBP,2026-08-09T21:15:55,wire,KI,Jennifer Francis,Economy police game third finish receive.,domestic
C390591F-967,ACC97971488,C623481,9992.47,USD,2026-08-09T21:34:28,sepa,ID,Michael Webster,Turn day top continue.,
3AC59EEA-6EF,ACC76500726,C402218,19477.1,USD,2026-08-09T21:41:50,card,TL,Joshua Contreras,Modern system either media.,
331E439F-ACC,ACC83932360,C114338,5542.03,EUR,2026-08-09T22:17:03,wire,CZ,Kristina Willis,Wall wrong between.,cross_border
C8699ADF-148,ACC82383095,C891952,24213.73,USD,2026-08-09T23:03:22,card,MY,Michele Hill MD,Statement tell until young place make list.,
A8D2448B-6E1,ACC87267850,C498858,45882.92,GBP,2026-08-09T23:13:52,card,AO,Maria Johnson,Best eight mean.,
2727AB85-48B,ACC32097220,C497382,24667.84,GBP,2026-08-09T23:17:53,swift,NP,Juan Wright MD,Next four help blood use ok teacher.,domestic
0F6C6813-EA0,ACC64038913,C863587,12611.04,CHF,2026-08-10T00:26:44,swift,PH,Albert Lawrence,Listen there upon trial.,cross_border
E4C8E3C0-33D,ACC19233013,C356150,4751.36,EUR,2026-08-10T00:38:05,swift,CU,Mary Nielsen,Where such organization coach sign tough since.,cross_border
F932769A-0ED,ACC65259205,C941204,24606.74,USD,2026-08-10T00:52:13,wire,ER,Zachary Wilkerson,Religious challenge place.,cross_border
424C66A0-842,ACC49172995,C633590,15935.18,CHF,2026-08-10T01:21:24,card,BN,Katherine Thomas,Technology walk surface opportunity wonder reveal.,
8CCACCD5-162,ACC68461818,C965845,17190.11,USD,2026-08-10T02:38:50,cash_deposit,GW,Stephanie Ali,Party above half most page.,
55C4B3D0-AB7,ACC45551614,C246413,42244.25,EUR,2026-08-10T02:46:18,card,US,Jonathan James,Provide car throughout American conference college.,
FC05CC0F-C33,ACC21267237,C773971,27407.17,USD,2026-08-10T02:46:27,card,LA,Kimberly Ray,Laugh heart born song money worker.,
E7F861ED-F8C,ACC89864260,C171262,14656.17,CHF,2026-08-10T02:53:16,cash_deposit,PK,Jasmine Jimenez,Share southern stop customer.,
FB3767DE-708,ACC17634247,C632496,9994.92,USD,2026-08-10T03:02:51,card,KM,Thomas Webb,Role assume control leg.,
EC1F2B1F-18F,ACC40742311,C961722,9987.55,USD,2026-08-10T03:26:49,card,VN,Matthew Smith,Anyone film soldier lay color opportunity stand blood.,
89D0BC2D-0F4,ACC85146293,C526117,18191.85,EUR,2026-08-10T04:14:19,card,LU,Jessica Stanley,Think often let picture trip allow.,
9F1E6897-3ED,ACC72732043,C233827,42457.27,CHF,2026-08-10T04:22:40,sepa,ID,Brian Wade,Gun never our report accept stop sport.,
16A58978-0C7,ACC36786211,C956253,16389.42,GBP,2026-08-10T04:23:53,wire,RU,Alexandra Fisher,Itself will down let certain page able.,domestic
BC83F299-C29,ACC75529051,C330080,45749.18,GBP,2026-08-10T04:46:11,swift,MM,Charles Ross,Thus role wife science rather admit kid discuss.,domestic
EF18A8E5-054,ACC35487660,C411120,34238.83,CHF,2026-08-10T04:49:45,cash_deposit,GD,Aaron Duran,New including education add though bring himself.,
546167F4-0EF,ACC85543051,C418594,48379.84,EUR,2026-08-10T04:56:28,wire,US,Lisa Thomas,Save nor even cover painting attention organization.,domestic
EB2F338B-9FA,ACC38408562,C576786,41607.93,EUR,2026-08-10T05:16:03,card,MK,Erin Gonzalez,Kitchen paper everyone success plant push.,
50702796-272,ACC61410126,C827659,38976.58,EUR,2026-08-10T05:38:12,crypto,BH,Curtis Garcia,Suggest let challenge simply a book.,
A4DA69C3-39B,ACC81503856,C549186,42146.67,GBP,2026-08-10T05:39:31,cash_deposit,TN,Troy Phillips,Then represent environmental we near agency.,
A72809DE-BFA,ACC67062156,C329471,44972.27,EUR,2026-08-10T05:56:02,swift,MX,Beth Porter,Sure cause job forget fly continue.,domestic
6C7F1246-94D,ACC36757737,C979995,15793.03,CHF,2026-08-10T06:08:18,cash_deposit,AF,Jessica Kelly,Their final wall very eat area listen million.,
F58A6108-029,ACC71662963,C662275,41086.05,EUR,2026-08-10T06:11:32,card,JO,Jasmine Frye,Whole approach season data than team.,
FEFC1DFB-265,ACC50071487,C978157,21959.79,EUR,2026-08-10T06:14:25,swift,GH,Charles Rangel,Crime just one direction become leave.,cross_border
6F1C9A37-93F,ACC42194159,C282256,46570.47,CHF,2026-08-10T06:23:51,cash_deposit,TJ,Alison Wells,Table order method consumer your oil can.,
8D2BFE36-ED7,ACC35848226,C430876,25043.8,EUR,2026-08-10T06:33:52,swift,CU,Jessica Raymond,Already himself pattern billion value campaign.,cross_border
F535A9FB-6A1,ACC38470244,C472060,788.62,CHF,2026-08-10T06:41:13,card,MU,Andrea Gray,Majority indicate west notice.,
853FBF06-2CA,ACC35583290,C728492,9980.21,CHF,2026-08-10T06:52:56,card,HT,Henry Gilbert,Let ever join.,
F312865A-550,ACC46817443,C147726,26982.7,GBP,2026-08-10T06:55:57,card,ZA,Jenna Smith,Evening hospital blue action best.,
284BD861-98A,ACC45570755,C455007,22324.2,GBP,2026-08-10T07:21:37,wire,BD,Paul Lee,Course any so less style.,cross_border
CEBC67A0-C93,ACC22534217,C958179,31862.3,CHF,2026-08-10T07:41:06,sepa,MD,Betty Harris,Ability American word song.,
635A19F0-670,ACC45551614,C246413,13135.27,CHF,2026-08-10T07:56:10,card,TN,Sylvia Palmer,Interesting behind produce nothing effect effort bank.,
23487621-955,ACC24508349,C501124,41755.98,CHF,2026-08-10T07:57:38,card,BF,Travis Schneider,Lawyer director explain which drive author thus.,
5B603815-FC5,ACC65682626,C527398,16669.5,GBP,2026-08-10T09:05:34,cash_deposit,MD,William Mckinney,Whatever million statement it soon opportunity.,
742D1FEF-A86,ACC50071487,C978157,30453.11,CHF,2026-08-10T09:24:52,swift,AD,Elizabeth Shelton,Dark ok their bad how.,domestic
2DBCC647-BE7,ACC55176955,C207175,19198.47,GBP,2026-08-10T09:31:23,card,RU,Mark Copeland,Buy tax kid.,
62440551-EA9,ACC99038359,C989208,39433.1,EUR,2026-08-10T09:51:55,crypto,TD,Christina White,Democratic air sell front movement.,
14A148FB-07E,ACC97971488,C623481,6070.66,EUR,2026-08-10T10:14:07,wire,MK,Joseph Mayer,Create physical share out cold follow first.,cross_border
9CB00AA3-972,ACC22660194,C201639,29961.69,EUR,2026-08-10T10:14:07,wire,RS,Bruce Black,Total fall clear face.,cross_border
CC62DC75-93F,ACC39958838,C246316,34059.86,GBP,2026-08-10T11:00:09,sepa,TM,Natasha Wall,Simply discover soon despite couple.,
22ACAFFD-5FE,ACC42194159,C282256,41923.48,USD,2026-08-10T11:17:07,swift,KG,Savannah Mcdonald,Actually loss move.,cross_border
A21FDBEF-F0F,ACC91178885,C320861,36960.83,GBP,2026-08-10T11:18:35,cash_deposit,PT,Tracy Chaney,Suggest soon become enter talk south beyond.,
A73D5870-BDD,ACC84813739,C361303,12930.59,GBP,2026-08-10T11:31:45,sepa,LY,Jacob Wolf DDS,Scene east contain approach once.,
629162B2-42E,ACC83932360,C114338,20826.5,EUR,2026-08-10T12:12:31,swift,JP,Diana Mason,Growth clear bring develop exactly strategy reflect.,domestic
674AAD21-135,ACC73771720,C740967,9997.27,GBP,2026-08-10T12:16:05,cash_deposit,LA,Amber Williams,Unit moment world anything official.,
DA26D307-93B,ACC42194159,C282256,7368.77,EUR,2026-08-10T12:23:26,wire,GH,Katherine Osborne,Onto where action firm.,cross_border
5529ED2F-4E5,ACC47346970,C888539,19021.41,CHF,2026-08-10T12:29:48,wire,SY,Dawn Shaw,Heavy first glass study college finally.,domestic
F23FE0ED-AB9,ACC38195995,C815198,11185.45,GBP,2026-08-10T12:56:57,crypto,IN,Timothy Thomas,Bank later campaign church.,
201B6807-61D,ACC12614124,C217301,20432.12,EUR,2026-08-10T13:00:05,swift,AD,Gregory Campbell,Program shoulder choice beat establish you culture.,cross_border
441F00F0-BE0,ACC73123515,C120324,17319.39,EUR,2026-08-10T13:04:27,card,ZM,Bailey Hanson,Trouble foreign lot total meet a.,
6B9ADCC5-5FE,ACC73900135,C777278,37034.22,USD,2026-08-10T13:12:41,card,HT,Rachel Hopkins,Now part fly project a agreement.,
41D3BDF9-E91,ACC42614537,C922733,5542.18,USD,2026-08-10T13:17:42,cash_deposit,AT,Theresa Conrad,Knowledge rock which best happy.,
1754BA08-C92,ACC96098221,C634150,4457.08,GBP,2026-08-10T13:21:30,card,BY,Lindsay Washington,Modern newspaper Mrs debate exactly wind hospital.,
AC479CF4-C85,ACC88183110,C679364,5834.47,USD,2026-08-10T13:23:24,wire,IR,Felicia Kramer,Box traditional forget seat benefit attorney remember travel.,domestic
E5DF7550-C62,ACC82383095,C891952,25988.56,USD,2026-08-10T13:24:04,crypto,MM,Melissa King,Push short age environment fall indicate.,
640888B9-E77,ACC39042654,C874483,43814.88,GBP,2026-08-10T13:25:32,crypto,MW,Stephen Arnold,Account message black place.,
D58C4BF4-0E0,ACC35487660,C411120,15531.25,CHF,2026-08-10T13:30:42,swift,MA,Jerry Rogers,Hair however deal consumer.,domestic
B72C239B-F7E,ACC67062156,C329471,13440.73,GBP,2026-08-10T13:38:08,wire,TW,Patricia Shepard,Property we city well white.,cross_border
1DFAA8E8-BEB,ACC81621574,C498468,43402.23,GBP,2026-08-10T13:38:25,cash_deposit,CU,Jessica Preston,Include lawyer song knowledge.,
5F9C42FD-7B3,ACC52091325,C159942,8185.51,USD,2026-08-10T14:01:52,cash_deposit,KN,Patricia Stark,Movement space page democratic natural heart wall.,
8E41C27B-BE2,ACC51098277,C796212,5786.18,EUR,2026-08-10T14:25:19,card,EC,Teresa White,Figure mind probably.,
7EF28143-9D4,ACC35714784,C299448,49513.08,CHF,2026-08-10T14:59:47,wire,GY,Lisa Wilkerson,Much base modern behavior end.,domestic
498FAE28-5EF,ACC61410126,C827659,43429.0,EUR,2026-08-10T15:21:52,crypto,CM,Emily Rowe,Shoulder parent city in scientist computer.,
C6B49A9E-E53,ACC49392920,C555884,5610.11,USD,2026-08-10T15:27:21,swift,BW,Joseph Graves,Develop international article interview appear.,cross_border
363BA1BF-343,ACC44188276,C146542,23145.33,EUR,2026-08-10T15:41:18,card,LT,Jason Thornton,According marriage should paper public type.,
60CD6CE4-BAC,ACC39587039,C571029,2271.67,CHF,2026-08-10T15:55:38,cash_deposit,MZ,Chloe Tran,Hit late near stay.,
1CE18760-8CE,ACC41329612,C377405,35768.56,CHF,2026-08-10T16:11:27,cash_deposit,AT,Wanda Odonnell,Yard soon sign close compare gas raise laugh.,
D56D9E11-AEE,ACC90014570,C835244,374309.7,GBP,2026-08-10T16:13:53,swift,CN,Aaron Carter,Image leader heavy choose article stock rather.,domestic
CA721D2B-56B,ACC70467027,C564226,34992.17,USD,2026-08-10T16:42:52,cash_deposit,SI,Phillip Ferguson,Wind fire table growth range east.,
2F01BD85-C30,ACC81621574,C498468,35032.42,GBP,2026-08-10T16:49:58,cash_deposit,GY,Sherry Lowe,Paper church ok include than.,
DADC0E75-5A2,ACC73771720,C740967,41068.68,EUR,2026-08-10T17:19:43,swift,JP,Ronnie Hale,Take affect pull sound our television.,cross_border
1F529545-E08,ACC88320463,C518801,20984.89,USD,2026-08-10T17:36:22,cash_deposit,CL,Paul Willis,Meet mean we especially five network assume.,
8C4D547A-30E,ACC67110154,C882169,40726.42,EUR,2026-08-10T17:47:30,cash_deposit,GQ,Cynthia Young,News phone total visit decide what city yeah.,
86C7B463-39E,ACC38408562,C576786,32847.79,GBP,2026-08-10T17:54:41,card,BS,Jeremy Bush,Others term whatever herself.,
DB65EA4F-234,ACC22130508,C555052,2695.0,CHF,2026-08-10T18:08:06,card,UA,David Meyer,Never around investment full order seat.,
79B1657A-DA4,ACC77827638,C731262,16067.36,CHF,2026-08-10T18:18:32,swift,ID,Shelly Spencer,Represent middle by base.,domestic
3203EC3D-9E8,ACC22489409,C408528,23570.07,GBP,2026-08-10T18:26:34,swift,RS,John Romero,Area change sell our.,cross_border
8997AF8B-6A1,ACC19528530,C842225,21401.53,USD,2026-08-10T18:54:15,sepa,SO,Melinda Hamilton,Model condition he recognize treat better wear.,
E155F734-0A7,ACC40742311,C961722,27609.73,GBP,2026-08-10T18:57:14,crypto,SZ,Casey Floyd,Method audience dog know often industry section.,
E191F7AF-CF7,ACC61642594,C500156,5717.84,GBP,2026-08-10T19:12:35,wire,GR,Patty Gates,Federal spring treatment city again hot.,cross_border
856F9AAB-113,ACC68812137,C974244,26143.8,GBP,2026-08-10T19:19:27,card,LV,Heather Lee,Local expect always response.,
69E8D244-354,ACC64247457,C639593,15685.23,GBP,2026-08-10T19:28:33,swift,CR,Katherine Cruz,Standard hit necessary security night.,cross_border
A1A5BAC0-00D,ACC13471527,C195763,41835.85,EUR,2026-08-10T19:34:12,cash_deposit,BD,Dawn Wilson,Of evidence each source mention throughout.,
EF42DDF5-697,ACC35487660,C411120,41865.3,GBP,2026-08-10T20:46:47,card,OM,Brandy Williams,Audience involve finish address whatever eight red.,
0D31B6C7-925,ACC86483924,C739979,25793.09,USD,2026-08-10T21:00:37,wire,UZ,Amanda Garrett,Guess reality opportunity measure.,cross_border
A0882952-EB6,ACC71070189,C399105,870.45,USD,2026-08-10T21:19:06,cash_deposit,DM,David Moss,Garden involve recent role term mother leave.,
9E7EC1E5-535,ACC64247457,C639593,2874.21,USD,2026-08-10T21:20:51,cash_deposit,SB,Nicholas Miller,Individual best movement actually.,
5E7077B1-1B7,ACC50071487,C978157,9986.36,CHF,2026-08-10T21:21:13,wire,ID,Phillip Sanchez,At democratic outside serve learn read full.,domestic
7E794595-656,ACC51098277,C796212,48304.74,USD,2026-08-10T21:29:04,cash_deposit,ZW,Andrew Taylor,Statement environmental lead simple.,
B3A4B504-451,ACC25480907,C373903,32161.12,CHF,2026-08-10T21:36:32,wire,MW,Michael Bowers,Project seek bar force.,cross_border
988BCC29-7A0,ACC19736572,C109767,8376.66,GBP,2026-08-10T21:46:41,card,VC,Joshua Adams,Special relationship much.,
776A64CE-A1C,ACC19736572,C109767,9975.34,EUR,2026-08-10T22:02:34,card,AR,Justin Boyd,Beautiful bed these traditional customer tough nothing.,
DE98936D-2D1,ACC19289546,C897549,15146.97,CHF,2026-08-10T22:32:41,card,CA,Jason Sampson,Evidence data case wish discover score decision.,
1169A196-278,ACC72732043,C233827,28417.28,GBP,2026-08-10T23:18:06,wire,BZ,Gabriel Henderson,Far cold cover third.,domestic
0C6228A0-CFA,ACC22130508,C555052,34551.78,CHF,2026-08-10T23:28:03,card,MC,Cindy Smith,Amount foreign figure scientist.,
738E7B4B-F62,ACC94525678,C703634,35929.13,EUR,2026-08-10T23:48:54,card,CU,Tracey Jones,Culture next evidence area time grow.,
56396C44-F87,ACC78387461,C617488,26259.77,USD,2026-08-10T23:57:56,wire,TJ,Craig Gonzalez,Size game property reason word.,cross_border
387324BF-F87,ACC22489409,C408528,24300.08,USD,2026-08-11T00:04:05,wire,VA,Richard Goodman,Others you drop avoid which decade according ever.,domestic
A0D9322E-3B8,ACC53536830,C934816,44251.07,USD,2026-08-11T00:05:32,cash_deposit,GR,Samantha Thomas,Tonight bit strong interview.,
BA3D2074-267,ACC50071487,C978157,39662.76,USD,2026-08-11T00:51:43,card,IL,Patricia Davis,Avoid image politics push cut about.,
D6CC08D8-AE7,ACC49172995,C633590,23247.76,EUR,2026-08-11T00:56:18,wire,SM,Andrew Stevens,Pressure environment recently education firm theory simple.,cross_border
2B10E678-285,ACC65259205,C941204,9976.06,USD,2026-08-11T01:03:31,wire,DE,Michael Donovan,Age will truth security.,domestic
17BD3CB1-228,ACC73481797,C839485,37386.37,CHF,2026-08-11T01:37:57,wire,FM,Hailey Baker,Participant sort long movie structure.,domestic
C594FBAC-A90,ACC87267850,C498858,48532.77,EUR,2026-08-11T01:46:58,wire,AE,Casey Barker,Father leave history water indeed question vote contain.,cross_border
E8E4AB59-36A,ACC65259205,C941204,29957.35,USD,2026-08-11T02:00:57,sepa,BB,Toni Brown MD,Country camera parent staff find church.,
006D6305-660,ACC76344695,C992288,39401.43,USD,2026-08-11T02:03:05,crypto,KP,Jeffrey Griffin,Free alone fly will five somebody.,
B56CB69A-05B,ACC54058573,C392136,1541.44,CHF,2026-08-11T02:17:01,cash_deposit,ZW,Ryan Russell,Feeling later major success relationship.,
8403A31E-BF8,ACC82287061,C607868,18465.84,CHF,2026-08-11T02:23:47,card,ME,Adrian Choi,History near job fill direction travel worker.,
C0719B56-983,ACC24549543,C725550,37523.12,EUR,2026-08-11T02:42:46,cash_deposit,MD,Susan Hale,Sister most upon appear.,
E394956B-4B4,ACC81621574,C498468,34837.05,EUR,2026-08-11T02:59:37,wire,IR,James Cameron,Because indeed some.,domestic
085AEDFC-8BA,ACC95758349,C632323,34555.62,GBP,2026-08-11T03:12:12,sepa,VN,Clinton Reese,Painting baby realize local present if herself.,
70F36C38-384,ACC83534128,C567574,13406.55,GBP,2026-08-11T03:14:06,wire,IE,Matthew Johnson,Myself bag east work miss.,domestic
44CB4324-BA6,ACC45935572,C169403,29054.6,EUR,2026-08-11T03:19:18,swift,SE,Heather Hernandez,Hard health expect goal within them.,cross_border
680B14CF-9D8,ACC82383095,C891952,39146.25,CHF,2026-08-11T03:19:21,wire,CL,Michael Edwards,Everyone system pretty scene four public tonight.,cross_border
884A4170-A5E,ACC20099059,C824586,43973.51,CHF,2026-08-11T03:26:40,card,DE,Melissa Nelson,Response house hundred role.,
F14BCBDC-9A8,ACC42194159,C282256,13114.39,GBP,2026-08-11T04:18:30,cash_deposit,PT,Austin Torres,Both tonight miss matter.,
C4EDBFE7-E68,ACC58436637,C288158,18388.78,EUR,2026-08-11T04:33:27,swift,BT,Jeremiah Figueroa,Southern Mrs including kitchen Republican red.,cross_border
CBC6E4E9-6FF,ACC77834855,C612262,2573.82,EUR,2026-08-11T04:38:29,swift,TO,Robert Hines,First evening son my point argue.,domestic
365577FC-FA4,ACC44188276,C146542,29550.82,USD,2026-08-11T04:58:01,card,BY,Kelly Owen,While economy quality today.,
E27DA558-A39,ACC63640499,C355836,6131.22,USD,2026-08-11T05:14:12,card,PY,Devin Berger,Establish rock choice thousand south light agreement.,
46414230-145,ACC77827638,C731262,47670.65,CHF,2026-08-11T05:17:05,crypto,BY,Dustin Newman,Past medical leg never.,
7B25AB73-483,ACC47346970,C888539,26431.2,USD,2026-08-11T05:17:57,swift,IL,Shawn Alvarado,Increase body rock man table they school.,cross_border
2A785368-0DD,ACC82498004,C184491,45749.82,GBP,2026-08-11T05:38:52,cash_deposit,LR,Darren Marquez,Seek outside discuss over draw.,
16F98445-C06,ACC19233013,C356150,18437.9,EUR,2026-08-11T06:18:36,cash_deposit,IS,Felicia Gordon,Same most stop must win fly.,
28E955AE-041,ACC77834855,C612262,18708.04,USD,2026-08-11T06:40:56,card,KZ,Jason Gomez,Blood compare either few attention mention.,
6D178193-A85,ACC19233013,C356150,248003.41,EUR,2026-08-11T06:46:52,swift,TT,Gary George,Traditional particularly pass week brother drug.,cross_border
B5A6CD74-89A,ACC38408562,C576786,13489.36,EUR,2026-08-11T06:47:30,card,QA,Misty Baldwin,Every course toward late increase agree matter.,
A124ACE7-D65,ACC22489409,C408528,9979.7,USD,2026-08-11T06:53:37,card,CV,John Cooper,End act and poor.,
37CAFF2F-DE8,ACC61642594,C500156,17582.31,USD,2026-08-11T07:10:58,wire,MN,Tammy Fitzgerald,Local TV guess religious agreement.,domestic
DE9CE50D-3EE,ACC97260863,C171951,22944.3,USD,2026-08-11T07:36:02,wire,SM,Patricia Cherry,Cut third amount leave.,cross_border
011C6D8E-E8E,ACC71662963,C662275,29325.99,CHF,2026-08-11T07:54:10,card,ZW,Donald Juarez,Office citizen size sister.,
4C4E9C38-A06,ACC35583290,C728492,40311.96,GBP,2026-08-11T08:21:03,swift,PA,Andrea Dorsey,Wonder third help source weight fact.,cross_border
0DFD1E99-6C3,ACC84411983,C233470,23107.55,CHF,2026-08-11T08:31:21,sepa,NR,Lisa Johnson,Many truth fall visit religious.,
DBD0A283-0BD,ACC84411983,C233470,9990.16,EUR,2026-08-11T08:40:52,wire,GR,Ryan Price,Generation well he kitchen drop.,domestic
89BF0655-8BD,ACC69476001,C947272,19966.99,GBP,2026-08-11T08:43:52,wire,NI,Sharon Silva,Society last kind fear cold manage.,domestic
11B55BBD-E17,ACC21490777,C353080,8140.61,EUR,2026-08-11T08:58:51,sepa,KG,Jennifer Sanchez,Benefit guy recent store.,
7770681E-00B,ACC58181396,C988662,29852.57,EUR,2026-08-11T09:14:55,swift,IT,Kaitlyn Howard,Yourself wind beyond prevent entire staff true argue.,cross_border
8C6B5FBB-17A,ACC68812137,C974244,19882.97,EUR,2026-08-11T09:27:43,cash_deposit,PH,Scott Henderson,Nation husband rich ahead.,
84FC0771-280,ACC24366125,C878480,12743.74,CHF,2026-08-11T09:30:27,cash_deposit,DM,Cynthia Johnson,Career part fund read should least.,
C1B79C5B-014,ACC44392446,C904150,41242.95,USD,2026-08-11T09:32:54,wire,HT,Jacob Francis,Ten begin girl next itself significant rather.,cross_border
6F7C3911-D9C,ACC66722344,C456778,46729.79,EUR,2026-08-11T09:34:37,wire,BA,Sara Jones,Share include successful.,cross_border
248728C7-D53,ACC87282128,C810250,35181.84,GBP,2026-08-11T10:46:50,sepa,RW,Alexandria Thompson,Friend traditional dark probably.,
9E0D8E1F-902,ACC63640499,C355836,17431.31,GBP,2026-08-11T10:53:12,wire,SB,Kristine Perry,Boy administration brother leg.,domestic
90486741-CFE,ACC83534128,C567574,30214.31,USD,2026-08-11T10:56:38,wire,CZ,Heather Chapman,Mother model new six.,domestic
77211C98-A51,ACC36757737,C979995,3852.22,USD,2026-08-11T10:58:49,card,ER,Benjamin Cooper,Clear smile morning six true several.,
D76630A0-723,ACC58436637,C288158,10228.65,EUR,2026-08-11T11:06:23,wire,SC,Mr. Anthony Scott,Significant respond quality investment both least onto.,domestic
4AEAE300-5B6,ACC33763566,C532322,33203.78,EUR,2026-08-11T11:07:18,swift,GE,Amy Johnson,Number everyone almost.,domestic
473FBB05-057,ACC65692629,C456385,22270.79,USD,2026-08-11T11:31:19,sepa,VE,Eric Jensen,Everyone your occur discuss western gun.,
4169CB95-792,ACC95758349,C632323,14499.91,EUR,2026-08-11T11:32:48,crypto,CG,Heather Atkinson,Far century table will.,
7B13B50E-92A,ACC22660194,C201639,11039.75,EUR,2026-08-11T11:46:10,card,NE,Amanda Flores,Agree public us hospital paper term.,
ABE5948B-308,ACC46817443,C147726,45378.14,GBP,2026-08-11T12:15:42,card,MM,Karen Barnes,Like throughout join none task reality today board.,
DEF62492-A21,ACC54769200,C908577,20673.66,USD,2026-08-11T12:19:49,wire,DE,Craig Coleman,Not provide magazine voice option day myself.,cross_border
94437D32-2BC,ACC41348220,C997594,1597.11,USD,2026-08-11T12:27:45,card,LS,Catherine Mcdonald MD,Area machine newspaper keep operation expect west.,
4D703FDC-7BE,ACC95758349,C632323,5129.87,USD,2026-08-11T12:32:00,wire,DE,Amanda Potter,Civil how interest way lawyer represent election.,cross_border
9B3DE2FB-6D7,ACC41244663,C205907,48266.74,USD,2026-08-11T12:39:12,wire,YE,Matthew Miles,Call discussion word small.,cross_border
C31D41D8-7B7,ACC11698142,C990844,47923.47,CHF,2026-08-11T12:42:39,crypto,HT,Fernando Poole,Two camera beyond knowledge reduce might a.,
97C7EAC0-99D,ACC82498004,C184491,16152.0,USD,2026-08-11T12:50:39,card,SZ,James Smith,Opportunity PM kind partner friend memory.,
871E8640-826,ACC69476001,C947272,11208.82,USD,2026-08-11T12:51:47,swift,TJ,Sandy Todd,Even candidate suddenly.,domestic
9F9C2706-134,ACC71115319,C437408,1299.29,EUR,2026-08-11T12:52:00,swift,TO,Brianna Meyer,Someone do particular board.,cross_border
8A85383A-982,ACC76344695,C992288,15609.4,EUR,2026-08-11T12:59:16,wire,RS,Nicholas Moore,Put so toward quality until pressure.,cross_border
5103B281-985,ACC41068214,C402099,25873.95,EUR,2026-08-11T13:10:10,cash_deposit,GM,Tonya Murray,Drop particularly right.,
AAFB9590-922,ACC43273328,C335612,40896.63,EUR,2026-08-11T13:11:55,crypto,SM,Kayla Smith,Yet where their force much executive.,
B49F9872-B04,ACC54769200,C908577,42934.26,GBP,2026-08-11T13:52:47,sepa,SE,Jennifer Evans,List yeah despite identify ok.,
6D4DBC85-441,ACC64247457,C639593,48914.88,GBP,2026-08-11T13:57:56,cash_deposit,LK,Angela Thompson,Point need box western vote able manager.,
8A58C211-DBB,ACC14265799,C131244,42222.98,USD,2026-08-11T14:27:17,card,AT,Dr. Jessica Rodriguez DDS,Available ball part assume every plan.,
AF8096F9-A9D,ACC88961459,C680828,485.23,USD,2026-08-11T14:37:50,card,UZ,Mrs. Jacqueline Jackson,Actually force fill son nothing hear attorney.,
0376C463-0B6,ACC11698142,C990844,2906.36,EUR,2026-08-11T14:45:10,crypto,PH,Pamela Nelson,Science much have series last again.,
8445A7F8-D71,ACC94120751,C350867,21742.01,CHF,2026-08-11T15:13:24,card,HT,Jacqueline Campbell,Practice economic present ten approach Congress administration.,
2B919A0B-5D7,ACC54058573,C392136,22733.06,CHF,2026-08-11T15:14:47,crypto,RS,Jessica Cox,Watch different cultural what range.,
396AFB19-DF7,ACC88183110,C679364,34422.95,USD,2026-08-11T15:23:51,cash_deposit,SZ,Calvin Holmes,Interview why above name stand.,
D17A3CBB-119,ACC25480907,C373903,47870.06,USD,2026-08-11T15:52:13,card,RU,Dylan Meyer,Outside theory her player on million even.,
16AE3A1C-3A3,ACC18357162,C316881,47149.81,USD,2026-08-11T16:03:58,card,HR,Juan Hicks,Score suffer community adult be.,
D7A6A878-A37,ACC41068214,C402099,29050.7,EUR,2026-08-11T16:06:35,crypto,PT,Mark Sexton,Fact decision beat middle contain.,
E5E7AB6C-D34,ACC36726767,C254511,37379.45,USD,2026-08-11T16:13:04,card,FR,Stephanie Simmons,But high make officer notice while offer.,
4D089EA7-3F1,ACC99788677,C608993,30111.2,USD,2026-08-11T16:18:19,wire,BI,Gregory Quinn,Sense involve purpose together knowledge with purpose five.,cross_border
A65B28BA-23B,ACC82287061,C607868,9985.59,CHF,2026-08-11T16:46:35,wire,TG,Michael Park,Girl capital commercial method want.,cross_border
F8E86D32-027,ACC32097220,C497382,11073.29,GBP,2026-08-11T16:52:56,card,NO,Kyle Mullins,Space debate fire improve remember call method.,
EA1B3BDF-AD3,ACC17774584,C352572,47371.45,USD,2026-08-11T17:01:15,card,BI,Ashley Bradford,Kid hear piece ahead.,
DF887991-ACF,ACC49172995,C633590,27916.68,GBP,2026-08-11T17:05:27,card,UG,Caroline Christensen,Lose themselves boy you.,
41B35417-505,ACC73380266,C355570,40363.66,CHF,2026-08-11T17:17:33,card,NZ,Frederick Johnson,He new serve offer Republican ready glass.,
2E3AC488-A5D,ACC17774584,C352572,46534.07,USD,2026-08-11T17:57:26,wire,HR,Benjamin Gould,Reflect she along wonder wear our partner ball.,cross_border
39892940-CCF,ACC83534128,C567574,17222.21,CHF,2026-08-11T18:13:08,card,TR,Ariel Mullins,Start friend imagine somebody I.,
BA76D2D5-53E,ACC42194159,C282256,34886.06,CHF,2026-08-11T18:13:40,wire,TV,Edward Morse,Easy call gas pull production again black.,cross_border
FD9CD8F8-A01,ACC98231132,C712024,29814.26,EUR,2026-08-11T18:14:06,swift,VA,James Terry,State series value tax.,cross_border
F1612F16-076,ACC35848226,C430876,9977.48,GBP,2026-08-11T18:22:54,swift,CI,Bryan Young,Half cultural center family none.,cross_border
B5A479B3-628,ACC33357554,C745414,22264.07,EUR,2026-08-11T18:24:03,card,MW,Brian Sosa,Fund change personal traditional.,
7C6DD4F9-0DA,ACC76344695,C992288,12354.14,GBP,2026-08-11T19:00:13,card,PG,Heather Norris,Even win sing different capital.,
A37F5096-187,ACC32775593,C790855,9987.46,CHF,2026-08-11T19:01:06,swift,DO,Lisa Rice,Weight last between sense significant.,cross_border
1EE05982-B2C,ACC24549543,C725550,44238.37,CHF,2026-08-11T19:49:34,crypto,CU,Lori Robbins,Choose including share.,
46115D92-B62,ACC61642594,C500156,25852.31,USD,2026-08-11T19:55:17,swift,SV,Stephen Robles,Right analysis mention spring.,cross_border
CE065390-879,ACC35714784,C299448,19921.35,EUR,2026-08-11T20:08:47,cash_deposit,DE,Caitlin Gray,Hear mouth range throw.,
8CC77727-8FF,ACC64038913,C863587,9996.52,CHF,2026-08-11T20:31:51,card,BT,Glenn Boyd,Create yard serious goal future home series.,
59AFF10F-871,ACC50071487,C978157,29041.44,GBP,2026-08-11T20:40:22,cash_deposit,SY,Nathan Rogers,Serve girl clearly build travel opportunity then.,
50D398E6-A1E,ACC81503856,C549186,9977.44,USD,2026-08-11T20:47:53,crypto,AE,Matthew Brown,Exactly without lawyer community employee push away.,
C734B8F7-9F8,ACC24549543,C725550,2081.03,USD,2026-08-11T21:58:35,wire,AF,Sarah Pierce,Name effect pull join.,cross_border
7B9181DF-910,ACC48349783,C345884,824.02,EUR,2026-08-11T22:01:36,cash_deposit,TL,Anna Conrad,Several level somebody air vote point interest.,
D9BD5C23-4FA,ACC41348220,C997594,39839.91,GBP,2026-08-11T22:02:51,cash_deposit,LI,Daniel Sanchez,More mind dog such strong whom American lawyer.,
8EC8D5B4-3A5,ACC20200074,C720859,43633.15,USD,2026-08-11T23:03:32,card,AT,Diana Henry,Everybody worker support no.,
BD540257-C19,ACC45570755,C455007,16050.44,EUR,2026-08-11T23:20:12,card,CF,Barbara Thomas,Last walk seem manage arrive agree nothing.,
6411BD61-95A,ACC65682626,C527398,25107.4,USD,2026-08-11T23:24:21,crypto,MX,Allen Hanson,Difficult tend choice side area sport it.,
B11634F5-CAA,ACC97225156,C491559,19801.04,GBP,2026-08-11T23:36:21,crypto,AL,Eric Walker,Part rock build culture material.,
C10861DF-2A5,ACC75181648,C604740,47759.42,CHF,2026-08-11T23:54:29,crypto,KP,Kevin Osborne,Head interesting common early look blood.,
5B3F34CB-A36,ACC22130508,C555052,108075.09,CHF,2026-08-12T00:17:52,wire,ST,Kelly Doyle,Particular water guess rock until high federal.,domestic
EC628F66-BEC,ACC13895645,C507746,40709.15,EUR,2026-08-12T00:19:18,card,CU,Dylan Jones,Such three market prepare house remember this.,
EFBE7E23-FE6,ACC21819185,C429795,9977.46,CHF,2026-08-12T00:29:14,wire,FR,Rebecca Thompson,Inside matter author call animal.,domestic
35D683C9-6E5,ACC63640499,C355836,467424.31,USD,2026-08-12T01:19:54,card,FI,Courtney Ortega,Write appear performance subject level sure toward.,
D83E4101-F79,ACC73380266,C355570,10839.35,USD,2026-08-12T01:35:09,sepa,LU,Peter Keller,Themselves who turn white quality candidate.,
498730F7-7FD,ACC45935572,C169403,34082.92,CHF,2026-08-12T01:38:41,cash_deposit,GQ,Stephen Miller,Today eye what body every recent.,
73536C3B-449,ACC71115319,C437408,28996.88,USD,2026-08-12T01:46:57,crypto,CZ,Rachel Savage,If education despite increase check participant.,
FFDF3BEC-5D7,ACC36757737,C979995,49053.68,CHF,2026-08-12T01:52:19,card,GB,Robin Davis,A chair almost against especially.,
44714121-27B,ACC35487660,C411120,16742.28,CHF,2026-08-12T01:57:35,sepa,TL,William Roberts,Democratic fight return data today budget everyone call.,
FF65438D-72C,ACC16927215,C313446,12889.08,CHF,2026-08-12T02:34:30,swift,SN,Katherine Kramer,Second blue tree approach figure yet discover heavy.,cross_border
4D7AC8CA-C03,ACC81691040,C864544,2041.31,USD,2026-08-12T03:00:32,wire,MH,Diana Johnson,Phone success number hope organization ten.,cross_border
72B5D8A6-31E,ACC65177213,C589710,39269.74,CHF,2026-08-12T03:15:34,card,HR,Tammy Brown,Spring child list air visit brother.,
1C7BFDB8-FFC,ACC53536830,C934816,38861.01,USD,2026-08-12T03:25:15,crypto,BF,Matthew Prince,Safe many compare show money goal game place.,
2FB96531-37F,ACC22130508,C555052,49674.89,USD,2026-08-12T03:47:59,sepa,MX,Laurie Jones MD,Look firm probably goal.,
46E3473A-99F,ACC95320121,C974628,17294.02,USD,2026-08-12T03:54:19,card,AG,Devon Christian,Ten affect test power discuss herself.,
6650819E-D70,ACC99508850,C528231,46203.79,GBP,2026-08-12T04:27:45,swift,CH,Jillian Nelson,Oil situation recent five contain fine brother.,cross_border
C1F9F267-C09,ACC65177213,C589710,28463.47,GBP,2026-08-12T05:00:54,wire,BB,Mrs. Donna Rice,Quality house must identify modern while wall.,cross_border
24216B0B-FD8,ACC43273328,C335612,25128.73,USD,2026-08-12T05:05:52,wire,LT,Krystal Mccann,Mother sometimes suffer because.,cross_border
975F25EC-5D0,ACC77827638,C731262,33821.38,CHF,2026-08-12T05:09:12,swift,PY,Bradley Reynolds,Speech news only no form business.,domestic
D1EAA479-A48,ACC17774584,C352572,14934.35,EUR,2026-08-12T05:12:11,sepa,CU,Mario Sawyer,Back site fear brother discover own former.,
4D99C97B-970,ACC75529051,C330080,14402.68,EUR,2026-08-12T05:12:32,swift,TN,Destiny Frost,Impact teacher school light wonder.,domestic
3407AA79-6EE,ACC19289546,C897549,4650.05,USD,2026-08-12T05:27:05,card,NZ,Logan Mckinney Jr.,Party piece doctor give most.,
92A0ECC5-1BC,ACC97971488,C623481,26061.74,GBP,2026-08-12T05:28:16,card,IR,Kiara Simmons,Somebody prepare few sound item music.,
14B6D140-CFA,ACC24549543,C725550,6772.16,GBP,2026-08-12T05:53:12,wire,LY,Maria Thomas,Especially be ask push would white lay.,domestic
8A4B6A15-7A8,ACC78387461,C617488,9998.61,CHF,2026-08-12T06:06:41,card,UG,Sara Strong,Pm eight inside right.,
DAD44951-98E,ACC88320463,C518801,38686.11,EUR,2026-08-12T06:09:29,swift,MG,Jennifer Berry,Laugh full help strong street car catch.,cross_border
CD30B724-30E,ACC25312516,C962050,10287.14,USD,2026-08-12T06:17:06,swift,MK,Bryan Allen,Old several light somebody must product own keep.,domestic
93A736E1-669,ACC57683626,C319684,34172.68,USD,2026-08-12T06:23:46,card,MU,Sarah Brown,Care reason ever money modern receive partner.,
5BF33EFA-FB7,ACC40547349,C333752,5579.07,CHF,2026-08-12T06:25:32,card,NE,Carlos Ortiz,Live person television third three keep hear.,
FDA82DAD-D04,ACC65177213,C589710,40829.78,EUR,2026-08-12T06:36:12,card,QA,Corey Weeks,Action big season no.,
F3B48010-88B,ACC76500726,C402218,40867.22,CHF,2026-08-12T06:51:45,swift,CF,William Collins,Son speech despite necessary stuff up case.,domestic
6A81935D-205,ACC66722344,C456778,18729.3,USD,2026-08-12T07:05:53,sepa,HT,Alexa Wagner,Art point value tree process administration.,
B6A338D1-77B,ACC76344695,C992288,12920.98,EUR,2026-08-12T07:19:04,sepa,AG,Monica Mcdonald,Clearly land evening drive music toward chair that.,
23E26201-639,ACC86460539,C358175,39063.58,CHF,2026-08-12T07:24:32,card,PK,Rebecca Pacheco,Before response whatever.,
60022B45-0CA,ACC63640499,C355836,29705.14,CHF,2026-08-12T07:49:57,card,SB,Herbert Wright,Green above nothing.,
22934A1C-3CD,ACC33357554,C745414,18624.55,EUR,2026-08-12T07:51:22,wire,CD,Stephanie Jarvis,Smile scientist result power true yes.,domestic
CB85D693-13E,ACC41348220,C997594,21953.92,USD,2026-08-12T08:16:57,sepa,BB,Kimberly Rodriguez,Truth each admit defense.,
B016A2C1-6C5,ACC99889098,C850981,37925.39,GBP,2026-08-12T08:40:55,sepa,BS,Cynthia Newman,Woman interview also listen movement compare trial attention.,
0AE3037D-ACD,ACC77834855,C612262,1216.75,GBP,2026-08-12T09:52:59,cash_deposit,IT,Michael Smith,Point statement little machine suddenly start.,
262809FC-1F0,ACC99038359,C989208,32091.33,GBP,2026-08-12T09:58:48,sepa,MC,Angela Garrison,Real top begin boy media.,
FF33FBA3-329,ACC26941092,C596564,28470.22,EUR,2026-08-12T10:01:50,sepa,NL,Brittany Roy,Despite message seem must financial light support.,
BA2595EC-3D3,ACC30514014,C757924,37856.32,CHF,2026-08-12T10:38:50,swift,FJ,Jasmin Harris,Process attorney arm million commercial.,domestic
944E5832-760,ACC25480907,C373903,15763.2,USD,2026-08-12T11:16:30,sepa,TW,Ashley Hodge,Plant fine we game beat region church.,
1BEDD863-6BE,ACC84813739,C361303,22718.54,EUR,2026-08-12T11:31:55,card,TM,Lindsey Munoz,Determine try read.,
6213C6CD-131,ACC71115319,C437408,15227.02,EUR,2026-08-12T11:46:26,card,RU,Nicole Williams,Time middle sound although area top.,
193F5A68-A8A,ACC19736572,C109767,27741.95,USD,2026-08-12T11:53:52,sepa,SC,Michael Conway MD,Pm cover find week develop yet.,
06825D6F-2E6,ACC94120751,C350867,8481.59,USD,2026-08-12T12:23:02,card,SE,Patrick Rodriguez,Half indeed indicate teacher increase worry.,
E169571D-6B6,ACC99788677,C608993,40027.64,GBP,2026-08-12T12:43:30,swift,VN,Mark Savage,Piece former professor partner argue catch truth.,domestic
9591AFE7-8F4,ACC85146293,C526117,14402.78,USD,2026-08-12T13:13:45,swift,BO,Curtis Reyes,Environment see order compare plant company lose represent.,domestic
76219D98-9EC,ACC69096899,C204555,46085.82,CHF,2026-08-12T13:39:08,swift,UZ,Mary Bennett,This share wonder fund yes.,cross_border
3B7149AC-4C6,ACC19943140,C705050,40859.64,CHF,2026-08-12T13:49:52,cash_deposit,SK,Kimberly Andrews,Cause sit effort eight force key sure finally.,
FC1EEC56-B15,ACC25312516,C962050,42525.87,CHF,2026-08-12T14:36:35,cash_deposit,PS,Anthony Harrison,Story practice tough.,
0095C557-E95,ACC90585882,C944657,7237.73,EUR,2026-08-12T14:43:36,card,TH,Melissa Estrada,Six hour the.,
987DCE35-B30,ACC41244663,C205907,44472.41,USD,2026-08-12T15:03:35,cash_deposit,MX,Catherine Huang,Stage stock business should eat.,
4656E00D-F74,ACC41329612,C377405,6106.72,EUR,2026-08-12T15:06:16,card,IQ,Shirley Atkinson,Democrat modern popular bank serious once organization.,
553E489A-CCD,ACC35714784,C299448,14225.45,USD,2026-08-12T15:10:39,card,PA,Mark Miller,Leave race yeah front almost activity.,
B94C3AD0-DD4,ACC76481885,C138817,6355.21,GBP,2026-08-12T15:35:52,cash_deposit,IR,Colleen Hanson,Soon receive room middle bar season report.,
88DE379C-702,ACC73380266,C355570,16491.73,USD,2026-08-12T15:50:43,wire,TG,Kristin Golden,Sport feeling require his avoid.,domestic
7D086712-CD6,ACC94120751,C350867,33773.12,CHF,2026-08-12T15:54:50,card,CI,Kevin Perry,Cost end he avoid chance.,
2EE95CAB-9FB,ACC68571795,C735656,22665.48,USD,2026-08-12T16:35:40,cash_deposit,TG,Joseph Ferrell,Yard quality major western decision.,
B1BD50F1-DF1,ACC55728776,C293319,37451.78,EUR,2026-08-12T16:52:25,wire,IE,Carolyn Jenkins,Career realize ready record science condition future.,domestic
F10DA829-1D4,ACC90014570,C835244,36543.09,GBP,2026-08-12T16:56:11,card,IN,Patrick Mcbride,Almost now man section.,
3C97F42F-398,ACC58181396,C988662,24235.6,CHF,2026-08-12T17:43:56,crypto,MM,Tom Foster,From follow wish run.,
05D61C9D-151,ACC34627347,C392075,38765.08,GBP,2026-08-12T18:04:36,swift,PH,Patrick Garcia,Should effect future appear.,cross_border
DC85E59A-88F,ACC71070189,C399105,13414.56,EUR,2026-08-12T18:18:06,cash_deposit,DO,Heather Smith,Article suggest parent hit east among forget.,
35556A3A-613,ACC64247457,C639593,17272.09,EUR,2026-08-12T18:27:54,card,PL,Tommy Goodman,Cell discussion light human to.,
6BC9500F-0CB,ACC21819185,C429795,14600.85,CHF,2026-08-12T18:36:01,swift,AL,Ronald Daniels,Security eight ground bad situation every agree rate.,domestic
2AC5CC86-E7A,ACC20099059,C824586,25788.01,EUR,2026-08-12T18:42:19,crypto,SY,Brian Kim,Too control skin fall management nearly.,
57E68A9A-55F,ACC68942178,C230394,22123.25,EUR,2026-08-12T18:53:47,cash_deposit,RO,Julie Foster,Traditional heavy eye paper skill defense.,
7DC7126B-8A7,ACC20099059,C824586,18901.01,EUR,2026-08-12T19:10:20,card,MC,David Cooper,Maybe herself partner camera long who require billion.,
425ACCB0-5D6,ACC65177213,C589710,3009.44,CHF,2026-08-12T19:47:44,wire,GA,Holly Evans,Tough him federal agency maintain seek democratic simple.,cross_border
6B5768E4-4EF,ACC68186525,C479781,42139.5,EUR,2026-08-12T19:57:21,swift,PY,Jeremy Burns,Trip history maybe full.,cross_border
B9A22374-A6A,ACC21267237,C773971,385359.96,GBP,2026-08-12T20:20:36,wire,ZW,Daniel Rodriguez,Foreign health share and than if officer.,domestic
A798E5ED-A48,ACC52091325,C159942,229853.02,GBP,2026-08-12T21:13:04,card,LA,James Franklin,Old what design want.,
CB138A69-26D,ACC97225156,C491559,39481.49,CHF,2026-08-12T21:18:57,card,MD,Michael Goodwin,Garden ready former late election.,
988DB577-7A7,ACC72363359,C800005,7339.17,USD,2026-08-12T21:45:34,card,IT,Grant West,Able else floor natural include majority.,
8C19491B-B39,ACC68812137,C974244,4067.12,CHF,2026-08-12T23:11:01,cash_deposit,CU,Philip Andrews,Have customer people care fear.,
1B659413-E0C,ACC13471527,C195763,2952.87,EUR,2026-08-12T23:35:04,swift,FM,Karen Hall,President think pull stage.,domestic
CBD89F01-739,ACC69302158,C678478,37418.73,GBP,2026-08-12T23:40:38,wire,RU,Lisa Booker,Support happy herself team could author never.,cross_border
3EADEE9F-FD0,ACC65682626,C527398,8701.64,CHF,2026-08-12T23:41:06,sepa,CU,Tyler Roberts,While stop simply certain boy relationship.,
AB0354F1-417,ACC50785405,C400850,22140.23,USD,2026-08-12T23:43:42,card,IS,Andre Berger,Mention enter trade teach race play then.,
D6958B73-3BA,ACC21267237,C773971,49047.82,CHF,2026-08-12T23:45:54,wire,JP,Sergio Harris,Field produce would attorney.,cross_border
13C936BD-0B1,ACC25374874,C814825,42897.53,CHF,2026-08-12T23:46:09,cash_deposit,EC,Casey Gomez,Institution here health.,
12A4A5ED-E44,ACC58436637,C288158,14475.39,CHF,2026-08-13T00:02:02,card,RO,Andrea Lynch,Present just traditional may skin thus.,
DF30277D-C9F,ACC77827638,C731262,5551.79,EUR,2026-08-13T00:18:26,wire,PS,Raymond Snyder,Service large under north play person ten.,domestic
D1F00F5B-850,ACC54058573,C392136,36053.09,GBP,2026-08-13T00:20:27,wire,SI,Sarah Short,Tough glass sea role financial which.,cross_border
16C46303-3D9,ACC84093639,C407419,46835.02,EUR,2026-08-13T00:24:57,swift,BO,Sarah Welch,Often shoulder defense already end thus music president.,domestic
95BCC26F-3E3,ACC77834855,C612262,4627.92,CHF,2026-08-13T00:29:28,wire,GA,Nicholas Graves,Western I federal.,domestic
7B6B5785-D5B,ACC25312516,C962050,8354.33,EUR,2026-08-13T00:33:40,card,TW,Mackenzie Garza,Throughout again front ability lawyer.,
77C7D9AD-BE3,ACC65682626,C527398,9982.83,USD,2026-08-13T00:46:48,wire,ML,Christina Rich,Onto design strong common sort.,cross_border
6CAFC60E-BA9,ACC94525678,C703634,9367.15,USD,2026-08-13T01:21:16,sepa,KI,Allison Miller,Care energy institution.,
47D3C130-350,ACC20099059,C824586,1886.67,EUR,2026-08-13T01:27:34,card,LV,Sandra Lee,Ever position local leader.,
7D8A9982-008,ACC93955206,C321275,40511.54,EUR,2026-08-13T01:34:21,card,TW,Destiny Meza,Voice out over election rule hair.,
34D8CF79-A2D,ACC99038359,C989208,8783.39,CHF,2026-08-13T02:06:45,card,MT,Lawrence Ross,Site game remember.,
67A89557-A83,ACC21819185,C429795,3811.67,GBP,2026-08-13T02:08:21,card,ES,Joshua Lowe,Herself benefit task see likely admit factor must.,
DDD4BE3B-E86,ACC41068214,C402099,5412.55,GBP,2026-08-13T02:19:32,wire,BI,Nicholas Baker,Name we newspaper certain degree require quickly.,cross_border
45DC7294-E01,ACC86460539,C358175,15153.45,GBP,2026-08-13T02:26:31,sepa,EC,Edward Bates,Represent Mrs thank myself.,
448FFE7A-F18,ACC54058573,C392136,788.32,EUR,2026-08-13T02:29:12,card,FR,Christopher Collins,Something community stage listen project hot.,
44DC66AC-2B9,ACC25312516,C962050,47402.03,EUR,2026-08-13T02:30:21,wire,LK,Andrew Parker,Me across water three address hundred center.,cross_border
B25A9EAB-6DC,ACC97971488,C623481,21096.61,EUR,2026-08-13T02:44:49,sepa,SY,Carlos Smith,Find guy stage threat our shake.,
DEAE50E3-913,ACC73481797,C839485,35229.28,USD,2026-08-13T03:33:59,card,BA,Jacob Li,Country include seem opportunity standard.,
E8CCCE6C-378,ACC34627347,C392075,2466.23,EUR,2026-08-13T03:46:22,wire,AU,Tamara Carr,Market which yard believe whether teach single.,cross_border
ECA3677D-3E2,ACC66722344,C456778,15043.81,CHF,2026-08-13T03:57:40,sepa,RO,Tony Le,Order crime blood fight we forward per.,
02454864-119,ACC95132217,C544151,381.86,GBP,2026-08-13T03:57:50,cash_deposit,DM,Anna Cunningham,Population wall through between.,
015F751D-B58,ACC67062156,C329471,269155.46,EUR,2026-08-13T04:19:36,card,SA,Amy Buchanan,Fine result put camera across music produce city.,
B1020055-65F,ACC95132217,C544151,20638.12,CHF,2026-08-13T05:03:44,swift,SL,Sherry Stephens DDS,Successful see leg.,domestic
4CF178C8-5E7,ACC22534217,C958179,879.67,EUR,2026-08-13T05:07:25,wire,VE,Katherine Johnson,Camera bank environment learn.,cross_border
F804AAC5-411,ACC88320463,C518801,6109.94,EUR,2026-08-13T05:21:48,cash_deposit,CF,Stephanie Cabrera,Public good spend still group concern.,
CE015C2D-F6F,ACC87282128,C810250,18034.52,CHF,2026-08-13T05:54:41,swift,KZ,Yvonne Bender,Some stock of north green.,domestic
B8370981-B38,ACC68812137,C974244,44897.43,CHF,2026-08-13T05:56:14,cash_deposit,IQ,Carol Adams,Sit someone may home eight now.,
EA184D86-E6E,ACC83793389,C273148,19106.73,EUR,2026-08-13T05:58:45,crypto,LI,Amy Hunt,International line few service drive hotel.,
8513042B-B0E,ACC33763566,C532322,37635.47,USD,2026-08-13T06:00:02,card,NL,Michael Harper,Option human fire ball natural raise five.,
70E2D74E-3C1,ACC24508349,C501124,17893.78,EUR,2026-08-13T06:05:08,card,AM,Luis Johnson,Serious just along.,
ED6E3EB5-C62,ACC95613415,C889359,49733.92,CHF,2026-08-13T06:12:23,sepa,RS,Kelly Nichols,Thus million attention still financial.,
745C56CF-7BE,ACC41244663,C205907,6188.52,USD,2026-08-13T06:19:26,swift,KI,Toni Davis,Mother country moment eat personal.,cross_border
6EA5BC5B-042,ACC42194159,C282256,18935.77,EUR,2026-08-13T06:22:53,card,IQ,Jimmy Evans,Hit focus sense.,
C1E5C778-254,ACC19584466,C162535,37478.47,GBP,2026-08-13T06:35:24,swift,LS,Joshua Potter,Network experience few little social base policy.,cross_border
64853121-FD8,ACC87049595,C398151,29591.13,USD,2026-08-13T06:52:29,swift,FR,Hayden Simpson,Usually quite your.,domestic
F2E9B370-A46,ACC25228493,C583863,14381.24,GBP,2026-08-13T07:06:07,wire,EE,Kevin Best,Address himself baby water industry.,domestic
D1F1DE90-EEF,ACC89864260,C171262,11424.71,GBP,2026-08-13T07:19:14,sepa,GW,Lisa Hendricks,Sure subject shake particularly give example price easy.,
B5BBE355-5A9,ACC41244663,C205907,45576.66,GBP,2026-08-13T07:25:26,wire,PE,Dustin Welch,Than political up instead.,cross_border
AE46D802-7DB,ACC19289546,C897549,9975.44,USD,2026-08-13T07:30:41,cash_deposit,CF,Tina Gay,Me off nature individual run summer month.,
81FA0967-7F1,ACC24366125,C878480,15174.17,EUR,2026-08-13T07:32:22,swift,LY,James Bonilla,Painting available some.,domestic
C5539242-759,ACC94120751,C350867,36449.14,EUR,2026-08-13T07:49:43,swift,TM,Casey Smith,Care example only responsibility.,domestic
BFDBAB45-F27,ACC36757737,C979995,34791.22,GBP,2026-08-13T08:10:19,crypto,SE,Dennis Simpson,Measure design less will appear around talk.,
F12277B5-2C5,ACC71115319,C437408,39427.64,EUR,2026-08-13T08:53:09,cash_deposit,QA,James Calderon,Seven act any affect.,
102AF5B5-4D0,ACC46817443,C147726,14261.2,CHF,2026-08-13T09:07:20,swift,TG,Kevin Matthews,Loss glass process.,cross_border
B3E93976-9D3,ACC44188276,C146542,45478.13,EUR,2026-08-13T09:09:17,card,AR,Mrs. Vanessa Tran,Else region hand often case.,
5337F03B-1ED,ACC72363359,C800005,45430.45,EUR,2026-08-13T09:13:47,card,IR,Jamie Cooper,Start company family final draw.,
D962619F-F41,ACC55728776,C293319,43343.42,EUR,2026-08-13T09:15:18,swift,AL,Megan Mendoza,Resource wife read training situation.,domestic
A0AAA1A1-D1B,ACC54058573,C392136,43707.93,EUR,2026-08-13T09:28:33,crypto,LU,Alex Becker,Bank thought guess.,
E00BD46E-B04,ACC81621574,C498468,9992.71,USD,2026-08-13T09:32:38,cash_deposit,GR,Shane Collins,Reality picture that across the rule rather should.,
BC8B99D7-AC5,ACC38408562,C576786,34850.18,GBP,2026-08-13T09:52:36,cash_deposit,BI,Brian Morris,Hard kitchen different themselves spend.,
1140F2BE-318,ACC25374874,C814825,26560.78,EUR,2026-08-13T09:54:40,card,BW,David Davis,Arm sea never manage them while interest.,
0377833D-28C,ACC65026398,C786587,32531.4,USD,2026-08-13T09:56:19,swift,PY,Scott Rowe,Popular get loss her.,cross_border
ED3F4986-DE7,ACC85543051,C418594,18054.6,EUR,2026-08-13T10:01:37,card,NI,Cory Mckay,Those lay remember five our respond race.,
BA50F1C9-EFD,ACC86320155,C751194,25738.91,GBP,2026-08-13T10:24:38,card,AG,Roberto Wright,Claim great player ten they oil letter.,
5CCC160E-743,ACC99943797,C209680,45139.47,EUR,2026-08-13T10:29:04,crypto,CD,Laura Powell,Give forget finish know hope.,
A85D37E5-C38,ACC99889098,C850981,37830.66,CHF,2026-08-13T10:42:57,cash_deposit,TV,Tyler Patel,World film position firm building rich amount.,
31F25B92-0F9,ACC54769200,C908577,16262.33,EUR,2026-08-13T10:45:22,card,BH,John Wyatt,So break theory site.,
9B9ACD5C-EAF,ACC41244663,C205907,14930.81,GBP,2026-08-13T11:17:08,sepa,CH,James Davis,Nature ago however share bar energy choice.,
BDA36769-9D5,ACC90267122,C141797,29211.97,EUR,2026-08-13T11:45:22,wire,PS,Melissa Robertson,Ready though enjoy standard model join moment.,domestic
5CCD327A-DB6,ACC47346970,C888539,12032.54,USD,2026-08-13T11:53:55,card,AL,Shelby Bailey,Report Mr accept tonight.,
988FF8DA-45D,ACC76481885,C138817,9988.67,GBP,2026-08-13T11:54:41,card,CM,Tina Ramirez,Area many development.,
8F7C2757-1AB,ACC39042654,C874483,34858.91,CHF,2026-08-13T12:07:30,swift,AE,Mr. Billy Miller,Should leave face early dream case will season.,domestic
58C09B64-7B7,ACC40742311,C961722,387818.92,USD,2026-08-13T12:11:57,card,LV,Paige Roberts,Computer always his course receive.,
EC012824-15A,ACC13471527,C195763,24267.47,USD,2026-08-13T12:15:03,cash_deposit,EC,Douglas Gray,Own poor serious amount hot less.,
651CF354-D05,ACC33763566,C532322,38949.45,GBP,2026-08-13T12:20:23,sepa,MH,Jeremy Gonzalez,Away senior short prepare.,
1402F00B-A03,ACC42614537,C922733,44625.77,GBP,2026-08-13T12:35:48,wire,ME,Isabel Roach,However charge account physical.,cross_border
C6C3D936-5AA,ACC12614124,C217301,29149.32,CHF,2026-08-13T12:48:28,cash_deposit,TV,Andrew Fitzpatrick,Speech PM institution whom better.,
D9BA991F-AB3,ACC46817443,C147726,10867.85,CHF,2026-08-13T13:10:48,wire,VN,Holly Wilkerson,Up despite one product ten term.,domestic
01D5C5F5-247,ACC68942178,C230394,9988.63,GBP,2026-08-13T13:20:03,crypto,TN,Michael Espinoza,Can course too office door account.,
3DEBF550-88B,ACC47333543,C290305,11041.76,EUR,2026-08-13T13:37:37,crypto,LY,Teresa Johnson,Source financial book feeling.,
F37A5D4E-9A2,ACC53536830,C934816,704.98,USD,2026-08-13T13:55:35,swift,VN,Carlos Lee,Find subject arm catch.,domestic
5C8EA8B9-07B,ACC50079111,C890075,6390.01,GBP,2026-08-13T14:21:30,wire,BN,Nicole Wall,Forward manage that Mrs wind camera cost.,cross_border
7707503B-48C,ACC83534128,C567574,6495.7,CHF,2026-08-13T14:23:21,cash_deposit,ET,Aaron King,Cost work close.,
D5DDCA36-CC1,ACC83793389,C273148,45015.36,EUR,2026-08-13T14:28:37,card,ES,Jessica Jones,Series class security coach.,
B11F6CCC-F01,ACC69096899,C204555,28237.32,CHF,2026-08-13T15:13:50,sepa,SY,Molly Campos,Student sister cut down reality hot.,
8989CE11-86B,ACC88183110,C679364,43480.3,CHF,2026-08-13T16:36:17,card,SG,Chad Reid,At table tend occur sister thus wonder.,
843EEB8C-C35,ACC31980274,C426147,20211.76,USD,2026-08-13T16:38:46,wire,MW,Cynthia Powell,Manager thus church plan executive any require.,cross_border
8DEABF3F-ADF,ACC41348220,C997594,25532.58,CHF,2026-08-13T16:40:25,sepa,LC,Alyssa Vincent,Others cut seem reach.,
270BEAA6-42D,ACC19528530,C842225,49309.21,USD,2026-08-13T16:42:05,wire,MT,John Morris MD,Fill yeah side side recognize month.,cross_border
6D9B9F9F-A52,ACC25228493,C583863,14695.63,EUR,2026-08-13T19:18:28,cash_deposit,IR,Ryan Howard,Time dinner employee together worry.,
9B8CE898-5A8,ACC26941092,C596564,10442.26,GBP,2026-08-13T19:29:53,card,KI,Gail Hamilton,Pass society soon charge during partner.,
607E7113-AF7,ACC83793389,C273148,49551.09,CHF,2026-08-13T19:36:14,card,ZM,Christopher Hancock,Order base idea study model style set.,
CF7AE090-E28,ACC21819185,C429795,28521.8,GBP,2026-08-13T20:08:07,wire,NO,Alex Zhang,Dinner claim loss who democratic time hour place.,cross_border
C432AA1A-053,ACC73481797,C839485,38122.86,USD,2026-08-13T20:09:53,cash_deposit,TT,Cindy Ramos,Walk cover federal increase wish city bad class.,
FAE62409-0BB,ACC32097220,C497382,10165.02,CHF,2026-08-13T20:31:52,card,KH,Kayla Porter,Establish close prove nice measure leg sell official.,
760EEC82-4AD,ACC90014570,C835244,46115.49,CHF,2026-08-13T20:38:01,wire,AE,George Arnold,Ground window happy performance eight phone cell benefit.,domestic
BF51B44D-097,ACC87049595,C398151,34736.39,CHF,2026-08-13T20:59:25,card,TW,Luis Kirby,Skin various safe range face.,
D33A1943-35E,ACC38470244,C472060,4315.69,GBP,2026-08-13T21:01:36,card,LT,Richard Faulkner,State itself line into property culture that.,
FBFDC554-704,ACC77827638,C731262,17246.68,GBP,2026-08-13T21:13:21,card,LC,Carrie Wright,Yard model particular hair truth hold.,
8CDD2BEE-435,ACC46817443,C147726,42827.25,CHF,2026-08-13T21:47:31,swift,GQ,Erica Allen,Action market career.,domestic
223EC2E9-4C7,ACC85146293,C526117,8112.86,CHF,2026-08-13T21:48:26,crypto,WS,Bobby Duran,Near help four whom particular decade.,
F1095237-1B7,ACC35714784,C299448,3641.29,GBP,2026-08-13T22:23:00,card,CD,Christy Hernandez,Itself record coach require.,
7E17ABD9-A0E,ACC41329612,C377405,31668.71,EUR,2026-08-13T22:24:31,wire,BY,Carl Drake,Speech level record behavior finish little job.,cross_border
332DDEEA-2CA,ACC19528530,C842225,34402.33,USD,2026-08-13T22:48:36,cash_deposit,LU,Andrea Taylor,Quality true book various whether.,
20B0BE46-BEF,ACC21490777,C353080,16263.67,GBP,2026-08-13T22:51:00,sepa,VE,Amanda Sullivan,Rule compare control identify painting set.,
F48C8A91-814,ACC68942178,C230394,29387.25,EUR,2026-08-13T22:57:45,crypto,PS,Robert Berry,What happy lead would woman choose.,
7ACC9699-B70,ACC57683626,C319684,22647.76,GBP,2026-08-13T23:30:00,card,ML,Janet Moody,Partner civil nearly analysis color friend the.,
8EB50C35-E67,ACC40547349,C333752,12152.38,USD,2026-08-13T23:42:55,card,SV,Jeffrey Allen,But network information cost society imagine.,
75594FEE-A63,ACC20200074,C720859,41737.31,GBP,2026-08-13T23:56:38,wire,BZ,Robert Powers,Discuss appear reason marriage.,domestic
F31256E7-382,ACC12614124,C217301,27854.43,USD,2026-08-14T00:10:44,cash_deposit,KP,Timothy Murray,Heavy then join catch.,
54DDD480-740,ACC21631697,C392477,6588.48,USD,2026-08-14T00:10:49,wire,IN,Anthony Williams,Rate deal ahead girl skill.,domestic
9220589A-4A8,ACC39958838,C246316,25666.77,GBP,2026-08-14T00:12:50,sepa,BY,Jason Peters,Real position make society behavior.,
B528E8D9-2C1,ACC75529051,C330080,17948.23,EUR,2026-08-14T00:17:37,swift,JO,Richard Moss,Oil bring her mission budget.,cross_border
DA1EC6E7-E7D,ACC38470244,C472060,14052.13,CHF,2026-08-14T00:39:27,cash_deposit,PY,Joseph Simpson,Factor recognize wonder town.,
F6243F08-AFB,ACC95758349,C632323,8973.07,USD,2026-08-14T00:42:08,wire,CD,Brian Moyer,Should current forget fish you main.,domestic
F9A5387F-657,ACC16927215,C313446,16821.0,GBP,2026-08-14T00:49:52,cash_deposit,IR,Heather Davidson,Enter your personal information.,
393246E2-56E,ACC82383095,C891952,36961.76,EUR,2026-08-14T02:05:20,cash_deposit,ZA,Kevin Sheppard,Small design hear ball.,
C11109C7-B0B,ACC84903294,C901577,12292.77,GBP,2026-08-14T02:14:30,card,CD,Karen Long,Yes attack expect total professor.,
E3C232B2-BC0,ACC35487660,C411120,25821.86,USD,2026-08-14T02:34:09,card,TD,Laura Collins,Recognize dinner position something miss including.,
6FBFABEE-290,ACC76500726,C402218,44048.79,USD,2026-08-14T02:50:52,wire,DM,Charles Vaughan,Author idea pass eye after how.,cross_border
18CC8E64-CE8,ACC87282128,C810250,9990.49,CHF,2026-08-14T02:51:36,card,MH,Julie Smith,Control down see kid rock.,
08129A23-A00,ACC22534217,C958179,49180.62,GBP,2026-08-14T03:25:10,sepa,HU,Jeffery Bell,Compare cut beat.,
208F4751-F2C,ACC44788100,C888295,46287.19,USD,2026-08-14T03:36:54,crypto,DO,Jonathan Anderson,Professional here stuff experience.,
4D823203-59F,ACC35848226,C430876,14047.68,USD,2026-08-14T03:47:51,card,BS,Peter Zimmerman,Fine agreement hit successful between among.,
A5C4911D-FCA,ACC72409658,C563246,10285.27,EUR,2026-08-14T04:17:15,cash_deposit,IS,Nathan Hughes,Specific religious stuff fire.,
ABC58304-211,ACC53536830,C934816,31803.6,CHF,2026-08-14T04:48:39,wire,KP,Matthew Harvey,Than tonight close paper.,cross_border
0BCBB176-FAE,ACC67110154,C882169,6347.53,CHF,2026-08-14T04:51:57,cash_deposit,DJ,Diana Huerta,These road news get medical relationship.,
06B02199-02F,ACC86320155,C751194,14173.5,CHF,2026-08-14T04:56:11,card,SR,Jacob Travis,System near final pattern claim.,
4AF7956C-BB0,ACC34391257,C152727,1238.49,CHF,2026-08-14T05:49:07,card,BJ,Rebecca Shields,Camera walk raise everything manage Republican stage church.,
F9C99326-689,ACC32329103,C827712,47843.14,USD,2026-08-14T05:57:47,swift,SR,Jessica Marquez,Whose concern rate north force situation security its.,domestic
5084055A-FDA,ACC21631697,C392477,42225.58,GBP,2026-08-14T06:09:35,card,GM,Joseph Bryant,Although indeed side know special positive.,
C162C563-846,ACC50079111,C890075,42555.71,EUR,2026-08-14T06:09:59,cash_deposit,MT,Michael Kramer,Prevent prove door side house.,
FB1AD74C-201,ACC81503856,C549186,9556.27,USD,2026-08-14T06:15:55,wire,IR,Nancy Smith,Those catch employee serve public firm especially.,domestic
59EA3A55-9AD,ACC71115319,C437408,15515.35,USD,2026-08-14T06:44:59,swift,SD,Kevin Wilson,Total catch own letter environment me leg offer.,domestic
E114142E-42F,ACC12614124,C217301,48403.21,GBP,2026-08-14T06:46:33,swift,NL,Lisa Turner,Oil health per tonight there.,cross_border
E77C7342-303,ACC58884978,C552248,3229.92,USD,2026-08-14T07:03:03,swift,VC,Stephanie Ward,Government occur on article.,domestic
E220E3BB-B74,ACC54769200,C908577,30823.08,USD,2026-08-14T07:11:59,swift,IN,Tina Hancock,Over also yes training before hundred wish.,domestic
311CF2A5-733,ACC82498004,C184491,35424.39,CHF,2026-08-14T07:20:41,swift,PL,Maurice Burgess,Significant resource read training help very.,domestic
23582E1B-3B1,ACC26941092,C596564,1956.18,USD,2026-08-14T07:45:08,swift,FI,Stephen Martin,Service deal man teacher ago.,domestic
1602A742-B96,ACC19584466,C162535,10671.73,CHF,2026-08-14T07:52:05,card,TD,David Moore,Memory use rate maybe very.,
846E5D5C-E45,ACC25374874,C814825,9988.65,CHF,2026-08-14T08:02:46,wire,LS,Gavin Nelson,Event better woman develop weight.,domestic
0E33F159-278,ACC35848226,C430876,1145.27,CHF,2026-08-14T08:26:47,cash_deposit,KR,Bob Goodman,Blue herself child attorney during event nature.,
57FFBDDD-033,ACC16927215,C313446,16494.84,USD,2026-08-14T08:28:30,swift,ZM,Alexandra Smith,Carry gas appear professional.,cross_border
B158288A-1B1,ACC25312516,C962050,23094.88,CHF,2026-08-14T09:35:30,sepa,PK,Sarah Gonzalez,Director material together section girl become possible.,
0A28416C-543,ACC31682744,C665579,44236.16,USD,2026-08-14T09:35:34,swift,CA,Lisa Jenkins,Seek perhaps name plant me south property.,cross_border
73DAAB4A-300,ACC89864260,C171262,32678.0,CHF,2026-08-14T09:40:08,swift,DE,Valerie Kim,Ask enjoy year few success.,cross_border
6EF73809-57E,ACC54058573,C392136,14023.74,EUR,2026-08-14T09:54:39,sepa,KN,Herbert Ferguson,Approach onto whom plant recognize event charge.,
3C6D9C6E-1AF,ACC68802946,C832168,31076.17,EUR,2026-08-14T09:57:14,card,ZM,Jonathan Brown,Popular hotel every billion.,
2EBC566B-DE4,ACC19528530,C842225,22882.05,EUR,2026-08-14T10:18:46,card,LS,Steven Harris,When film at perhaps.,
C6C88779-652,ACC19736572,C109767,46105.1,GBP,2026-08-14T10:23:34,sepa,IR,Bryan Yates,Often task begin.,
F700043F-AA5,ACC86460539,C358175,9984.12,GBP,2026-08-14T10:32:51,sepa,CG,Lucas Hernandez,Open order party offer money prepare.,
C77B26BC-290,ACC91178885,C320861,40287.46,USD,2026-08-14T10:49:25,card,ZW,Robert Stewart,Get key artist.,
9AB58EDE-D84,ACC76500726,C402218,36995.98,CHF,2026-08-14T11:02:28,cash_deposit,MZ,Elizabeth Johnson,Line worker century social view me.,
E4393248-358,ACC14265799,C131244,32595.35,GBP,2026-08-14T11:08:32,wire,KP,Alexis Herrera,Happy see energy herself police he push.,domestic
FF25E07E-12A,ACC16927215,C313446,27728.07,CHF,2026-08-14T11:16:58,crypto,AL,Gabrielle Hall,Miss number check adult daughter style.,
CF8A0EB8-C1D,ACC99943797,C209680,22397.07,USD,2026-08-14T11:22:10,card,ID,Troy Lee,Rock population particular fine feeling size.,
B8FF3878-681,ACC48349783,C345884,17822.87,GBP,2026-08-14T11:22:40,crypto,TV,Linda Cortez,Middle center decade recent win six.,
B2014B45-5C8,ACC21267237,C773971,42041.34,USD,2026-08-14T11:32:30,wire,GN,Kelly Clayton,Lawyer ahead each fish.,domestic
668D1C5F-A3D,ACC21267237,C773971,15525.79,CHF,2026-08-14T11:51:34,card,HT,Richard Jones,Recent your writer opportunity front detail.,
99B929A5-2FB,ACC47333543,C290305,15542.09,EUR,2026-08-14T12:19:16,cash_deposit,UZ,Marvin Smith,Health number Mr join author indicate.,
A69B0B9B-935,ACC52091325,C159942,30532.22,EUR,2026-08-14T12:22:48,card,CI,Sarah Perez,Accept country red collection positive part produce.,
949D9826-431,ACC94560158,C738448,41196.13,EUR,2026-08-14T13:04:24,swift,BA,Michael Mack,Worker movement current memory argue simple bring.,cross_border
3E3FFB95-2C8,ACC47346970,C888539,41441.58,CHF,2026-08-14T13:43:07,card,JP,Susan Ramirez,Person under she see.,
08DDA19A-098,ACC83932360,C114338,37375.38,USD,2026-08-14T13:57:20,wire,CY,Alexander Douglas,Tell whole professional start.,cross_border
B1F1B841-228,ACC44188276,C146542,35870.57,GBP,2026-08-14T14:08:36,card,BJ,Ronald Buckley,Put anything blood.,
32B92B02-F88,ACC88183110,C679364,28606.35,EUR,2026-08-14T14:12:34,cash_deposit,GE,Tiffany Schwartz,Interest chair million financial much enough.,
663E72B8-0DD,ACC73380266,C355570,14471.8,CHF,2026-08-14T14:28:41,sepa,GM,Matthew Cortez,Should explain believe area artist despite.,
178F2B58-CAF,ACC31682744,C665579,15831.33,EUR,2026-08-14T14:37:45,sepa,GR,Edward Miller,Structure drug positive task reason avoid manager.,
13F90F3D-DB8,ACC21267237,C773971,7049.21,USD,2026-08-14T14:55:52,swift,IL,Rick Crawford,Country cut practice discussion majority effort traditional.,cross_border
442EB271-E1C,ACC71070189,C399105,8413.29,EUR,2026-08-14T15:09:39,wire,IQ,Taylor Long,Federal beautiful bed subject year different.,domestic
1AA7A9E8-939,ACC88320463,C518801,47510.4,EUR,2026-08-14T15:40:34,swift,BR,Stephen Alvarez,Back quality idea next single the once.,cross_border
E40FF396-60D,ACC69302158,C678478,26753.69,EUR,2026-08-14T15:43:29,sepa,IR,Paul Adams,Sort direction three big break east project step.,
DD523F8C-A73,ACC25480907,C373903,1035.35,GBP,2026-08-14T16:14:09,card,PH,Blake Schaefer,Event customer buy share true.,
F2D7E88F-B1A,ACC73900135,C777278,303144.43,EUR,2026-08-14T16:35:53,swift,SG,Shelly Fleming,True either daughter.,domestic
42D337E7-178,ACC73380266,C355570,34165.33,GBP,2026-08-14T16:49:22,card,NA,Mr. John Wade,Measure teach require son cell agree.,
5027B7B1-87C,ACC42194159,C282256,8880.41,CHF,2026-08-14T17:04:12,wire,ME,Amy Wilson,Above important new Congress.,cross_border
84F4C751-F5A,ACC85146293,C526117,31207.15,CHF,2026-08-14T17:06:46,card,ID,Lori Weaver,Participant administration perform discover soldier.,
E644ED89-C22,ACC84813739,C361303,35964.43,CHF,2026-08-14T17:12:18,wire,TZ,Christopher Wolf,Place leg change.,cross_border
E88A08C7-D1D,ACC68802946,C832168,35362.74,USD,2026-08-14T17:20:04,wire,ZW,Brianna Grant,Child shoulder its three lose.,cross_border
740BA9EA-BD1,ACC71115319,C437408,24226.7,USD,2026-08-14T17:35:36,cash_deposit,CN,William Hunter,Relate represent still clear war.,
FD8A589E-CB6,ACC68812137,C974244,33485.41,EUR,2026-08-14T17:47:05,wire,LC,Elizabeth Mcmillan,Home everybody stage break.,domestic
9A54D344-21A,ACC99943797,C209680,20810.48,USD,2026-08-14T18:01:44,wire,DM,Dustin Newman,Light teach main college first remain.,domestic
39D4819F-D6F,ACC95758349,C632323,42294.62,EUR,2026-08-14T18:06:17,swift,YE,Crystal Lewis,Shoulder claim white might.,domestic
7D1A7DD7-DB1,ACC41068214,C402099,27600.74,EUR,2026-08-14T18:26:03,card,CI,Dr. Michael Duarte Jr.,Always than air race.,
F8167BBF-7F4,ACC68812137,C974244,34732.38,GBP,2026-08-14T18:55:57,swift,PL,Kevin Reyes,Reason information again.,domestic
2FD12B2E-2C4,ACC45351479,C624902,48792.22,USD,2026-08-14T19:02:14,card,QA,Joe Ochoa Jr.,Make role positive again clear concern hour.,
4245C120-E1A,ACC53536830,C934816,45084.67,EUR,2026-08-14T19:04:47,cash_deposit,HT,David Atkinson,Into must voice involve four far cell.,
7023AED5-816,ACC25312516,C962050,4871.47,CHF,2026-08-14T19:10:31,sepa,BF,Angel Lee,Economic full size will meeting member.,
455223B9-A1D,ACC38195995,C815198,14939.52,GBP,2026-08-14T19:19:42,swift,HT,Daniel Brown,Across sign like hundred product.,cross_border
A46F181D-828,ACC22660194,C201639,2200.12,GBP,2026-08-14T19:46:13,swift,HN,Paul Allen,Alone finally since take describe improve act.,cross_border
C736819E-A9B,ACC19233013,C356150,42390.16,CHF,2026-08-14T19:57:37,card,LB,Nathan Taylor,Policy federal program any surface magazine option point.,
FC777E4A-99B,ACC83089925,C335729,38453.73,EUR,2026-08-14T20:05:25,sepa,TR,Jennifer Johnson,Store no treat traditional shoulder myself.,
CA6CAC62-307,ACC82383095,C891952,3109.49,USD,2026-08-14T21:05:29,card,SN,Charles Snyder,Generation leader pay try tough.,
9D9B4B58-0BA,ACC68461818,C965845,9978.1,EUR,2026-08-14T21:14:37,wire,CZ,Nathan Davis,Water take believe candidate cup.,cross_border
0441D30B-08C,ACC33357554,C745414,18624.34,GBP,2026-08-14T21:20:04,swift,PT,Anna Brooks,His trial space our.,domestic
22D055CE-5CF,ACC11698142,C990844,28050.1,USD,2026-08-14T21:30:37,cash_deposit,SM,Sarah Wiggins,Too wind tree campaign free usually.,
19D55EFB-06A,ACC76500726,C402218,390858.88,USD,2026-08-14T21:32:45,wire,TV,Vincent Fuller,Push audience share night another floor hot.,cross_border
FEB4E6C5-13C,ACC36757737,C979995,44579.09,GBP,2026-08-14T21:32:48,swift,NO,Jamie Mccoy,Both after after analysis.,domestic
7369484A-2BC,ACC43273328,C335612,41028.12,EUR,2026-08-14T21:35:46,sepa,CH,Diane Gilbert,Difficult continue process forget wind.,
30B65BB5-4BC,ACC24549543,C725550,42073.32,CHF,2026-08-14T22:02:57,card,TD,Edwin Carpenter MD,Middle only fast budget.,
2E2EDC44-AB2,ACC68942178,C230394,38489.13,USD,2026-08-14T22:27:57,sepa,FR,Toni Walker,Take difficult out help billion majority.,
5DB92B7D-5D4,ACC30514014,C757924,21591.46,CHF,2026-08-14T23:19:55,card,TN,Tracy Allen,Event physical factor trouble.,
EB1B99FF-61F,ACC69302158,C678478,2218.09,USD,2026-08-14T23:30:06,card,SE,Deborah Harrison,Son explain this can already be.,
3247A59E-A3A,ACC51098277,C796212,9978.68,GBP,2026-08-14T23:40:02,sepa,GR,Johnathan Hill,Alone would traditional style school.,
01D8FFB5-58C,ACC13895645,C507746,44120.41,GBP,2026-08-15T00:02:06,crypto,KP,Ashley Powell,Stand church interest Mrs than the develop.,
EA9628A4-96D,ACC38470244,C472060,49635.1,GBP,2026-08-15T00:08:58,sepa,TW,Haley Edwards,Tax we newspaper step.,
AE438B29-4F5,ACC68461818,C965845,30826.68,USD,2026-08-15T00:10:24,cash_deposit,LA,Mrs. Carolyn Morgan MD,Would edge hard kind ago program population determine.,
98A32D2B-868,ACC24508349,C501124,49250.77,USD,2026-08-15T00:27:17,sepa,PA,William Caldwell,Result southern really wind buy glass floor.,
CF3F8939-9E7,ACC73123515,C120324,39273.81,GBP,2026-08-15T00:30:09,wire,NI,Shannon Fernandez,Group statement although attorney.,cross_border
69725554-39E,ACC46817443,C147726,48833.45,CHF,2026-08-15T00:55:45,cash_deposit,TV,Elizabeth Adams,Charge note order relate for charge really.,
2251A91C-C29,ACC15614174,C423232,32367.07,USD,2026-08-15T01:01:09,crypto,SD,Stephen Greer,Land author the finish.,
EDDB1FD4-49A,ACC84903294,C901577,43189.81,CHF,2026-08-15T01:05:29,card,IN,Deanna Collier,Sell line gun society source line.,
00276899-380,ACC51098277,C796212,7276.4,USD,2026-08-15T01:06:49,wire,VA,Amy Caldwell,Pull seem painting hope support.,cross_border
07ACB75F-BAF,ACC70467027,C564226,42249.85,GBP,2026-08-15T01:13:27,cash_deposit,LV,Maria Romero MD,Meeting allow fact board hold forward.,
017798CB-371,ACC43273328,C335612,18738.49,GBP,2026-08-15T01:20:44,cash_deposit,VE,Paul Christian,Call method south central process.,
0FB0F4C8-CBA,ACC43273328,C335612,35629.43,USD,2026-08-15T01:35:26,crypto,HR,Gloria Stone,Site interview agent myself.,
630B9FD7-D4C,ACC83932360,C114338,30367.79,CHF,2026-08-15T02:15:14,card,TW,Thomas Kelly,Suddenly scientist now common environmental parent keep item.,
031006A0-6E9,ACC91178885,C320861,42270.66,EUR,2026-08-15T02:55:11,wire,GH,Erica Mcmillan,On floor least of save serve usually.,cross_border
D55681CB-55B,ACC38470244,C472060,11380.21,CHF,2026-08-15T03:11:35,swift,GE,Jeanne Boyer,During cultural hundred fast give write.,cross_border
FF0A6752-0D4,ACC54769200,C908577,5677.4,CHF,2026-08-15T03:29:17,card,PH,Michael Mccoy,Institution can set stuff image nature.,
6267F731-7BE,ACC25312516,C962050,9995.14,USD,2026-08-15T03:37:17,card,AL,Tonya Medina,Really from direction bank.,
3B081CFD-0B8,ACC92874006,C171744,30073.4,EUR,2026-08-15T04:23:33,card,VN,Haley Casey,Nothing every edge assume turn think necessary.,
F397670A-1C0,ACC38408562,C576786,33832.44,EUR,2026-08-15T04:23:39,swift,AF,Terry Knight,Choose still woman pattern citizen ten.,domestic
8F4FE068-655,ACC73083727,C464863,8017.26,USD,2026-08-15T04:26:08,card,BF,Evan Hernandez,Population above worry politics others world low.,
2126A2F0-928,ACC68571795,C735656,13292.1,GBP,2026-08-15T04:45:20,swift,PA,Sara Owens,Behind TV PM cover price politics.,domestic
97CF9BE5-035,ACC82287061,C607868,11227.48,EUR,2026-08-15T04:47:09,card,SR,Cesar Berry,Style suffer land ask happy budget prove yeah.,
A2300EFC-3DE,ACC82498004,C184491,46066.8,CHF,2026-08-15T04:53:40,cash_deposit,FM,David Bennett,World wife model guy.,
129D2196-73D,ACC67110154,C882169,9978.7,EUR,2026-08-15T04:56:27,card,IS,John White,Trial analysis father attention low describe local.,
961EE739-354,ACC38470244,C472060,41612.08,CHF,2026-08-15T05:24:55,card,TN,Cynthia Schneider,Available how shoulder marriage reach person question growth.,
22EF1DAC-5C3,ACC88183110,C679364,14728.64,USD,2026-08-15T05:45:43,cash_deposit,QA,Karen Kane,Probably my when important.,
D4674F58-F0F,ACC97260863,C171951,14783.12,EUR,2026-08-15T06:04:53,sepa,ZW,Nicholas Gonzalez,Exist cold wife subject.,
0FE06159-5D5,ACC88961459,C680828,19918.24,EUR,2026-08-15T06:25:18,crypto,UA,Autumn Gallagher,Oil remember page spring responsibility always.,
DEF1ECEA-D7D,ACC54058573,C392136,47037.85,USD,2026-08-15T06:29:40,crypto,SE,Danielle Villa,Everyone eat together quickly anything.,
E719EC29-BD8,ACC89864260,C171262,49485.77,GBP,2026-08-15T06:38:23,crypto,AZ,Caleb Sanders,Population weight wonder develop while question.,
C08EC756-F07,ACC36757737,C979995,19456.98,EUR,2026-08-15T07:20:16,cash_deposit,BE,Todd Chandler,Travel early whom.,
098C4864-C64,ACC90585882,C944657,43046.16,USD,2026-08-15T07:30:34,card,JM,John Webb,You paper source prevent popular sea.,
82F54440-963,ACC81621574,C498468,6357.67,GBP,2026-08-15T07:47:40,cash_deposit,SR,Jeffrey Brown,Choice pattern return.,
8E4E393D-0BF,ACC39958838,C246316,3365.99,EUR,2026-08-15T07:57:08,wire,SZ,Christine Clark,Church community avoid able.,domestic
6C96876E-171,ACC67062156,C329471,29081.74,GBP,2026-08-15T08:08:16,swift,MT,Rachel Wright,All anything everyone option role produce.,cross_border
254F198B-C44,ACC33640702,C869440,177879.25,USD,2026-08-15T08:15:02,wire,OM,Courtney Perry PhD,Education page wide figure lose recently might.,cross_border
BDD7CACC-543,ACC97971488,C623481,272174.13,USD,2026-08-15T08:48:50,swift,AT,Sandra Jimenez,Will him quickly.,cross_border
752C92C9-32B,ACC95320121,C974628,592.13,EUR,2026-08-15T08:48:53,cash_deposit,KN,Kari Harper,Cost may leader unit.,
05C4E227-679,ACC63121477,C237235,29376.51,EUR,2026-08-15T09:03:01,wire,IR,Caitlin Watson,Style poor arrive lot pattern.,domestic
3C220567-18E,ACC35487660,C411120,13234.61,CHF,2026-08-15T09:06:31,swift,HT,Yesenia Ford,Walk believe worry affect forget far wall.,domestic
241D3435-44B,ACC95132217,C544151,7968.01,USD,2026-08-15T09:11:54,wire,ST,Keith Mccormick,Poor suggest six better short spring ago.,domestic
EA1D3CF6-28B,ACC35487660,C411120,16125.38,CHF,2026-08-15T09:29:20,sepa,SA,Michele Richard,Organization anyone government sea purpose popular tree.,
CD018369-CEF,ACC54769200,C908577,15481.53,USD,2026-08-15T09:31:03,wire,BH,Kimberly Hanna,Find old foot voice.,domestic
2A3D3700-DA3,ACC72363359,C800005,47431.9,EUR,2026-08-15T10:02:29,wire,MH,Elizabeth Daniel,Beautiful answer her message collection sport.,domestic
57E18831-537,ACC75181648,C604740,9985.35,CHF,2026-08-15T10:07:40,sepa,NO,Gary Lawrence,Somebody anything open project.,
C15BEEE5-014,ACC39587039,C571029,15694.49,GBP,2026-08-15T10:11:58,swift,BF,Mitchell Garcia,Accept nearly upon imagine.,cross_border
1CCD0A43-33D,ACC82383095,C891952,41958.9,EUR,2026-08-15T10:13:20,wire,KH,Hunter Martin,Control against speak lead office itself human.,cross_border
FB687FA2-12A,ACC55728776,C293319,4090.16,CHF,2026-08-15T10:39:54,crypto,BJ,Kurt Gordon,Fact much smile feeling cell pretty culture happy.,
041BFADE-D20,ACC75529051,C330080,16388.13,USD,2026-08-15T10:51:53,card,JP,Emily Mcgee,Loss probably government activity although foreign.,
6B9C7C17-D69,ACC31980274,C426147,8745.01,USD,2026-08-15T10:53:28,cash_deposit,LU,Matthew Johnson,Kitchen area ten only view society.,
BEC333F1-1B4,ACC83932360,C114338,39146.64,EUR,2026-08-15T10:57:07,wire,AZ,Mark Padilla,Street black real apply.,cross_border
6FCCFAF5-695,ACC65177213,C589710,9993.39,USD,2026-08-15T11:16:32,card,BS,Robert Smith,Investment to various soldier recently charge anything.,
27E51324-070,ACC94525678,C703634,23718.53,CHF,2026-08-15T11:39:10,sepa,LU,Ryan Lopez,Score partner go.,
9ED63D76-85D,ACC11698142,C990844,12842.56,USD,2026-08-15T11:43:06,crypto,KP,Stephen Bell,Style into notice course level with garden fish.,
4EEFCD9F-6AC,ACC90267122,C141797,3094.56,EUR,2026-08-15T11:53:10,cash_deposit,VE,Maria Walker,Western send police price party mind different.,
2E52E645-52E,ACC54769200,C908577,11583.65,USD,2026-08-15T12:41:35,crypto,NG,Joshua Phillips,Opportunity door part threat national price indeed.,
96EFF5F1-805,ACC81621574,C498468,42985.27,USD,2026-08-15T12:55:55,cash_deposit,IR,Sherry Brown,Pm out phone culture seek challenge.,
B86DE2FB-94D,ACC50071487,C978157,7838.63,GBP,2026-08-15T13:08:23,card,ME,Barbara Fuentes,Turn hair reach seem top I.,
BCD92446-6DB,ACC65177213,C589710,41392.81,CHF,2026-08-15T13:15:27,sepa,BJ,Richard Ferguson,Network hard condition move cost skin for.,
FE1E26AF-2D4,ACC69476001,C947272,4242.11,GBP,2026-08-15T13:35:54,wire,GD,Christopher James,Seek draw message prove car.,cross_border
03053005-01B,ACC47333543,C290305,36620.31,EUR,2026-08-15T13:46:17,crypto,FR,Garrett Montoya DVM,Heart somebody very citizen yourself today political.,
A52D9731-F42,ACC55176955,C207175,26201.98,CHF,2026-08-15T13:49:15,card,KP,Kimberly Diaz,Leader energy television month police.,
AC6F7E2B-77C,ACC81621574,C498468,46328.09,GBP,2026-08-15T13:55:38,sepa,PE,Brian Rodriguez,Particular within get maybe.,
8933FC03-6A5,ACC21490777,C353080,13862.42,EUR,2026-08-15T14:11:08,cash_deposit,CY,Yesenia Young,Anyone benefit peace official since control.,
96F746BB-030,ACC16927215,C313446,8007.08,EUR,2026-08-15T14:39:17,swift,SC,Morgan Carter,Hit indicate individual door and.,domestic
3EE069DC-3C7,ACC38195995,C815198,41517.12,USD,2026-08-15T15:01:07,crypto,EC,Edward Perez,However mother instead thought indeed look success home.,
90D218F6-D8E,ACC97971488,C623481,30687.05,GBP,2026-08-15T15:22:20,card,DK,Jonathan Decker,Party story moment mother necessary series box.,
29155A86-0BC,ACC55176955,C207175,4111.08,GBP,2026-08-15T15:23:38,card,ES,Jacob Evans,Similar send card year central most.,
4D8B7C02-EEC,ACC73900135,C777278,43295.94,CHF,2026-08-15T15:40:07,wire,NE,Andrew Wilson,Material message nor cause.,cross_border
4D9C755C-490,ACC39042654,C874483,20751.15,USD,2026-08-15T15:40:16,card,AG,Traci Jordan,Raise floor by in fill site.,
805125F7-139,ACC69302158,C678478,4813.54,GBP,2026-08-15T15:48:50,swift,SY,April Little,Important outside public write sound beyond.,cross_border
0B6CD281-536,ACC16927215,C313446,29521.28,CHF,2026-08-15T15:50:20,sepa,DE,Derrick Evans,Mind physical street single explain ago growth.,
765B76DB-479,ACC20099059,C824586,4737.8,USD,2026-08-15T16:02:49,card,KM,Larry Benson,Low bill behavior hand until.,
BFA9198F-1E7,ACC31682744,C665579,44046.02,CHF,2026-08-15T16:28:59,wire,MX,Pamela Collins,West maintain third interest section.,cross_border
94FFD39D-C40,ACC31980274,C426147,46166.61,USD,2026-08-15T16:32:52,cash_deposit,TN,Gregory Davis,Affect together attorney.,
2AE2E2CE-690,ACC99038526,C208618,32276.75,GBP,2026-08-15T16:37:35,card,BF,Samuel Khan,Tv probably top pressure behavior ability vote simple.,
132A7525-776,ACC54769200,C908577,23939.73,CHF,2026-08-15T16:57:15,wire,AZ,David Rodgers,Center believe teacher interesting economic support mind.,domestic
77AE1E2E-3D1,ACC25480907,C373903,44026.2,EUR,2026-08-15T17:20:33,crypto,SM,Stephen Ramos,Region institution appear already pattern color behavior.,
E0ECAB0C-6D4,ACC31682744,C665579,25143.4,CHF,2026-08-15T17:42:20,card,TT,Timothy Martinez,Executive thus behavior management.,
F974A461-109,ACC99508850,C528231,32291.17,EUR,2026-08-15T17:45:13,swift,TH,Michael Campbell,Large weight scene dream task them.,domestic
AD585387-C80,ACC71662963,C662275,28194.7,CHF,2026-08-15T18:23:25,cash_deposit,DJ,Kevin Pham,Consider here grow agreement range stuff.,
1F3F1E6F-44F,ACC20200074,C720859,2092.49,GBP,2026-08-15T19:10:24,wire,LK,Steven Smith,Whose three society enough attention raise also.,cross_border
D9F4B432-1DB,ACC61410126,C827659,29993.16,GBP,2026-08-15T19:13:56,cash_deposit,IR,Kathryn Mcguire,Product soon quality interesting type open hit.,
F3415B74-E82,ACC82498004,C184491,9986.68,EUR,2026-08-15T19:16:23,wire,BO,Kayla Rose,Already room similar section.,domestic
F3D7B0C0-603,ACC63640499,C355836,36800.33,CHF,2026-08-15T19:24:54,crypto,ML,Elizabeth Martinez,Similar design he power discuss quite.,
F13F0302-47E,ACC68186525,C479781,223.04,CHF,2026-08-15T19:38:12,card,LT,Christopher Mckinney,News give moment.,
57D9CDC4-A55,ACC77834855,C612262,35674.35,EUR,2026-08-15T19:49:35,wire,BO,Dylan Cantu,Edge about available rate join.,domestic
4B34DB7D-784,ACC90014570,C835244,43224.8,CHF,2026-08-15T19:49:38,cash_deposit,IN,Christopher Bell,Board contain phone group.,
EC0AB57A-F79,ACC72409658,C563246,30937.91,CHF,2026-08-15T19:59:38,crypto,FJ,Samuel Lee,From market major leave mind live.,
2F4D6CDB-9E0,ACC76344695,C992288,15144.28,EUR,2026-08-15T20:00:06,card,US,Rebecca Thornton,Might want away artist represent PM difficult.,
46B75D9F-75E,ACC35583290,C728492,9343.2,USD,2026-08-15T20:02:53,crypto,PE,Melissa Rice,Service fish evidence whole study experience leave.,
E1855B57-486,ACC22517517,C890170,22001.06,EUR,2026-08-15T20:14:12,cash_deposit,NA,Christopher Martinez,Land rich product.,
BAF3CB8C-171,ACC55176955,C207175,9995.74,CHF,2026-08-15T20:20:20,wire,RO,Thomas Miller,Give gas six miss.,cross_border
54AC9B5B-C88,ACC19943140,C705050,48622.62,EUR,2026-08-15T20:22:44,card,AM,Mary Schwartz,Money note she now make operation control way.,
6272A05E-CEB,ACC50079111,C890075,24333.07,GBP,2026-08-15T21:05:03,cash_deposit,MC,Carl Hicks,Likely energy after ask its.,
46A5F343-C81,ACC69476001,C947272,47954.98,USD,2026-08-15T21:09:29,cash_deposit,PE,Jennifer Hernandez,Mission show company word.,
0D4E7A48-CBD,ACC86483924,C739979,41053.13,USD,2026-08-15T21:53:32,sepa,FJ,Jeremy Newman,Throw per appear Mrs.,
DB1E270A-4BF,ACC13895645,C507746,32359.61,EUR,2026-08-15T22:08:07,cash_deposit,SM,Danielle Russell,Later during there by.,
0760ABB4-AC0,ACC72732043,C233827,40857.17,EUR,2026-08-15T22:19:48,swift,ET,John Vazquez,Own old first TV.,cross_border
6B23F9B9-2AB,ACC46361787,C421517,490.25,GBP,2026-08-15T22:44:10,sepa,DZ,Rebecca Norton,Generation college finally unit base administration hundred.,
3E96AE11-D54,ACC73123515,C120324,31439.25,GBP,2026-08-15T22:48:28,card,VU,James Nolan,Itself including work image.,
5146773D-280,ACC58181396,C988662,49885.16,EUR,2026-08-15T22:55:18,sepa,DE,John Russell,Group show later leg system bed space.,
1140423E-591,ACC42194159,C282256,2457.44,EUR,2026-08-15T23:15:21,cash_deposit,RW,Amber James,Chance high media three no one.,
7A99CC10-358,ACC82498004,C184491,28251.09,EUR,2026-08-15T23:16:15,sepa,SA,Alexis Edwards,By deep major bit pass low eye.,
B1F84E59-558,ACC38195995,C815198,11758.15,EUR,2026-08-15T23:20:58,card,LV,Dominic Bass,Follow thing at school.,
475E4F2A-4BA,ACC82498004,C184491,17880.25,EUR,2026-08-15T23:36:29,card,ZW,Michelle Vance,Top everyone who indicate.,
5A2086D6-484,ACC42194159,C282256,39662.86,GBP,2026-08-15T23:42:29,card,SE,Patricia Jenkins,Method buy light two picture newspaper heart.,
0E840736-237,ACC85543051,C418594,34834.41,USD,2026-08-15T23:48:09,cash_deposit,AM,Amanda Morgan,Save challenge goal nature also school.,
29A1B815-19F,ACC71662963,C662275,15909.71,USD,2026-08-16T00:28:12,swift,MR,Christopher Taylor,Blood particularly could us hotel lead.,domestic
35CED96A-866,ACC49172995,C633590,10168.06,CHF,2026-08-16T00:35:53,cash_deposit,NL,Ryan Murphy,Consumer they picture social way nice.,
C39EF2E6-393,ACC45351479,C624902,1249.53,EUR,2026-08-16T00:45:03,cash_deposit,TV,Melissa Bautista,Thank plant nearly stage determine.,
2E3A204F-0E3,ACC21267237,C773971,7589.73,CHF,2026-08-16T00:49:57,sepa,IS,Erica Trevino,Police major study drive environment.,
888CF34A-41F,ACC85146293,C526117,47834.98,EUR,2026-08-16T00:51:54,wire,NE,Samuel Day,Once be end key bank ago.,cross_border
CDF94263-A12,ACC66722344,C456778,3057.27,CHF,2026-08-16T01:00:10,sepa,ML,Tommy Wallace,Bill beautiful issue news mention.,
B12DC591-D92,ACC76481885,C138817,32282.26,USD,2026-08-16T02:18:05,card,BO,Vanessa Rivera,Certain true edge visit.,
15BBBAE3-BF2,ACC65682626,C527398,9217.62,USD,2026-08-16T02:32:28,wire,RU,Michael Jackson,Authority next evening similar new they.,domestic
B0849995-D37,ACC38470244,C472060,36217.69,GBP,2026-08-16T03:00:56,card,AL,Gina Hendrix,Wrong indicate perhaps factor part.,
AEA5A2A6-052,ACC41348220,C997594,24188.33,EUR,2026-08-16T03:08:42,swift,SA,Amanda Wood,Business high Mrs soldier building.,domestic
294325E7-4AD,ACC73481797,C839485,48203.91,EUR,2026-08-16T03:17:26,swift,CV,Renee Sullivan,Answer process quickly international.,cross_border
D737A186-F9A,ACC82287061,C607868,7394.34,GBP,2026-08-16T03:20:04,cash_deposit,VE,Aaron West,Occur benefit medical dark simple always.,
DE054727-C43,ACC31682744,C665579,46858.77,USD,2026-08-16T03:21:08,card,LB,Jessica Bradley,Today standard last threat when education.,
DC5C6D72-CA1,ACC15614174,C423232,23525.2,EUR,2026-08-16T03:34:20,cash_deposit,ST,Curtis Ramos,Believe successful suffer property store hear.,
E7498E44-E36,ACC58884978,C552248,39167.83,CHF,2026-08-16T03:39:46,cash_deposit,TO,Sheila Johnson,Audience describe fly who.,
1F4AE7DB-EC2,ACC42614537,C922733,48108.69,USD,2026-08-16T03:47:06,card,KW,Joy Gonzalez,Law clear campaign what buy test need hard.,
0D97BF4E-C93,ACC90014570,C835244,44276.7,CHF,2026-08-16T04:04:51,cash_deposit,IE,Jeffrey Rodriguez PhD,Middle doctor economy region out.,
DD22B194-A20,ACC50079111,C890075,8474.27,EUR,2026-08-16T04:35:56,swift,RU,Patrick Cox,Them reach live place provide.,domestic
CCCB48DA-321,ACC36726767,C254511,48202.3,CHF,2026-08-16T05:00:56,swift,CY,Crystal Hernandez,How enter seek six.,domestic
8425D62D-817,ACC83793389,C273148,5525.7,GBP,2026-08-16T05:05:19,crypto,ST,Kenneth Johnson,Language live board financial century.,
4205D9F9-31E,ACC73771720,C740967,44640.47,EUR,2026-08-16T05:12:31,card,MK,George Jones,Several be concern tree close plan maintain human.,
922FEEB5-908,ACC71070189,C399105,11507.96,CHF,2026-08-16T05:18:31,swift,BF,Geoffrey Franklin,Understand across use international talk.,cross_border
8B3F0EFB-A5D,ACC81621574,C498468,1781.4,USD,2026-08-16T05:29:11,card,CN,Mary Stephens,Clear coach past business assume various.,
9D0608DD-1ED,ACC63640499,C355836,9048.77,CHF,2026-08-16T05:56:08,wire,NE,Emily Duran,Resource find same including reduce move surface.,domestic
41707FAB-7E8,ACC92874006,C171744,42076.37,CHF,2026-08-16T06:02:53,card,BD,Lori Jacobs,Sit maintain painting against.,
6716A2AC-E32,ACC99943797,C209680,24202.12,USD,2026-08-16T06:43:00,cash_deposit,ID,Jason Bryant,Ten concern difficult break ok.,
AE3B0BAC-55F,ACC36757737,C979995,43079.91,CHF,2026-08-16T06:43:34,card,DJ,James Nicholson,Now black see arrive mother property.,
0C50E2EF-C2F,ACC69476001,C947272,39121.54,GBP,2026-08-16T06:57:13,swift,BA,Randy Miller,Concern him more young receive model.,domestic
1264DC40-BEE,ACC35487660,C411120,4882.8,USD,2026-08-16T07:11:34,wire,PL,Miss Emily Simmons,Season dinner stage.,cross_border
ECD84627-AFC,ACC81621574,C498468,491402.97,CHF,2026-08-16T07:13:47,wire,MU,Robin Hill,Spend TV production material.,cross_border
D3D02FD1-036,ACC22130508,C555052,26199.05,USD,2026-08-16T07:18:13,card,GN,Karen Decker,Perform never else issue mind same station.,
FEEEC364-269,ACC55176955,C207175,12873.76,EUR,2026-08-16T07:33:17,card,KH,Carly Riggs,Might necessary former interview left.,
5C9E151A-75E,ACC21819185,C429795,18762.05,CHF,2026-08-16T07:34:00,swift,IR,Sarah Craig,Ground dinner although it world off police.,domestic
A9D79246-593,ACC55176955,C207175,23317.86,CHF,2026-08-16T07:34:14,cash_deposit,BS,Mary Kelly,And worker quality hundred sell whole involve action.,
E725F868-97E,ACC68942178,C230394,31251.26,CHF,2026-08-16T07:38:58,sepa,AR,Amber Potter,Break leave truth.,
A6082CD8-DD2,ACC72732043,C233827,44533.72,CHF,2026-08-16T07:42:20,wire,IN,Tony Hernandez,South win situation heavy.,cross_border
F77AA77A-626,ACC81691040,C864544,27680.67,USD,2026-08-16T08:20:13,wire,MK,Sharon Young,Hour fish him high nation production little could.,cross_border
D5736479-B70,ACC24508349,C501124,9337.15,CHF,2026-08-16T08:40:18,swift,DE,Holly Cochran,Professor side type interest I.,cross_border
233E18D6-C0F,ACC65682626,C527398,32090.7,EUR,2026-08-16T08:57:35,sepa,SG,Dr. David Luna,Surface food my or their form pressure.,
2243C6F6-639,ACC35583290,C728492,22804.84,USD,2026-08-16T09:01:46,swift,FI,Kelly Singh,Share level recognize establish somebody enjoy do.,cross_border
7448AAB5-F2A,ACC45351479,C624902,619.42,EUR,2026-08-16T09:07:21,cash_deposit,AO,Pamela Newman,Car show environment.,
560451AC-E8D,ACC72409658,C563246,46192.25,USD,2026-08-16T09:26:51,card,SN,Linda Wilson,With energy thing little plant.,
0183B21D-7FB,ACC70467027,C564226,24131.55,GBP,2026-08-16T09:26:59,cash_deposit,HT,Paul Cooley,Street decision purpose candidate church source fish.,
C45EF567-A91,ACC12614124,C217301,9535.3,EUR,2026-08-16T09:29:02,swift,JO,Kathryn Jennings,Race model face newspaper class main ask.,cross_border
9ABD17A4-546,ACC22534217,C958179,28082.26,EUR,2026-08-16T09:34:42,wire,PK,Jeremy Levy,Analysis early participant kitchen.,domestic
3F54141E-571,ACC88320463,C518801,26037.25,CHF,2026-08-16T09:49:23,wire,NE,Kenneth Williams,Brother figure hear family.,domestic
9B594002-991,ACC35714784,C299448,5555.47,EUR,2026-08-16T10:00:37,wire,NG,Brenda Ramirez,Shoulder list several assume lawyer field.,domestic
F353C437-DCF,ACC94120751,C350867,26140.7,GBP,2026-08-16T10:25:45,card,AG,Damon Rodriguez DDS,Stay television during you prepare student guy.,
1AF98184-D14,ACC90267122,C141797,9976.22,CHF,2026-08-16T10:33:08,crypto,FM,Edward Cook,Send example practice single store.,
9218182B-865,ACC31682744,C665579,40294.02,EUR,2026-08-16T10:54:44,swift,BD,Eric Baker,Social here recognize understand on build floor challenge.,cross_border
52FB03AC-6BA,ACC77827638,C731262,47441.69,CHF,2026-08-16T11:02:20,crypto,BI,Kathryn Herrera,Middle drop century investment pass drive indicate professor.,
25FBE47B-183,ACC43273328,C335612,41325.48,CHF,2026-08-16T11:26:30,wire,JM,Stanley Jones,Station them operation off no just.,cross_border
2F00BF7A-070,ACC90014570,C835244,17241.58,CHF,2026-08-16T11:52:08,cash_deposit,GB,Mrs. Donna Benjamin,Case health art art catch sure.,
202B2DBD-FE8,ACC49172995,C633590,9976.42,CHF,2026-08-16T11:56:50,wire,ET,Jeffrey Oliver,Good camera those woman.,domestic
E8197576-B40,ACC36786211,C956253,10365.01,GBP,2026-08-16T12:03:02,card,BY,Christopher Clark,Activity ability loss sing turn light.,
AC8752A9-643,ACC19584466,C162535,27321.37,EUR,2026-08-16T12:13:00,cash_deposit,VN,Mr. Adrian Ross IV,Field agent responsibility organization tree particularly.,
DB13BE49-D10,ACC85543051,C418594,40541.79,EUR,2026-08-16T12:20:52,swift,RU,Cheryl Boyd,Most must herself impact travel.,cross_border
10CA85FA-CBC,ACC72409658,C563246,48466.54,EUR,2026-08-16T12:26:25,wire,IN,Charles Brown,Exist staff apply become condition majority and.,domestic
F1597882-9F8,ACC17634247,C632496,11262.71,EUR,2026-08-16T12:28:38,swift,AD,Antonio Wilcox,Record spring sport usually as until happen power.,domestic
47B109DC-712,ACC83089925,C335729,9977.46,USD,2026-08-16T12:53:16,card,TH,John Johnson,Commercial remember series save part court.,
CF075F87-751,ACC41348220,C997594,46602.02,CHF,2026-08-16T12:57:21,swift,HN,Allison Contreras,Participant worry foreign something write foreign billion.,domestic
169FC748-B6D,ACC90014570,C835244,11166.35,EUR,2026-08-16T13:01:11,card,CU,William Jones,School perform professor film film there.,
6C235438-53B,ACC99889098,C850981,36008.11,CHF,2026-08-16T13:26:03,crypto,MG,Cynthia Decker,Mrs throughout career make law thousand.,
A24A80EE-3CC,ACC34627347,C392075,10986.79,GBP,2026-08-16T13:44:03,swift,KP,Sara Warren,Each help line.,domestic
B1E60762-122,ACC81691040,C864544,24532.64,EUR,2026-08-16T14:14:21,card,EC,Andrew Harris,Kitchen agent lot matter.,
05630E6F-B37,ACC82498004,C184491,9984.67,USD,2026-08-16T14:52:11,swift,BE,Holly Garcia,Standard fire item throw.,cross_border
BE0A553F-3D5,ACC99038359,C989208,47358.24,USD,2026-08-16T15:01:40,cash_deposit,KW,Randy Shannon,Site white try mind close seem.,
436AB2B2-B80,ACC55176955,C207175,14599.45,EUR,2026-08-16T15:25:59,sepa,MV,Mark Jones,Would value car.,
D77D4A29-CE2,ACC22660194,C201639,20423.06,GBP,2026-08-16T15:27:14,wire,AL,Deborah Moreno,They case TV team song.,domestic
F3BA2A8B-AC9,ACC12614124,C217301,47405.98,CHF,2026-08-16T15:28:25,card,RO,Joseph Bowman,Without task process center.,
C9D83BEC-76E,ACC97971488,C623481,3453.14,USD,2026-08-16T15:56:25,swift,MR,Jeff Vega,These view guy resource start.,cross_border
C62E8E55-7D6,ACC19528530,C842225,46300.01,GBP,2026-08-16T16:52:13,wire,VE,Bridget Wallace,Career herself here.,cross_border
0C7EE7DD-71B,ACC39587039,C571029,15213.19,GBP,2026-08-16T17:04:32,swift,HU,Cody Holmes,Brother simple region Democrat partner really your.,domestic
427E362C-177,ACC94525678,C703634,5445.2,EUR,2026-08-16T17:07:25,swift,IT,Stephanie Johnson,Price single road always phone somebody girl machine.,cross_border
A6B0BC9F-735,ACC92874006,C171744,28011.89,CHF,2026-08-16T17:10:40,swift,ST,Janet Wilcox,Across test do.,cross_border
DF5C9D2F-614,ACC19233013,C356150,3354.63,CHF,2026-08-16T17:14:49,swift,BH,Monica Hays,Forget responsibility today difficult if.,domestic
478935E2-B83,ACC23492385,C973074,22356.43,CHF,2026-08-16T17:16:31,card,CZ,Teresa Gonzalez,Piece identify attention exactly dinner.,
6C3A99E8-B7E,ACC63640499,C355836,5904.04,GBP,2026-08-16T17:17:41,wire,BJ,Tami Johnson,Agree activity bill say.,cross_border
ADF148CC-477,ACC45935572,C169403,40149.08,CHF,2026-08-16T17:19:47,card,SR,Nancy Goodwin,Send set fly today me.,
A1A6493C-598,ACC73771720,C740967,43818.18,USD,2026-08-16T17:29:06,card,VA,Christopher Abbott,Only hard wife fly more someone thought back.,
2AF71685-AEB,ACC83793389,C273148,25243.15,GBP,2026-08-16T17:34:44,cash_deposit,OM,Jeff Jackson,Maintain see natural human father itself family.,
D77B08F2-8D8,ACC39958838,C246316,22583.23,USD,2026-08-16T18:33:49,cash_deposit,QA,Jennifer Jones,Rather charge specific we be easy newspaper indicate.,
20BF97F1-407,ACC19528530,C842225,46450.88,CHF,2026-08-16T19:14:49,swift,BN,Steven Freeman,Mr cold science western.,domestic
97C100F8-D89,ACC50071487,C978157,45158.87,GBP,2026-08-16T19:30:09,swift,BH,Andrew Thornton,Daughter yet into participant cut.,cross_border
66834164-EDE,ACC36786211,C956253,38402.59,CHF,2026-08-16T19:30:31,crypto,HR,Linda Fleming,Need scene health off.,
03F4A467-B2C,ACC73083727,C464863,22334.58,CHF,2026-08-16T19:31:33,swift,LC,Amber Middleton,Notice like him protect appear civil agent.,domestic
86123BBB-183,ACC95822412,C216739,39341.86,EUR,2026-08-16T19:36:08,crypto,BY,Carla Collins,Agent find quality when however resource away real.,
68EA5D50-33C,ACC73083727,C464863,26011.87,GBP,2026-08-16T19:42:23,cash_deposit,IN,Maria Ford,Professional yes argue late edge career seem.,
E7089317-203,ACC75529051,C330080,11325.73,EUR,2026-08-16T19:42:48,wire,KZ,Mark Soto,Become possible admit every professional green.,domestic
BCA7B51A-CF0,ACC58884978,C552248,44252.05,EUR,2026-08-16T20:04:06,card,PA,Jacob Wu,Today next person walk ready.,
4DF78B4A-E38,ACC54058573,C392136,32186.03,GBP,2026-08-16T20:21:12,sepa,KG,David Wolf,News according above food reduce condition maintain.,
C3033814-729,ACC17275149,C296694,27676.77,CHF,2026-08-16T20:23:54,card,VE,Alicia Williams,Tough game out heavy story.,
E7096D44-367,ACC39042654,C874483,4502.21,EUR,2026-08-16T20:27:31,card,CV,Stacy Mcknight,Pass newspaper computer serve thus.,
D5B4E967-AC0,ACC87267850,C498858,42662.26,USD,2026-08-16T20:36:50,crypto,KP,Kevin Moore,Ask present ten eight serve dog.,
0AFC544E-47E,ACC42194159,C282256,9981.26,GBP,2026-08-16T20:43:58,wire,EE,Michael Watkins,Crime generation else north.,cross_border
AA1CA805-E26,ACC32775593,C790855,37097.97,USD,2026-08-16T20:59:26,card,TV,Sarah Mclaughlin,Occur pressure explain Republican American true ago.,
E45B1329-28B,ACC35714784,C299448,34825.88,GBP,2026-08-16T21:03:28,sepa,MU,Kathy Roberts,End be spend outside office.,
29EBA88D-876,ACC92874006,C171744,43341.89,GBP,2026-08-16T21:22:39,card,PY,Victoria Rivera,Note course attorney discover.,
1A997B6D-2E6,ACC72409658,C563246,46682.01,CHF,2026-08-16T22:09:44,card,CL,Elizabeth Montgomery,Put day space role sure above whom.,
888A3F31-FE5,ACC86483924,C739979,34378.77,GBP,2026-08-16T22:15:59,wire,AD,Mark Pham,Me suggest either.,cross_border
8148170B-959,ACC50071487,C978157,34639.11,USD,2026-08-16T22:29:26,crypto,BG,John Medina,Long significant and Democrat second friend.,
C5C750AF-4F5,ACC34627347,C392075,44569.71,USD,2026-08-16T22:37:17,sepa,BB,Steven Smith,World sister garden down television tree say.,
C0207FFD-530,ACC25480907,C373903,44649.51,GBP,2026-08-16T22:39:28,sepa,ZW,Kevin Smith,Late maybe increase occur ever.,
FAB0D2CA-508,ACC25228493,C583863,4658.68,CHF,2026-08-16T22:45:38,cash_deposit,MR,Mark Craig,Total seem point final kitchen hear interest.,
6AD7A7AD-864,ACC58884978,C552248,16516.15,EUR,2026-08-16T22:57:41,swift,KP,Brittany Mejia,Beat receive data base difference begin option figure.,domestic
90C7F514-6B4,ACC21631697,C392477,35777.69,USD,2026-08-16T23:03:27,card,IQ,Darren Pineda,Idea note build rest use listen.,
78D5A913-2F3,ACC61642594,C500156,40357.11,EUR,2026-08-16T23:16:06,card,CH,Bethany Edwards,Officer ability artist movie suggest woman.,
990A98D4-977,ACC68571795,C735656,13044.49,USD,2026-08-16T23:41:12,card,EG,Christina Fletcher,Since article trip cultural learn race audience public.,
AE8FB79A-2F5,ACC90585882,C944657,9976.99,EUR,2026-08-17T00:02:15,crypto,KP,William Craig,Process create bad her.,
B65296D0-F87,ACC83534128,C567574,42501.71,CHF,2026-08-17T00:37:51,wire,BH,Shawn Davis,Ready eight ready gas win indeed.,cross_border
30EA6D0A-4D4,ACC68571795,C735656,18496.05,GBP,2026-08-17T00:57:34,sepa,CD,Monica Armstrong,Officer team organization level plant upon receive.,
0E618713-F4D,ACC94525678,C703634,13012.88,GBP,2026-08-17T01:08:21,card,ML,Emma Stevenson,Upon speak be say lead right.,
A257B88A-EFC,ACC86460539,C358175,11269.24,GBP,2026-08-17T01:24:39,swift,JO,Thomas Friedman,Despite charge fish serious red I.,cross_border
1E43199D-875,ACC86483924,C739979,31389.25,EUR,2026-08-17T01:39:57,sepa,LR,Jane Kirby,Around radio trouble industry only simply.,
767A3F6A-BBB,ACC45570755,C455007,28236.89,EUR,2026-08-17T01:41:06,swift,TD,Stephen Guerra,Wide present involve white choice.,cross_border
6DC4E453-496,ACC42194159,C282256,46404.54,EUR,2026-08-17T01:42:12,sepa,NP,Timothy Savage,Accept seem near rock team.,
43AC56A8-E74,ACC83534128,C567574,2060.9,GBP,2026-08-17T01:48:05,card,VC,Stacey Harding,Even fact challenge back level.,
9104E231-074,ACC66722344,C456778,28639.36,EUR,2026-08-17T02:05:16,crypto,ET,Nicole Rocha,Region however dream focus executive letter possible final.,
B50B2C04-970,ACC25374874,C814825,24880.77,EUR,2026-08-17T02:06:39,wire,KM,Kyle White,Language fire always offer present because either.,cross_border
D1AD50AD-1E9,ACC58436637,C288158,31786.6,CHF,2026-08-17T02:09:49,cash_deposit,MW,David Hernandez,Realize marriage hope board movie sister book.,
DCDEA0D5-304,ACC38470244,C472060,38747.12,USD,2026-08-17T02:12:28,crypto,TN,Jason Hampton,Interest financial purpose however.,
FC753F78-045,ACC73481797,C839485,9978.26,CHF,2026-08-17T02:13:58,crypto,VE,Jenna Brown,Bit drug why treatment pull.,
873A9E0F-2A6,ACC55176955,C207175,4684.09,USD,2026-08-17T02:15:02,wire,IR,Cynthia Cochran,Ready technology particular into pattern size spend south.,cross_border
FDF48890-005,ACC36726767,C254511,15343.08,EUR,2026-08-17T02:36:35,swift,SZ,Larry Crosby,Job about power operation such.,domestic
14C1DB12-578,ACC24508349,C501124,26735.76,EUR,2026-08-17T02:39:03,card,IN,Jennifer Allen,Know feel let edge southern.,
B4E98A4E-8F7,ACC19584466,C162535,40416.68,GBP,2026-08-17T02:51:53,card,HU,Stacey Lopez,Collection especially experience single speak upon personal.,
E389368F-102,ACC61410126,C827659,3627.8,CHF,2026-08-17T02:54:30,sepa,TZ,John Hart,Meeting treatment clearly officer purpose ask these.,
6FBE6492-BA3,ACC21267237,C773971,15958.78,USD,2026-08-17T03:05:55,crypto,CZ,Kevin Morrison,Chance step civil drop ball forget magazine.,
65053070-A71,ACC69476001,C947272,15298.02,GBP,2026-08-17T03:13:39,wire,NE,Dr. Kylie Hamilton,Near support chair.,cross_border
2451F607-566,ACC67062156,C329471,28517.93,GBP,2026-08-17T03:14:17,card,SB,James Webb,Writer child eat agree.,
D8304378-387,ACC88320463,C518801,38812.97,USD,2026-08-17T03:49:00,card,SM,Joy Johnson,Want hard weight own.,
00EAF724-0EA,ACC84903294,C901577,29989.71,USD,2026-08-17T03:55:10,sepa,MR,Andrew Espinoza,Identify wide five really card arm.,
A9FC69A1-ED5,ACC40742311,C961722,36212.1,CHF,2026-08-17T04:07:02,crypto,NA,Matthew Mills,Chance often under already center president likely.,
ABFDE8D3-732,ACC82160068,C323508,46547.8,GBP,2026-08-17T04:35:59,card,FM,Samuel Rocha,Recent vote wall become area break.,
CFAF839A-2EA,ACC78387461,C617488,27131.01,EUR,2026-08-17T04:49:51,sepa,BI,Thomas Norton,Mouth reason fish involve player.,
CC9A881B-0B4,ACC38470244,C472060,16956.67,GBP,2026-08-17T04:51:32,crypto,FR,Stephanie Clark,Indicate trouble management cultural bill.,
77BD826C-DA5,ACC52091325,C159942,31649.67,EUR,2026-08-17T04:52:56,sepa,FR,Adrian Brown,Newspaper happy subject success traditional leave.,
9D504FE0-11C,ACC72409658,C563246,8881.03,GBP,2026-08-17T06:15:26,swift,MM,Sabrina Adams,Along lawyer day Mrs population kid room.,domestic
04ED3B1D-97D,ACC99508850,C528231,9993.33,USD,2026-08-17T06:37:04,swift,NI,Timothy Scott,Republican bank billion old measure art.,cross_border
0E6E187A-A76,ACC41329612,C377405,21168.93,CHF,2026-08-17T07:05:12,wire,MY,Latasha Miller,Religious she hundred chair trouble book poor.,domestic
A295038E-3DD,ACC36726767,C254511,42797.73,CHF,2026-08-17T07:13:06,sepa,JM,William Hall,Almost positive benefit leg stock section kid.,
DC3D8997-F99,ACC19528530,C842225,19771.67,EUR,2026-08-17T07:30:27,wire,TN,Pamela Johnson,Available power treat visit population executive pattern.,cross_border
15C49E22-8C6,ACC38470244,C472060,37508.27,CHF,2026-08-17T07:40:54,card,CD,Hailey Andrews,Place pretty perhaps official serve listen save blue.,
DCD97336-147,ACC71662963,C662275,31432.25,EUR,2026-08-17T07:54:45,card,SC,Jane Evans,That character yeah.,
96C2EC1C-BE1,ACC25228493,C583863,30161.7,CHF,2026-08-17T07:55:37,sepa,SG,Valerie Ho,Probably worry people former performance tax too when.,
DC2EFAE6-3F0,ACC17634247,C632496,19173.84,EUR,2026-08-17T08:08:37,cash_deposit,FI,Larry Perez,Realize but truth several more physical beautiful.,
D5C23A4A-CD0,ACC75529051,C330080,33687.69,USD,2026-08-17T08:25:50,card,ER,Sydney Fox,Major pick plan mean teacher chair reduce.,
44EB7D93-173,ACC69476001,C947272,23664.16,USD,2026-08-17T08:46:29,card,GB,Corey Adams,Chance onto significant sure evening together take.,
14B998ED-274,ACC32097220,C497382,46226.55,EUR,2026-08-17T08:54:27,swift,DK,Spencer Kelly,Scene do work win health usually much.,domestic
58513559-6F1,ACC35714784,C299448,9901.84,GBP,2026-08-17T08:59:17,sepa,NE,Maria Wu DVM,Future door budget south.,
1AC85DCB-EFE,ACC32097220,C497382,14471.66,USD,2026-08-17T08:59:21,wire,OM,Janet Hawkins,Bill traditional western chance machine.,domestic
1FAFFC25-438,ACC88183110,C679364,40749.17,EUR,2026-08-17T09:03:46,card,NP,Lauren Wells,Half particular glass human show image.,
43904BC1-981,ACC20099059,C824586,6297.08,GBP,2026-08-17T09:04:21,sepa,MN,Jason Taylor,When official wife.,
49986DF6-399,ACC82160068,C323508,40118.77,CHF,2026-08-17T09:46:24,wire,RW,Karina Monroe,Language information tell.,domestic
600617D2-0E8,ACC25312516,C962050,9984.66,CHF,2026-08-17T09:47:59,sepa,RO,Janice Phillips,Executive behind music build same great week window.,
BACCE0EC-54D,ACC39958838,C246316,24518.54,USD,2026-08-17T09:52:11,wire,HT,Emily Newton,Course school everybody operation.,domestic
E29322B9-2AD,ACC91178885,C320861,2061.32,USD,2026-08-17T10:08:56,crypto,TJ,Linda Bailey,Morning exist stuff executive form woman.,
ECC3D684-ACB,ACC22660194,C201639,13529.04,USD,2026-08-17T10:41:49,swift,CU,Brandon Lopez,Land you health enjoy at.,domestic
D9ACD52A-433,ACC75529051,C330080,34476.63,USD,2026-08-17T10:49:40,card,SB,Jeremy Harris,Style whatever watch kind everyone point network.,
FB55D49A-0C0,ACC22660194,C201639,18034.83,EUR,2026-08-17T10:50:52,crypto,KE,Ronald Becker,Effect week instead group.,
8FCCE8BB-FA8,ACC25228493,C583863,18275.08,EUR,2026-08-17T10:56:42,swift,KN,Christopher Jones,Full find teacher nation themselves between.,domestic
C57277F3-2AC,ACC40742311,C961722,44540.98,CHF,2026-08-17T11:08:46,sepa,RO,Taylor Howard,Hundred place where before movement.,
27F28722-8EC,ACC73481797,C839485,31888.01,USD,2026-08-17T11:09:18,swift,CR,Tina Cherry,Bar old her true sort that though collection.,cross_border
FB965AA1-D10,ACC63640499,C355836,31192.84,EUR,2026-08-17T11:09:56,card,SM,Timothy Lee,Memory should eye career.,
4048A476-CAA,ACC38195995,C815198,43203.08,GBP,2026-08-17T11:52:12,card,AZ,Jennifer Duncan,Group best debate significant edge.,
63447280-F0C,ACC25228493,C583863,20942.6,USD,2026-08-17T12:30:32,wire,HR,Sara Daniels,To history old little step theory unit.,cross_border
B23D96B0-D31,ACC45551614,C246413,8653.4,GBP,2026-08-17T12:58:51,crypto,KZ,Kevin Bean,Child ball store process law western.,
BFE9CEF4-AE6,ACC65259205,C941204,27198.46,GBP,2026-08-17T13:05:02,card,GB,Robert Simon,Do key night open third whatever.,
C10E2991-3BC,ACC82160068,C323508,6625.68,USD,2026-08-17T14:10:27,wire,PL,Robert Fischer,Mother political discover professor article best fish.,cross_border
D412E04E-F4D,ACC46540265,C624783,24128.82,CHF,2026-08-17T14:27:13,wire,ST,Jennifer Fischer,Those beat never part ask author.,cross_border
006F45E1-E2C,ACC39587039,C571029,12537.76,USD,2026-08-17T14:29:14,wire,FR,Benjamin Thompson,Young specific whose worry property remember.,domestic
7F71220E-CD1,ACC65692629,C456385,35402.92,USD,2026-08-17T14:44:39,card,BH,Nathan Cline,Process parent movement term.,
43D1578C-ECC,ACC18357162,C316881,27430.95,USD,2026-08-17T14:47:11,card,BY,Lisa Lawson,Whole play like night security week.,
AFDD7D8C-D77,ACC23492385,C973074,8599.81,USD,2026-08-17T15:16:52,swift,RU,Kenneth Duncan,Take pretty painting beat here.,cross_border
379B94E1-384,ACC87282128,C810250,8010.26,CHF,2026-08-17T15:22:36,wire,KH,Erin Kirk,Official alone government machine.,domestic
BE0E1A17-EE0,ACC35714784,C299448,11993.7,CHF,2026-08-17T15:54:03,crypto,CY,Erika Jenkins,Quite kitchen cut play deal good thank.,
2EBDE402-80A,ACC21267237,C773971,20072.27,GBP,2026-08-17T16:02:02,card,ST,Ricky Griffin,Offer how fill hand final.,
0551F868-617,ACC22130508,C555052,26512.82,USD,2026-08-17T16:06:07,swift,MH,Rebecca Preston,Parent idea child.,domestic
0427F728-639,ACC25312516,C962050,12628.49,GBP,2026-08-17T16:10:26,card,YE,Michele Thomas,Successful method as act.,
00E3DC0D-D8B,ACC88961459,C680828,37530.04,USD,2026-08-17T16:25:50,swift,MZ,Laurie Chambers,Kitchen public set action bring.,domestic
60973854-448,ACC97225156,C491559,29992.12,CHF,2026-08-17T16:28:59,sepa,UZ,Daniel Gay,Eye ten short worker without nearly goal.,
DFF605EC-EB4,ACC83793389,C273148,43602.02,CHF,2026-08-17T16:49:48,sepa,IR,Jamie Morales,Technology baby mean region run.,
92D9A4E9-C37,ACC34627347,C392075,10611.18,GBP,2026-08-17T17:08:48,swift,PT,Lisa Gonzalez,Before quickly manage care popular yourself always image.,domestic
BF66C28A-76A,ACC88320463,C518801,44128.6,EUR,2026-08-17T17:09:12,card,TJ,Angela Friedman,Officer apply now country live to build.,
FCB530C1-453,ACC84411983,C233470,51.02,EUR,2026-08-17T17:10:18,crypto,FJ,Kimberly Cochran,Mouth happen play why campaign.,
0DDFB67C-DAC,ACC99788677,C608993,34758.12,EUR,2026-08-17T17:41:10,cash_deposit,ET,Angela Lopez,Series direction house structure father include.,
26AF05B0-627,ACC38195995,C815198,1292.71,GBP,2026-08-17T17:50:32,sepa,QA,Alicia Herrera,Recent significant watch present summer lose quality.,
04CC9F2D-6D9,ACC99508850,C528231,20923.86,EUR,2026-08-17T17:55:37,wire,KN,Christopher Blevins,Expect see into forget catch.,domestic
A5E60807-07F,ACC84813739,C361303,1520.05,USD,2026-08-17T18:07:42,card,CN,Rebecca Walsh,Among ever goal someone commercial fight worry.,
CD4498E4-B67,ACC34627347,C392075,33415.08,GBP,2026-08-17T18:16:42,cash_deposit,SM,Suzanne Rodgers,Personal else tax concern way.,
B4DCC972-60F,ACC35848226,C430876,8921.35,USD,2026-08-17T18:26:06,swift,EE,Gerald Riley,Detail many natural attorney use.,domestic
C8B4292F-F98,ACC21490777,C353080,49205.46,USD,2026-08-17T19:04:52,swift,KW,Kaitlyn Sparks,Imagine front involve doctor we quickly deep.,cross_border
C5E96701-F0C,ACC73771720,C740967,6707.98,GBP,2026-08-17T19:07:01,cash_deposit,US,James Eaton,We weight tree fine event police.,
4891D508-8CD,ACC88183110,C679364,20317.48,USD,2026-08-17T19:31:22,wire,JP,Ashley Valentine,Form necessary country attorney statement opportunity.,cross_border
9B54558C-0EB,ACC69476001,C947272,49066.61,EUR,2026-08-17T19:35:09,swift,GQ,Steven Thompson,System environmental consumer model leave hour.,cross_border
23BC8F6C-5EA,ACC78387461,C617488,24079.96,CHF,2026-08-17T19:35:16,crypto,TT,Antonio Johnson,Three really site artist sort area.,
D6D4827C-1E7,ACC98231132,C712024,45048.82,GBP,2026-08-17T19:43:21,cash_deposit,EG,Evelyn Lewis,Keep ahead material lose home.,
74B0122C-C1F,ACC94120751,C350867,28424.02,USD,2026-08-17T19:50:27,crypto,BD,Elizabeth Hayes,Security pattern send.,
7DDB0D99-0DD,ACC19528530,C842225,24756.33,EUR,2026-08-17T20:02:56,sepa,MZ,Heather Mcmahon,Third leave laugh weight less full.,
AFD674C8-4BF,ACC45551614,C246413,46211.42,USD,2026-08-17T20:12:03,wire,BT,Connor Cabrera,Teacher decide possible power job.,domestic
777755C9-0F0,ACC90267122,C141797,5532.04,CHF,2026-08-17T20:37:44,cash_deposit,SY,Matthew Jenkins,Cup help not policy country the meet.,
AB3EA018-1B1,ACC87342561,C142185,9992.21,EUR,2026-08-17T20:46:44,wire,NI,Alicia Jackson,Manage soldier national because we read three as.,cross_border
CABB3E19-633,ACC67110154,C882169,27884.46,USD,2026-08-17T21:16:22,wire,KP,Jo Ward,Notice only walk spend for.,cross_border
1EEC1508-B6D,ACC19736572,C109767,17263.86,GBP,2026-08-17T21:17:00,sepa,CY,Sean Cain,Approach risk these senior natural.,
6F790E24-BAF,ACC61642594,C500156,2635.63,EUR,2026-08-17T21:17:59,cash_deposit,GA,Kevin Guerra,Door back right find return.,
1423FBE5-94C,ACC99038359,C989208,249676.41,GBP,2026-08-17T21:38:29,card,IQ,Marissa Acosta,Season sort hospital morning movement probably.,
78696C4C-B13,ACC65259205,C941204,19937.93,USD,2026-08-17T22:11:47,wire,SC,Bradley Cochran,Until I practice herself peace single.,domestic
D8489272-181,ACC46540265,C624783,22897.16,EUR,2026-08-17T22:20:19,card,HU,Jesse Hanson,Build Congress speech southern.,
22DD6A21-D81,ACC39958838,C246316,19859.59,CHF,2026-08-17T22:53:47,cash_deposit,SY,Leslie Kane,Between treat address century that wide.,
C61CE9FB-818,ACC31682744,C665579,9982.83,CHF,2026-08-17T23:05:32,card,KN,Lynn Mueller,True study city follow behavior agent activity show.,
89BB5232-390,ACC25374874,C814825,13965.75,EUR,2026-08-17T23:10:51,swift,KM,Keith Adams,Religious eat participant religious consumer worry.,domestic
B52ABE52-5B0,ACC76344695,C992288,31812.68,USD,2026-08-17T23:15:51,wire,NP,David Roman,Listen long foreign a difference voice likely.,cross_border
178BBC98-700,ACC52091325,C159942,23102.76,GBP,2026-08-17T23:25:30,card,IT,Greg Wood,Recently account forward stuff peace vote meet.,
54BE0C01-F19,ACC52091325,C159942,35604.05,CHF,2026-08-17T23:33:52,wire,GQ,Morgan Anderson,Without everybody research chance system.,cross_border
D858583E-DEA,ACC46540265,C624783,21563.69,GBP,2026-08-18T00:22:58,crypto,KR,Kelly Page,Mother important perhaps least age how.,
40A16856-DEF,ACC40742311,C961722,21280.21,CHF,2026-08-18T00:24:07,sepa,PY,Mark Mills,Dream company reality other response partner.,
52F27A65-4FC,ACC96098221,C634150,19679.74,EUR,2026-08-18T00:51:42,wire,TT,Juan Wise MD,Almost news son indicate for list particularly stop.,domestic
57E72ACA-311,ACC90014570,C835244,30614.69,USD,2026-08-18T01:04:04,card,IR,Jacob Peterson,Class surface bit light play great fly type.,
BF76DF88-3F6,ACC45935572,C169403,136435.43,CHF,2026-08-18T01:08:46,wire,LT,Keith Ramirez,Surface learn commercial gas.,domestic
D9F560ED-736,ACC19289546,C897549,44458.14,CHF,2026-08-18T01:10:16,card,SA,Christopher Pitts,Discussion pressure contain.,
1E50E834-C26,ACC13895645,C507746,279798.82,EUR,2026-08-18T01:11:25,sepa,CD,Kevin Chavez,Show class sense though.,
4E5A289A-B6D,ACC22660194,C201639,22308.33,CHF,2026-08-18T01:24:47,wire,AE,Travis Hicks,Position sense church out explain significant.,domestic
1A9DA144-03F,ACC33357554,C745414,41276.66,CHF,2026-08-18T01:45:32,wire,SK,Todd Walter,True young push low animal how her stuff.,domestic
C63B56A3-F86,ACC87049595,C398151,6255.55,GBP,2026-08-18T02:05:02,cash_deposit,CH,Dennis Harris,Blood position entire by pay major technology.,
766E66D7-922,ACC81503856,C549186,15697.66,GBP,2026-08-18T02:18:46,wire,PS,Melissa King,Article wrong sister.,domestic
F8752389-305,ACC65692629,C456385,13652.13,CHF,2026-08-18T02:50:13,card,KM,Elizabeth Maldonado,Building always himself big memory fish speak area.,
98F96A8E-A96,ACC90014570,C835244,23403.42,USD,2026-08-18T03:29:02,card,FJ,Brenda Frank,Unit prove note arrive class through pay.,
75ECEA04-CE0,ACC95132217,C544151,33424.93,EUR,2026-08-18T03:32:37,wire,RW,Austin Richards,Same poor throw plant green serious.,cross_border
7D099E04-73A,ACC39042654,C874483,32421.57,GBP,2026-08-18T04:36:18,cash_deposit,LT,Lisa Jackson,Trade would idea job.,
6932372A-057,ACC94525678,C703634,9980.34,GBP,2026-08-18T04:49:48,card,BO,Lisa Miller,Development lead player claim everyone live although.,
4E31EF9B-F50,ACC45351479,C624902,9982.6,USD,2026-08-18T05:09:35,swift,MC,Tyler Brown,Scientist however range that will.,cross_border
A966DC96-8FD,ACC89864260,C171262,36001.87,CHF,2026-08-18T05:31:12,crypto,PE,Christopher Dalton,Look feeling surface.,
19037E21-78D,ACC21819185,C429795,45912.15,GBP,2026-08-18T05:31:53,wire,IR,Amanda Benjamin,One sign civil dinner back near.,domestic
861A9E46-45B,ACC71115319,C437408,16792.4,CHF,2026-08-18T05:37:57,crypto,SM,Dr. Jody Scott,Learn wish little side successful.,
0E604650-DE9,ACC82287061,C607868,40079.32,CHF,2026-08-18T06:56:51,card,FI,Christopher Hill,Use all voice future send.,
72662C0F-C6C,ACC68461818,C965845,43222.79,CHF,2026-08-18T06:58:14,wire,AU,Angela Rivers,Sit table hold.,domestic
E104AB63-35D,ACC21490777,C353080,41342.6,GBP,2026-08-18T07:10:12,card,KR,David Hopkins,Light car thousand fear herself scientist partner.,
77D92530-711,ACC68812137,C974244,2129.32,GBP,2026-08-18T07:10:30,wire,NZ,Daniel Fox,Action occur direction community even bed.,cross_border
DF71F990-36C,ACC20200074,C720859,19613.21,GBP,2026-08-18T07:18:55,wire,SV,Travis Drake,New site it level.,cross_border
33F58ECC-6DF,ACC60929647,C383060,41745.26,GBP,2026-08-18T07:25:38,wire,UY,Phillip Wong,To receive education level.,domestic
FEA99E02-CDB,ACC35487660,C411120,40076.47,EUR,2026-08-18T07:39:42,wire,IE,Catherine Rodriguez,Effort old physical product of single despite.,cross_border
76BDD517-E84,ACC58884978,C552248,34954.59,CHF,2026-08-18T07:46:46,card,CA,Christine Hale,Name control tough much something town indicate.,
85F5BF31-5A7,ACC81691040,C864544,24345.37,USD,2026-08-18T07:48:56,swift,BE,Steven Williams,Approach interview condition other or structure.,domestic
FB894AD4-73D,ACC45551614,C246413,23408.28,GBP,2026-08-18T07:51:35,card,CF,Melissa Sparks,Later them card community or foreign.,
58B3B6ED-B78,ACC63640499,C355836,48144.02,USD,2026-08-18T08:03:35,wire,CA,Virginia Small,Walk score military appear without.,domestic
BCB49719-522,ACC46361787,C421517,33808.26,EUR,2026-08-18T08:14:43,wire,DZ,Brian Warren,Interesting rule staff evidence million cold member.,cross_border
02C0A65B-D8A,ACC53536830,C934816,75.58,USD,2026-08-18T08:25:06,sepa,DK,Cameron Edwards,Or difference as method free likely.,
43FBB17E-2B3,ACC40547349,C333752,12753.95,EUR,2026-08-18T08:50:34,cash_deposit,TD,Jeffrey Hobbs,Sing out bed media drug resource.,
426D3DB8-541,ACC83089925,C335729,18030.44,CHF,2026-08-18T08:53:05,card,NL,Patricia Grimes,Discover public something contain tree.,
783846FB-7B0,ACC63121477,C237235,48019.75,USD,2026-08-18T08:55:29,wire,CU,Blake Owens,Result agency wife care way.,domestic
A286AAC0-38E,ACC19528530,C842225,4875.01,GBP,2026-08-18T08:56:12,card,RU,Katelyn Bishop,Most physical along best assume again turn thank.,
FD138BC6-6A7,ACC58181396,C988662,42460.51,EUR,2026-08-18T09:18:35,wire,GN,James Parks,Old else spend against.,domestic
E1F7D422-D4E,ACC39587039,C571029,40675.76,CHF,2026-08-18T09:25:42,wire,MZ,Kayla Rodriguez,Letter environment easy best face.,cross_border
F76636DE-605,ACC85543051,C418594,191828.83,GBP,2026-08-18T09:27:38,swift,GM,Becky Vaughn,Republican despite on north.,cross_border
5BCDFFF5-36C,ACC76344695,C992288,46152.16,USD,2026-08-18T09:29:51,card,TG,Colleen Meyers,Reflect trouble physical feel far.,
4BC9E7B5-99E,ACC32097220,C497382,42275.64,USD,2026-08-18T09:38:15,crypto,NO,Richard Scott,Then situation take contain industry red.,
63AADA2A-AA7,ACC39958838,C246316,36082.58,USD,2026-08-18T10:00:15,wire,IR,Jessica Wolfe,Ahead picture son report.,domestic
7FDAD962-852,ACC48349783,C345884,42817.24,USD,2026-08-18T10:04:02,swift,AR,Kristina Baker,Couple system sport science floor.,domestic
39489D15-330,ACC25228493,C583863,16641.67,CHF,2026-08-18T10:15:16,sepa,CG,Nathan Tran,Newspaper election later detail customer traditional agreement fast.,
0F1B4446-110,ACC58884978,C552248,29658.36,CHF,2026-08-18T10:43:06,wire,AU,Joanna Bradshaw,Easy defense key push space.,cross_border
5942766D-C1A,ACC96098221,C634150,6325.16,USD,2026-08-18T11:02:51,wire,SG,Mrs. Alicia Bowers,Seat care system provide.,domestic
9175A940-FAD,ACC68461818,C965845,9976.58,EUR,2026-08-18T11:08:27,cash_deposit,HT,Amy Johnson,Can money page name public.,
07CD0F42-F02,ACC22534217,C958179,14176.34,USD,2026-08-18T11:45:19,cash_deposit,LK,Mandy Mendoza,End eight own Democrat increase difference.,
D979666C-B28,ACC83932360,C114338,9977.49,USD,2026-08-18T12:00:39,card,UG,Alexandra Brown,Speech support factor left sure detail enter.,
4F71FDD2-D6A,ACC83932360,C114338,42553.4,GBP,2026-08-18T12:20:56,crypto,SY,Mallory Jennings,Name report million yourself best whether exactly necessary.,
51C13769-BF9,ACC24366125,C878480,12074.62,CHF,2026-08-18T12:39:21,wire,NI,Timothy Jacobs,Feel sure me medical apply shoulder it.,domestic
5488509D-458,ACC73481797,C839485,40474.52,GBP,2026-08-18T12:44:51,swift,CM,Robin Richards,Participant possible card occur knowledge bed particularly.,domestic
8F852E1F-BC2,ACC58884978,C552248,15315.46,CHF,2026-08-18T13:01:58,cash_deposit,MA,Cynthia Kemp,Agreement industry party million term whose bill.,
892CC8F3-AC7,ACC71662963,C662275,22010.57,CHF,2026-08-18T13:02:08,wire,PY,Lindsay Smith,Part wall require remember every.,domestic
B3ED30BD-1F3,ACC61410126,C827659,21240.49,USD,2026-08-18T13:13:57,sepa,MR,Jessica Castro,Very describe scientist interview hundred model least.,
F93B2E71-A64,ACC86460539,C358175,2975.25,GBP,2026-08-18T13:14:31,crypto,HR,Stanley Brown,Trouble else third leg simply big.,
31A91D04-AC8,ACC13471527,C195763,49270.7,CHF,2026-08-18T13:23:58,swift,JO,Sara Singh,Movement last modern purpose laugh level.,domestic
FD7C9703-050,ACC68802946,C832168,32386.81,CHF,2026-08-18T13:34:30,cash_deposit,BN,James Johnson,Wrong car prove have serve name.,
B1988C10-D1F,ACC64830300,C572387,7212.86,CHF,2026-08-18T13:38:22,cash_deposit,GE,Jeffrey Hendrix,Another about mention thank base red today.,
31DBF7F1-AAB,ACC90585882,C944657,45710.15,CHF,2026-08-18T13:42:07,swift,WS,Kyle Mendoza,Bag instead finish single old brother car.,cross_border
08DDBD3D-B61,ACC35714784,C299448,29347.59,GBP,2026-08-18T13:46:02,card,FJ,Antonio Cole,Care brother treatment daughter phone they federal rather.,
7329F18A-18F,ACC61642594,C500156,24243.16,GBP,2026-08-18T14:28:26,card,MD,Mark Henson,Within project attack adult treatment large.,
BABC33C4-7BE,ACC63121477,C237235,34863.33,CHF,2026-08-18T15:11:37,card,MY,Richard Booker,Attack suggest television discussion be.,
E1797DE2-AB6,ACC91178885,C320861,24956.62,USD,2026-08-18T15:14:34,card,KZ,Zachary Sullivan,Always than TV focus several.,
E64333EB-BAB,ACC99943797,C209680,47002.28,USD,2026-08-18T15:20:22,wire,KP,Robin Huynh,Throw recent raise.,cross_border
F1331765-17C,ACC71662963,C662275,13015.74,EUR,2026-08-18T15:30:01,cash_deposit,PG,Lance Tanner,Federal reduce team Republican very plan cut.,
D316B64F-569,ACC82498004,C184491,49034.99,USD,2026-08-18T15:44:41,card,DZ,Joseph Smith,Sound which yet school traditional.,
C71C9413-C24,ACC86460539,C358175,43377.96,EUR,2026-08-18T15:57:03,wire,KP,Megan Williams,Concern up trouble marriage point lose.,domestic
E628D5BC-384,ACC76500726,C402218,9986.42,CHF,2026-08-18T16:05:37,wire,CD,Kathy Simmons,City strong on term.,domestic
A81D741D-CA8,ACC46817443,C147726,40112.73,EUR,2026-08-18T16:10:04,sepa,NI,Jerry Braun,Board despite task economic partner work during.,
512F076A-022,ACC22517517,C890170,21903.26,CHF,2026-08-18T16:19:30,cash_deposit,CD,Arthur Gonzalez,These population phone perhaps.,
CA8AAA2D-0F4,ACC41329612,C377405,5050.07,USD,2026-08-18T16:30:00,card,DK,Taylor Gonzalez,Should almost as never example add recognize suggest.,
01255BAF-880,ACC44392446,C904150,43565.95,GBP,2026-08-18T16:42:53,wire,VU,Mrs. Nicole Terry,Area force fill quickly institution common pay.,domestic
DD16DC4A-B05,ACC32775593,C790855,23521.53,USD,2026-08-18T17:12:25,card,LC,Jillian Parsons,Language student physical value even.,
511B6F5D-FFB,ACC49172995,C633590,28786.9,GBP,2026-08-18T17:18:02,wire,GQ,John Davis,None size away thing.,domestic
FF277CD4-F49,ACC18357162,C316881,19670.89,USD,2026-08-18T17:25:59,cash_deposit,DK,Alicia Valencia,Ball win inside nor guy trial card.,
6941996C-C8D,ACC34391257,C152727,16020.21,EUR,2026-08-18T17:53:59,swift,LS,Lisa Rogers,His trip kid player can.,domestic
21DD35EC-D12,ACC88961459,C680828,8299.52,CHF,2026-08-18T18:06:44,crypto,BO,Ronald Park,Often benefit true world remain movement bit.,
65676767-997,ACC65259205,C941204,44482.93,EUR,2026-08-18T18:12:57,cash_deposit,IR,Justin Schmidt,Kind they girl recently treat party stop.,
E9E832B8-E0F,ACC38408562,C576786,29798.08,USD,2026-08-18T18:28:52,wire,BJ,Regina Wright,Lead write conference hair more.,cross_border
8F0716E5-04D,ACC52091325,C159942,20042.97,USD,2026-08-18T18:34:15,card,MV,Roy Davis,Eight skill program try.,
2AE143A3-407,ACC90014570,C835244,38231.21,GBP,2026-08-18T19:40:36,swift,SZ,Mary Hunter,Across rise expect foot.,domestic
C713EDBE-D0D,ACC72363359,C800005,44761.69,EUR,2026-08-18T19:48:24,swift,BJ,Rachel Harris,Own size place particular southern before pull.,domestic
AA16443B-AE0,ACC77834855,C612262,8339.77,EUR,2026-08-18T19:55:41,card,KI,Angela Holloway,Social father approach today establish push than.,
E4019000-1C2,ACC53536830,C934816,47733.23,GBP,2026-08-18T19:58:24,wire,BJ,Alexandria Pierce,Little view million.,cross_border
EA55D348-9BC,ACC93955206,C321275,44953.15,USD,2026-08-18T19:59:22,wire,GE,Daniel Little,Sometimes quite on sometimes meet thought work.,cross_border
D7949149-568,ACC83534128,C567574,256696.86,USD,2026-08-18T20:01:42,wire,IQ,Danielle Grant,Reveal hotel quality capital dream back.,cross_border
12D7B0FB-A2E,ACC58884978,C552248,39073.73,GBP,2026-08-18T20:28:25,crypto,TL,James Dean,Leg agent room natural feel.,
B0C2DCDA-380,ACC63121477,C237235,230743.87,GBP,2026-08-18T20:33:25,swift,NI,Isaac Ortiz,On act let painting air benefit during.,domestic
5FCA8DEA-97C,ACC55176955,C207175,11496.03,USD,2026-08-18T20:39:59,crypto,BY,Rachel Sellers,Term camera tend economic represent.,
8D46AAF6-9C1,ACC86320155,C751194,13064.3,EUR,2026-08-18T20:43:47,swift,BN,Jason Jensen,His suffer such their.,domestic
561386D2-96A,ACC54769200,C908577,40365.68,CHF,2026-08-18T20:53:12,wire,CN,Diana Johnson,Discussion with candidate professor another help.,domestic
7008E49D-45B,ACC97971488,C623481,26341.85,CHF,2026-08-18T21:25:12,cash_deposit,SK,Isaiah Roberts DDS,Foreign break exist outside.,
E9DA1C54-762,ACC35714784,C299448,28824.93,CHF,2026-08-18T22:02:37,card,SY,Amanda Henry,Cause so recognize become challenge.,
F6C4EA87-B53,ACC25480907,C373903,15662.05,GBP,2026-08-18T22:12:03,swift,MW,James Cain,Partner various he enjoy few decade or.,domestic
33CBB597-B5F,ACC50785405,C400850,41001.88,CHF,2026-08-18T22:14:23,card,MR,Brandon Pena,Subject Republican wait either western detail player.,
25C44EF6-72A,ACC22534217,C958179,46479.16,GBP,2026-08-18T22:33:43,wire,HN,Justin Taylor,Difficult debate magazine.,cross_border
B42A242C-125,ACC25374874,C814825,4163.75,GBP,2026-08-18T22:37:21,cash_deposit,SE,Jose Cuevas,Recently if pattern treat second research reflect.,
C2E46F75-3CF,ACC65692629,C456385,44180.02,EUR,2026-08-18T22:43:46,card,LC,Brenda Miles,And add idea begin tell.,
1A9C77D7-AAF,ACC34627347,C392075,13504.17,EUR,2026-08-18T22:46:42,wire,SM,Daniel Brewer,Rich apply project later really paper answer happy.,domestic
1F0880B8-D0A,ACC61642594,C500156,16755.02,EUR,2026-08-18T23:09:13,card,LT,Christina Hendricks,Actually may rise.,
438CC28D-C99,ACC39958838,C246316,7556.36,USD,2026-08-18T23:26:24,swift,ID,Stephanie Lucas,Small almost half capital travel.,cross_border
2405D8EA-9FD,ACC64038913,C863587,5192.73,USD,2026-08-18T23:46:00,crypto,KG,Robyn Kidd,Future include avoid most avoid.,
AE4A8BCD-178,ACC39587039,C571029,6441.88,GBP,2026-08-19T00:02:21,sepa,AZ,Regina Stone,Paper middle foreign party.,
48FF9E56-06F,ACC39587039,C571029,35291.7,CHF,2026-08-19T00:35:26,sepa,IR,Patrick Allen,Prove most point.,
8D810C3D-C13,ACC40742311,C961722,4668.57,CHF,2026-08-19T00:43:19,crypto,BY,Vincent Lewis,Or friend building.,
0C23B7D0-A8E,ACC73771720,C740967,11361.87,GBP,2026-08-19T00:52:21,card,KW,Ian Poole,Should thought dog consumer economy resource actually.,
DDF420F9-2F1,ACC65692629,C456385,18663.19,EUR,2026-08-19T01:07:22,cash_deposit,EC,Derrick Zuniga,Be summer appear set outside suggest fund radio.,
89CF8AF4-D80,ACC24366125,C878480,45361.81,CHF,2026-08-19T01:19:17,swift,GD,Stephanie Miller,Eye second statement occur.,cross_border
250C7015-6BB,ACC48349783,C345884,28372.78,USD,2026-08-19T01:30:23,card,LY,Whitney Benjamin,Board nothing foreign especially upon project.,
AA8FBE14-2A9,ACC73900135,C777278,12941.73,GBP,2026-08-19T01:59:58,crypto,TJ,Daniel Wilson,If side effort.,
6D133E19-A41,ACC35487660,C411120,10696.86,EUR,2026-08-19T02:12:51,sepa,AE,James Lopez Jr.,Pull strong necessary exactly part or vote.,
CF4447CF-20C,ACC20099059,C824586,24562.05,USD,2026-08-19T02:25:23,wire,BN,Mark Le,Happen determine marriage bar suffer paper court.,cross_border
4C001C9E-1A5,ACC39587039,C571029,29849.51,EUR,2026-08-19T02:28:36,sepa,BH,Kristina Bolton,Moment finish community treatment garden great sign.,
ACCECA53-D68,ACC32775593,C790855,37981.22,EUR,2026-08-19T02:28:42,sepa,SG,Donald Anderson,Test better gas that half level.,
24F29B4B-F0E,ACC99943797,C209680,31434.74,GBP,2026-08-19T02:48:03,card,RU,Samantha Mendez,Mr from myself material.,
48858328-068,ACC95822412,C216739,32386.14,USD,2026-08-19T03:09:22,card,BR,James Hernandez,Ask imagine my indeed deal.,
19A1E25E-F6E,ACC95613415,C889359,29044.65,GBP,2026-08-19T03:56:15,card,LC,Joyce Jackson,Develop interview tax arrive story certainly power.,
FCBE6D28-B46,ACC88183110,C679364,3762.09,USD,2026-08-19T04:21:54,swift,NO,Robert Hayes,Light society play yes recently.,domestic
643A241C-36D,ACC33640702,C869440,12129.58,GBP,2026-08-19T04:34:09,card,PE,Derrick Coleman,Voice speak list machine city expert look eye.,
B8157033-E32,ACC87282128,C810250,26629.35,USD,2026-08-19T04:36:37,card,FM,Christina Soto,West particular not.,
28640DF3-248,ACC12614124,C217301,41749.33,EUR,2026-08-19T05:19:19,crypto,MH,Nathan Hill,Group task me give.,
26BD26CF-752,ACC42614537,C922733,20370.79,CHF,2026-08-19T05:49:46,swift,TO,Rebecca Summers,Bank industry born may among billion.,domestic
8336189A-096,ACC91178885,C320861,5580.49,EUR,2026-08-19T05:52:21,swift,NL,Jay West,Large policy serious top image.,cross_border
CD057748-5E6,ACC88320463,C518801,9985.01,EUR,2026-08-19T06:07:48,card,CM,Yvonne Johns,Particular whatever five radio garden.,
E6F1E258-1D3,ACC38195995,C815198,12567.77,GBP,2026-08-19T06:27:19,crypto,DM,Matthew Love,Project which few skin though.,
D3529C0E-9E6,ACC87049595,C398151,21774.96,CHF,2026-08-19T06:40:01,crypto,CA,George Cox,Benefit spend others difference.,
BDB28CDF-73B,ACC71662963,C662275,14784.15,USD,2026-08-19T06:46:50,sepa,KZ,Mary Bright,Trade identify say on yes.,
51C9CE57-B30,ACC38470244,C472060,48487.75,CHF,2026-08-19T07:15:50,card,VA,Ann Gallegos,Land whatever politics social game.,
F6431BC3-0D9,ACC82383095,C891952,31762.14,GBP,2026-08-19T07:56:16,swift,IT,Jennifer Conley,Third computer far recently enough.,cross_border
E82EEE31-E36,ACC46361787,C421517,35373.03,EUR,2026-08-19T08:02:05,card,CZ,Bruce Park,Stock them want among benefit seat business.,
BBFFDF2A-C60,ACC84813739,C361303,14037.75,GBP,2026-08-19T08:08:05,cash_deposit,ZW,Nicholas Coleman,Use those exist hard including look need.,
F3B2FE84-924,ACC21267237,C773971,39431.66,USD,2026-08-19T08:14:50,sepa,RU,Anthony Smith,Decide attack blood discussion understand successful feeling research.,
7E282F26-8C8,ACC73380266,C355570,34742.41,GBP,2026-08-19T08:38:37,swift,OM,Trevor Woods,Adult sense wait know left.,cross_border
058D6DD4-96C,ACC11698142,C990844,34137.03,USD,2026-08-19T08:53:14,card,GN,Matthew Freeman,Character response industry reduce guess who part.,
B25F8692-95F,ACC26941092,C596564,31712.32,CHF,2026-08-19T09:31:27,card,VC,Jillian Ortega,Late type program increase former positive.,
509DA28B-5FC,ACC72409658,C563246,10730.31,EUR,2026-08-19T09:37:48,wire,BD,Jose Booth,Place it dark fact house exactly interview.,domestic
9EC74844-0B0,ACC35848226,C430876,16995.86,CHF,2026-08-19T09:44:24,cash_deposit,VE,Jennifer Ferguson,Next check reason loss bill develop price.,
B7FC12BD-991,ACC15614174,C423232,46853.57,EUR,2026-08-19T09:52:06,wire,RU,Angela Brown,Major star choose better near however tonight.,domestic
C12FEBBC-808,ACC86483924,C739979,28405.74,EUR,2026-08-19T09:59:52,swift,KH,Christopher Owens,Car bit future sister social water.,cross_border
BBE99919-38A,ACC95320121,C974628,25959.79,CHF,2026-08-19T10:05:05,cash_deposit,ZA,Mary Bennett,Analysis color exist smile peace apply pressure.,
1D368DD5-056,ACC46361787,C421517,30907.27,USD,2026-08-19T10:47:30,crypto,KE,Marilyn Taylor,Each hear dinner process picture.,
71F46D17-007,ACC81621574,C498468,31073.7,GBP,2026-08-19T10:55:24,sepa,IR,Jason Cook,Get cell he instead soon career right ahead.,
C2FA586B-3B0,ACC90267122,C141797,46820.77,CHF,2026-08-19T11:16:47,crypto,CO,Emily Phillips,World strong model forget.,
481AE962-AF0,ACC34391257,C152727,18180.37,GBP,2026-08-19T11:25:40,card,SE,John Williams,As democratic sure film say adult decade.,
4EEE9E49-6FE,ACC19289546,C897549,40233.99,EUR,2026-08-19T11:30:54,wire,MR,David Alexander,Well again student establish open feel whole.,domestic
8F8A1590-F8D,ACC99038359,C989208,19716.2,EUR,2026-08-19T11:55:59,sepa,ER,Stacy Gentry,Rather nearly front ever.,
F6BE19BB-109,ACC54769200,C908577,25543.87,USD,2026-08-19T13:26:28,card,AD,Samantha Douglas,Under return head enjoy religious.,
ABD66071-8E8,ACC21631697,C392477,15980.04,GBP,2026-08-19T13:33:01,crypto,BN,Jason Fisher,Ago positive now enter any fine I.,
BD16EACE-D80,ACC88320463,C518801,27889.47,CHF,2026-08-19T13:37:52,wire,AT,Kevin Williams,Threat democratic standard major business.,cross_border
11D15C7F-DDB,ACC83793389,C273148,9081.08,GBP,2026-08-19T13:39:54,wire,IT,Kristina Henry,Rate newspaper itself give agent.,cross_border
8CE69C3C-927,ACC34391257,C152727,17485.54,EUR,2026-08-19T13:43:35,swift,IR,Kenneth Chambers,Marriage water new yard success tell save.,domestic
B9D09528-4C4,ACC13471527,C195763,3073.8,USD,2026-08-19T13:50:31,wire,VN,Rita Wilkerson,Technology town whose consumer arm.,cross_border
A5F55C5A-45E,ACC25374874,C814825,44569.34,EUR,2026-08-19T14:30:14,wire,MD,Andrea Oconnor,Research nor positive memory clearly.,cross_border
3E63FF24-68C,ACC73900135,C777278,37432.4,GBP,2026-08-19T15:11:17,swift,TZ,Anita Graves,Agreement conference read and situation behavior kid total.,cross_border
28255417-152,ACC68812137,C974244,11970.88,EUR,2026-08-19T15:15:17,wire,SM,Matthew Flores,Hundred type security store area.,cross_border
1567C059-31E,ACC69476001,C947272,8547.07,USD,2026-08-19T15:24:08,cash_deposit,SR,Ryan White,Glass purpose beat hotel them hand since much.,
4C7039EE-5EE,ACC68942178,C230394,26599.53,GBP,2026-08-19T15:26:14,card,MX,Melissa Osborne,About tell participant far share great.,
072A2584-EDD,ACC63640499,C355836,31830.63,EUR,2026-08-19T15:37:50,crypto,JO,Brian Perez,Use evidence age degree.,
B37422C2-7D7,ACC90267122,C141797,6105.74,GBP,2026-08-19T15:39:34,card,BA,Ruben Rosales,Court indeed rich far strong majority affect.,
DE73C4C2-0D8,ACC58181396,C988662,6220.62,EUR,2026-08-19T15:55:20,wire,NA,Melanie Morales,Threat former down second TV today.,domestic
BE14E998-B6D,ACC21819185,C429795,39158.29,CHF,2026-08-19T16:05:19,swift,JO,James Quinn,Level two attack matter exactly right individual.,cross_border
6D363DA4-53D,ACC67110154,C882169,5222.02,GBP,2026-08-19T16:05:43,crypto,AO,James Wilson,Develop home fund likely.,
5EA5A180-52E,ACC73123515,C120324,34286.94,USD,2026-08-19T16:56:57,crypto,ET,Lisa Thompson,Growth source yes trial hit.,
BA150302-0E8,ACC42614537,C922733,18185.43,EUR,2026-08-19T17:05:39,wire,SA,Melissa Parker,Field decide point week course administration.,cross_border
6E6E899E-FDD,ACC63121477,C237235,12447.49,CHF,2026-08-19T17:17:51,wire,BZ,Donald Crane,Onto save listen.,domestic
77D5C806-D94,ACC20099059,C824586,31254.6,CHF,2026-08-19T17:25:50,cash_deposit,BI,Wyatt Stewart MD,Major strong pull finish seem.,
36549F6A-68D,ACC51098277,C796212,25640.93,USD,2026-08-19T17:33:02,sepa,BZ,John Guzman II,Magazine spend position success right court way.,
A418F8E7-C16,ACC35848226,C430876,24832.19,CHF,2026-08-19T17:41:47,crypto,DO,Ann Fuentes,Behavior receive artist key speech son.,
E234F351-F5B,ACC64830300,C572387,48824.27,GBP,2026-08-19T17:50:07,swift,MR,Jennifer Sanchez,Lead simply speech describe old those travel answer.,domestic
030C3BD9-8CC,ACC93955206,C321275,446015.59,GBP,2026-08-19T18:05:15,swift,GA,Angelica Johnson,Pretty billion common she year sing without dog.,domestic
86A174F0-6C1,ACC73900135,C777278,23289.93,GBP,2026-08-19T18:53:19,card,EG,Cody Turner,Special soldier success court.,
E7A04DD4-A7F,ACC89864260,C171262,34104.36,CHF,2026-08-19T18:56:31,cash_deposit,CO,Wayne Robinson,Center claim Republican admit.,
51BFE310-A4C,ACC82287061,C607868,34537.22,CHF,2026-08-19T19:04:40,card,GN,Ashley Rhodes,Everyone no bank they.,
A973EA9E-158,ACC88961459,C680828,12378.27,USD,2026-08-19T19:28:25,wire,GM,David Smith,Low keep news your court control million hundred.,cross_border
D8097E9A-05C,ACC73123515,C120324,39442.5,EUR,2026-08-19T19:31:34,wire,ME,Janet Armstrong,Enter difficult let partner among very purpose condition.,cross_border
09CAE739-130,ACC21819185,C429795,9975.55,CHF,2026-08-19T19:38:46,wire,TH,Jeremy Smith,Not task understand financial expect both wife.,domestic
50D64D6A-9E9,ACC58436637,C288158,355.21,USD,2026-08-19T19:44:03,card,EE,Dawn Gonzales,Cut new south.,
579D999A-3ED,ACC78387461,C617488,20699.34,EUR,2026-08-19T20:03:05,cash_deposit,SR,Eric Cooper,Wife military price certain down standard.,
B35DBD8B-D22,ACC21631697,C392477,37251.58,GBP,2026-08-19T20:03:13,card,ER,Charles Gross,Possible fill sport section feel after military.,
C1583FCF-73D,ACC69302158,C678478,483448.61,CHF,2026-08-19T20:05:52,swift,KE,Cathy Little,Lay hope card president.,cross_border
EDE50785-84E,ACC45551614,C246413,44142.37,EUR,2026-08-19T20:47:34,cash_deposit,NE,William Young,Traditional hard range leader action card follow.,
1B9DAA88-D99,ACC20099059,C824586,31245.75,GBP,2026-08-19T21:27:00,crypto,MT,Gilbert Baldwin,Record ask science government outside.,
0CDCF826-D81,ACC13895645,C507746,48871.62,EUR,2026-08-19T21:53:50,swift,SY,Stephanie Nixon,Wall simply front western.,cross_border
4AB7B8A3-E58,ACC68812137,C974244,19382.39,USD,2026-08-19T22:21:17,crypto,NO,Megan Harris,Skill boy poor society else.,
E97E447F-E28,ACC44188276,C146542,6089.94,CHF,2026-08-19T22:34:15,card,VA,Samuel Walker,Be community individual tend today call certainly.,
1B438198-299,ACC33640702,C869440,9984.63,CHF,2026-08-19T22:55:42,wire,LA,Lisa Rivera,Their instead agency reach environmental stand.,cross_border
12353DE5-15A,ACC84093639,C407419,33033.29,CHF,2026-08-19T22:56:30,cash_deposit,TO,David White,Out nor affect rest product exist.,
F718B90A-FAF,ACC99508850,C528231,12235.15,CHF,2026-08-19T23:19:47,card,CL,Christopher Velazquez,Beautiful power side stock.,
18995594-955,ACC73900135,C777278,48429.26,GBP,2026-08-19T23:31:35,wire,GQ,Thomas Anderson,Total effort significant reach community mention field leave.,domestic
3F724C60-A01,ACC65177213,C589710,33998.38,GBP,2026-08-19T23:39:09,card,GB,Kevin Blake,Power few each administration.,
D2B47117-0DC,ACC19233013,C356150,35001.35,EUR,2026-08-19T23:46:50,wire,BA,Mr. Benjamin Marshall,Prepare majority parent why blood clearly.,domestic
519C816A-51C,ACC86320155,C751194,24793.66,CHF,2026-08-19T23:51:08,card,RW,David West,Week focus away rule score turn.,
BA1F7DDE-1C2,ACC50785405,C400850,31458.96,USD,2026-08-19T23:53:27,swift,SM,Daniel Dean,Tend top military maybe president whether sound.,domestic
C0516F9C-561,ACC31682744,C665579,1495.88,CHF,2026-08-20T00:23:24,cash_deposit,IR,Mr. Ricky Craig III,Write wall tax.,
FDECD756-694,ACC73771720,C740967,38587.38,CHF,2026-08-20T00:32:28,wire,CN,Sherri Morse,Company hotel street picture yourself citizen.,domestic
5D44C0D3-275,ACC75529051,C330080,28799.87,USD,2026-08-20T00:34:23,card,EG,Charles Black,Face down forward fight bad goal.,
995A16AF-6DE,ACC42614537,C922733,9441.56,CHF,2026-08-20T00:43:53,wire,JP,Nicole Simpson,Imagine which beat education case under population.,domestic
FCB5563B-327,ACC44188276,C146542,45297.79,USD,2026-08-20T01:06:45,crypto,DE,Jennifer Moore,Whose manager usually across surface fast step state.,
03EE8DBF-76B,ACC61642594,C500156,47524.94,EUR,2026-08-20T01:19:00,wire,TL,Jesus Becker,Easy official production claim bring.,cross_border
85BBED85-4FE,ACC84813739,C361303,32567.59,USD,2026-08-20T01:40:31,card,CG,Mrs. Dana Terry,Fire property beautiful explain Congress smile.,
AEC40AC2-D1A,ACC32329103,C827712,2915.32,GBP,2026-08-20T02:20:09,card,TO,Chris Smith,Up understand single already really many.,
7C50D9D1-94A,ACC81503856,C549186,22580.73,EUR,2026-08-20T02:26:32,cash_deposit,KE,Mary Davis,Cell candidate yard high science world listen.,
402504EE-507,ACC68802946,C832168,11948.53,CHF,2026-08-20T02:53:11,swift,ZM,Michael Scott,Work list rich support public.,domestic
ACA8DEEC-1F5,ACC86483924,C739979,5474.12,USD,2026-08-20T03:05:56,card,BD,Dean Thompson,Mouth report personal take style.,
6D0A7A6D-A83,ACC65177213,C589710,31034.48,USD,2026-08-20T03:15:58,swift,PL,Amanda Brown,Challenge your call reveal.,domestic
3B160FEC-DBD,ACC26941092,C596564,17182.84,GBP,2026-08-20T03:45:36,card,BY,Amy Johnston,Born test look teach anything huge.,
BCB6D4EF-65E,ACC45935572,C169403,545.41,EUR,2026-08-20T03:50:45,crypto,UA,Stephanie Butler,Always likely shoulder.,
476BBB04-046,ACC25228493,C583863,19693.97,GBP,2026-08-20T04:08:11,card,SG,Kim Dixon,This happy person space add approach.,
CA0FEA07-26A,ACC64247457,C639593,46022.1,USD,2026-08-20T04:20:08,cash_deposit,MN,Ryan Tate,Would could model surface we difficult technology leave.,
B3E83F54-DED,ACC36726767,C254511,8189.71,GBP,2026-08-20T04:28:50,wire,MH,Felicia Harris,Level professional system wrong ten according.,cross_border
CBA148B7-AC3,ACC91178885,C320861,19449.61,CHF,2026-08-20T04:44:02,cash_deposit,SL,Alexa Chambers,Star television foreign environmental garden to.,
007BBEDC-2E9,ACC99788677,C608993,15824.85,GBP,2026-08-20T04:48:40,sepa,ZM,Adrian Moody,Character watch describe administration.,
F5D5EE04-B4E,ACC50785405,C400850,21248.54,CHF,2026-08-20T04:54:08,card,HN,Mitchell Martinez,Be chair there even election season rise society.,
4C4BEF00-F17,ACC21819185,C429795,20971.24,GBP,2026-08-20T04:55:30,wire,AT,Jonathan Marquez,War total dark born.,domestic
95A0621D-BFE,ACC95758349,C632323,6856.1,EUR,2026-08-20T05:35:16,cash_deposit,NI,Julie Taylor,Recognize federal in front sit receive expert.,
C8BA52EC-7B5,ACC41068214,C402099,3962.87,CHF,2026-08-20T05:44:09,swift,TT,Samantha Walters,Room Republican theory measure more better hundred.,domestic
DA0BE5F7-D64,ACC99788677,C608993,6239.81,GBP,2026-08-20T06:00:47,wire,PW,Craig Crawford,Field western near direction.,cross_border
E0B57ACB-F5D,ACC88183110,C679364,27077.99,USD,2026-08-20T06:04:23,swift,CA,Adam Schneider,Structure already every occur why husband.,domestic
540291E1-946,ACC65692629,C456385,4299.47,USD,2026-08-20T06:33:42,wire,ER,Matthew Hall,Door suddenly tax less.,cross_border
BF5291DE-17C,ACC45935572,C169403,31686.75,GBP,2026-08-20T07:24:26,swift,SB,Kelly Burton,Indicate radio use listen information.,domestic
1593842D-AF1,ACC36786211,C956253,19513.27,GBP,2026-08-20T07:30:33,card,BT,Dana Miller,Happen week on lot official use.,
29F9338D-579,ACC58181396,C988662,27186.82,USD,2026-08-20T07:33:59,card,HN,Jason Hall,Player really act friend serve heavy.,
C1AF4A04-090,ACC82160068,C323508,36551.62,USD,2026-08-20T08:08:52,swift,CG,Richard Reynolds,Painting seem clear either size.,cross_border
0C022ADC-08E,ACC16927215,C313446,18463.99,CHF,2026-08-20T09:55:17,cash_deposit,RU,Zachary Thompson,Seat story word training plant.,
600265C9-7BE,ACC48349783,C345884,15304.31,GBP,2026-08-20T10:21:15,crypto,LS,Scott Carter,Page matter civil rich what draw me.,
C00706CD-16D,ACC22130508,C555052,28343.27,EUR,2026-08-20T10:58:21,swift,VA,Tracy Sexton,Summer develop quite Mrs.,cross_border
CCE5BD8B-367,ACC32329103,C827712,477487.98,CHF,2026-08-20T11:30:13,card,KN,Erin Torres,Street resource player agreement.,
1F0BAF14-047,ACC19736572,C109767,49220.25,USD,2026-08-20T11:31:54,cash_deposit,TN,Brenda Simpson,Score old mother significant risk science pay.,
78F3A693-D25,ACC95822412,C216739,48410.66,USD,2026-08-20T11:47:52,wire,AO,John Wilson,Let eight hard paper white.,domestic
B9659216-540,ACC58884978,C552248,49416.48,GBP,2026-08-20T11:49:22,card,ZA,George Odonnell,Page smile range wonder somebody throughout work.,
C89BA2F1-C6D,ACC22534217,C958179,12254.74,GBP,2026-08-20T12:17:47,card,AG,Rebecca Aguilar,Suggest voice source.,
DA2E850A-01B,ACC13895645,C507746,9310.46,USD,2026-08-20T12:28:57,cash_deposit,EC,Samantha Thompson,Law quickly who foreign also father provide.,
0C34ECE8-02C,ACC68802946,C832168,27966.43,USD,2026-08-20T12:39:17,swift,ZW,David Schmidt,Later organization beautiful go.,cross_border
F42114C6-E72,ACC77834855,C612262,9986.6,CHF,2026-08-20T12:41:02,crypto,NL,Joe Thomas,Budget person watch agree charge commercial likely.,
F359AF6C-50A,ACC31980274,C426147,41967.15,CHF,2026-08-20T13:41:03,cash_deposit,DO,Vincent Douglas,Sign story put son capital.,
D96F8311-483,ACC35583290,C728492,9509.61,GBP,2026-08-20T13:49:24,card,IR,Jennifer Gillespie,Player nation entire daughter fish young space.,
F52C4FEF-02C,ACC87049595,C398151,43807.7,USD,2026-08-20T13:55:01,card,ET,Susan Garcia,Very important discover card.,
4844ACA8-594,ACC39587039,C571029,38391.4,EUR,2026-08-20T14:15:29,card,UY,Tiffany Watson,Off morning huge power.,
613EB29B-484,ACC22130508,C555052,12124.4,GBP,2026-08-20T14:21:13,card,BD,Shannon Thomas,Four dark road that according.,
79FA396B-93B,ACC45935572,C169403,43638.4,EUR,2026-08-20T14:22:00,swift,TL,Bruce Chaney,Call employee continue none alone first gas.,domestic
9BECD74E-B24,ACC24508349,C501124,9979.14,GBP,2026-08-20T14:33:04,swift,CU,Holly Williams,These we wide reveal.,cross_border
3F216873-F21,ACC44392446,C904150,20432.34,USD,2026-08-20T14:34:54,swift,TG,Michael Scott,Machine range window focus machine expect according.,domestic
825E034C-E24,ACC86460539,C358175,44470.96,USD,2026-08-20T14:39:39,card,TN,Bobby Ross,Base special card pressure of until character.,
CF997C9D-4F2,ACC41329612,C377405,3395.44,CHF,2026-08-20T14:43:05,swift,AD,Curtis Schwartz,Need traditional traditional peace fast range.,domestic
760FCB8C-7DF,ACC99943797,C209680,46599.98,EUR,2026-08-20T15:12:06,card,IR,John Dominguez,Wrong leg any foreign Republican remain.,
6E2D3420-AE4,ACC31682744,C665579,34537.22,GBP,2026-08-20T15:33:53,crypto,PH,Ashley Anderson,History laugh per data hundred attention.,
583C594E-F28,ACC88320463,C518801,45613.52,EUR,2026-08-20T16:05:49,wire,BT,Jason Jackson,Which consider require fear better central throw election.,domestic
750D2F82-A2A,ACC65259205,C941204,9941.2,GBP,2026-08-20T16:10:43,card,GM,Daniel Kim,Method interview road race story machine important.,
F26D9D86-B8B,ACC12614124,C217301,30650.45,GBP,2026-08-20T17:22:27,swift,GQ,Eric Hays,South perhaps customer.,cross_border
7716CE7A-A5C,ACC46817443,C147726,20743.76,CHF,2026-08-20T17:46:02,cash_deposit,KP,Stacey Jimenez,Area I teach.,
57BA49B1-770,ACC21490777,C353080,46045.87,USD,2026-08-20T17:59:55,card,PH,Kenneth Aguilar,Mr wind form half.,
2CF60F6C-757,ACC89864260,C171262,18545.85,GBP,2026-08-20T18:17:01,card,BG,Riley Davenport,Clear spring participant.,
9EF0DC53-EC7,ACC25228493,C583863,17785.95,GBP,2026-08-20T18:30:11,card,TZ,Paul Spears,Three simple image military democratic.,
0B14C420-F17,ACC35848226,C430876,7609.67,USD,2026-08-20T18:39:05,card,AT,Sarah Hall,For surface who family tonight cut.,
DA0AB348-694,ACC16927215,C313446,20733.4,EUR,2026-08-20T19:16:03,swift,SD,Deanna Franco,Debate detail act development according lead high.,domestic
95099727-0AF,ACC44188276,C146542,34562.58,EUR,2026-08-20T19:22:08,swift,OM,Dawn Velasquez,Computer leave laugh letter economy manager.,domestic
0B8951A2-315,ACC84813739,C361303,5656.61,CHF,2026-08-20T19:25:58,sepa,SK,Nicholas Reyes,Drive Mrs west address approach manager.,
64D919E6-BAF,ACC38408562,C576786,12793.05,GBP,2026-08-20T19:30:17,cash_deposit,SR,Wendy Bullock,Itself ground give with president.,
1A6B18B2-DED,ACC97225156,C491559,31908.9,CHF,2026-08-20T19:56:26,swift,BA,Kathryn Mills,Tend magazine college moment compare today.,domestic
F866E7C5-E59,ACC36757737,C979995,29894.81,CHF,2026-08-20T20:20:12,card,CM,Angel Garcia,Consumer final charge will.,
69623519-123,ACC21631697,C392477,30827.36,GBP,2026-08-20T20:25:04,card,LA,Richard Fernandez,Bit friend brother trade.,
6F667546-C50,ACC90014570,C835244,31239.03,USD,2026-08-20T20:34:26,wire,BH,Samantha Ayala,Eight everybody visit kid stay image into appear.,cross_border
E4DF6EC5-B0B,ACC84903294,C901577,10661.21,GBP,2026-08-20T20:42:55,swift,JM,William Munoz,Rock thought kid live plant experience soldier.,cross_border
69CEAF59-5E0,ACC93955206,C321275,6451.55,USD,2026-08-20T21:13:16,cash_deposit,LC,Ruth Cook,Huge series area mission democratic sport all.,
9712DBCD-615,ACC50079111,C890075,17399.93,GBP,2026-08-20T21:25:06,cash_deposit,US,Michael Ward,Real follow make ago.,
B4557F9B-249,ACC34627347,C392075,9403.99,GBP,2026-08-20T21:47:37,crypto,MW,Paul Todd,Cost small return.,
18FCBC8E-269,ACC33640702,C869440,12803.69,USD,2026-08-20T22:17:55,sepa,DE,Eugene Parrish,Then lead Democrat since item new present.,
7677417E-FC1,ACC71115319,C437408,13668.53,CHF,2026-08-20T22:19:25,crypto,ME,Mrs. Jasmine Martin MD,Appear behind your eye.,
5C47E5B8-FA3,ACC83793389,C273148,21290.35,EUR,2026-08-20T22:32:28,cash_deposit,FJ,Jennifer Robbins,Soon treat former democratic safe.,
AA03586A-49C,ACC44392446,C904150,36007.32,CHF,2026-08-20T22:46:38,card,HU,Christine Ward,Serve particular drug leg today staff change.,
D3A6AFEF-0A4,ACC71070189,C399105,9971.39,EUR,2026-08-20T22:49:44,wire,MX,Lacey Lucero,Term under Republican news deep certainly and.,domestic
9B1EA384-67A,ACC44392446,C904150,37362.95,EUR,2026-08-20T23:05:10,crypto,GB,Heather Hunter,Rich herself model happen Mrs step career.,
84532BDB-6FA,ACC84411983,C233470,19288.28,EUR,2026-08-20T23:21:17,card,VN,Alvin Clark,Pick late positive yard.,
B83ABCA6-06C,ACC61410126,C827659,14277.89,USD,2026-08-20T23:53:53,cash_deposit,SG,Mrs. Christina Oliver,Really blue report reflect allow spend.,
C6449D70-C92,ACC88183110,C679364,38933.86,EUR,2026-08-20T23:56:00,crypto,GA,Julia Mendoza,Involve nice positive effort attorney he.,
8BAFB2B6-061,ACC19233013,C356150,19739.45,EUR,2026-08-20T23:59:24,cash_deposit,KE,Kimberly Wilson,Student identify network allow compare.,
E596F2E0-862,ACC34627347,C392075,42629.67,GBP,2026-08-21T00:08:16,card,RS,Lisa Wagner,Drive every front baby.,
EC427F48-4B2,ACC44788100,C888295,9985.77,CHF,2026-08-21T00:25:06,card,DO,Leah Walters,Perform none set yeah.,
F74C8160-AD9,ACC41244663,C205907,41534.33,USD,2026-08-21T01:17:57,wire,LU,Lindsay Mahoney,Nearly you suddenly include plan step.,cross_border
FC7B5D48-6BF,ACC54769200,C908577,865.9,USD,2026-08-21T01:38:33,swift,GH,Kyle Rogers,Quickly four describe control hundred significant.,cross_border
197F0FC7-D30,ACC65177213,C589710,497562.12,EUR,2026-08-21T02:38:39,wire,BW,Michael Williams,Moment effort chance center.,domestic
48EB4D12-ED2,ACC50071487,C978157,34225.57,USD,2026-08-21T02:39:39,card,RW,Mr. Christopher Cobb Jr.,Republican include wall least it good.,
8BDB734F-86C,ACC50785405,C400850,16436.38,USD,2026-08-21T02:50:25,crypto,PW,Dennis Sanders,Here her analysis campaign national manager.,
F4D6220F-731,ACC34391257,C152727,4479.56,EUR,2026-08-21T03:00:03,crypto,PG,Nicole Johnson,Live spend wide age doctor receive.,
F2F49C8C-553,ACC58181396,C988662,21467.25,EUR,2026-08-21T03:09:14,swift,VE,Michael Powell,These ahead cover strategy student economic lead.,cross_border
37844DD5-3F4,ACC73481797,C839485,3026.67,CHF,2026-08-21T03:40:01,card,VN,John Gregory,Couple mouth painting still.,
C5CF626E-F95,ACC50071487,C978157,25846.28,CHF,2026-08-21T03:46:12,cash_deposit,MU,Brian Miller,Hard today hard development pick test.,
F1AD5682-8BD,ACC54769200,C908577,40786.51,GBP,2026-08-21T03:48:36,card,MN,Jeremy Riddle,Under hour rest project full.,
4DBACF90-A67,ACC76344695,C992288,18620.29,EUR,2026-08-21T04:43:50,card,BJ,Robert Vasquez,Star use important.,
53C50411-6CA,ACC73481797,C839485,39990.74,USD,2026-08-21T05:08:53,wire,SC,Jessica Hardy,Similar manager well show.,domestic
7C0D9261-B8D,ACC51098277,C796212,29488.12,GBP,2026-08-21T05:09:58,cash_deposit,SV,Brandon Young,Bank toward actually let serve.,
EEE4882B-572,ACC99889098,C850981,40096.74,GBP,2026-08-21T05:15:33,swift,SB,Jeanne Mills,Consider design ahead month.,cross_border
BBB5493E-C2F,ACC72363359,C800005,101767.61,CHF,2026-08-21T05:24:55,wire,DJ,Alyssa Cruz,May happen all phone.,cross_border
A82C6FC7-FCB,ACC39587039,C571029,48619.26,EUR,2026-08-21T05:31:02,card,GD,Brenda Lawson,Alone attack sing hand him note.,
8E52B741-BC1,ACC73771720,C740967,106830.39,CHF,2026-08-21T05:37:25,wire,JM,Susan Nelson,Face expect seem describe.,cross_border
48739A75-F2F,ACC19233013,C356150,23186.56,CHF,2026-08-21T05:42:02,wire,BT,Bailey Hughes,Present fear significant stage arrive store.,domestic
DD63360D-A47,ACC90267122,C141797,43059.67,GBP,2026-08-21T05:54:48,swift,YE,Susan Johnson,Activity change product example whole.,cross_border
1F06DC52-3F1,ACC24549543,C725550,12680.75,EUR,2026-08-21T05:56:04,card,VC,Michael Gill II,For church rule force forward range.,
62FB7E37-E60,ACC97260863,C171951,9990.7,EUR,2026-08-21T05:59:46,card,BB,John Hunter,Weight dark me ground wife magazine.,
7071A472-2FC,ACC23492385,C973074,21639.7,CHF,2026-08-21T07:28:24,swift,NO,Elizabeth White,Wrong face cultural record action paper market.,cross_border
51498D8B-3BB,ACC35487660,C411120,18483.0,EUR,2026-08-21T07:41:13,card,EG,Michelle Allen,Year authority walk my.,
7CC10033-0C8,ACC19528530,C842225,3103.63,GBP,2026-08-21T08:06:24,sepa,TH,Victor Brown,Improve move peace college.,
374DA5FA-3D4,ACC41348220,C997594,24440.76,EUR,2026-08-21T08:18:20,swift,CD,Jeffrey Day,Be situation leg ok population continue life.,cross_border
4A32D531-452,ACC84093639,C407419,5071.88,GBP,2026-08-21T08:27:08,card,UA,Jennifer Sanchez,Of claim picture always.,
D8F01C77-DBE,ACC86460539,C358175,32525.13,GBP,2026-08-21T08:33:46,wire,FJ,Cheryl Foster,About place force conference.,domestic
B205B49C-FDF,ACC69096899,C204555,19693.7,USD,2026-08-21T08:33:47,wire,IR,Sandra Thomas,Buy almost be professional perform man.,cross_border
57B2C726-E7D,ACC20200074,C720859,465.98,USD,2026-08-21T08:43:45,swift,MC,Rhonda Norman,Next hair together process.,domestic
30D7935F-F7E,ACC55728776,C293319,35432.48,CHF,2026-08-21T08:48:14,sepa,AD,Philip Mcdonald,Parent purpose group.,
670A5AD2-8AA,ACC88183110,C679364,22864.5,EUR,2026-08-21T08:57:43,card,DZ,James Vargas,Interesting itself method reality.,
8D9D3428-F00,ACC69476001,C947272,3366.43,USD,2026-08-21T08:59:23,crypto,AL,Sherry Shannon,Movie consumer pick end us information occur future.,
2E49FDF3-C61,ACC68802946,C832168,3583.08,EUR,2026-08-21T09:04:42,card,SG,Sarah Lozano,Growth choose arrive past phone discuss fill.,
9A9FE962-75D,ACC22517517,C890170,9995.07,USD,2026-08-21T09:11:14,crypto,GN,Donna Mcmahon,Forward tend officer well marriage resource bring.,
9DA1660A-3A5,ACC42194159,C282256,26373.81,CHF,2026-08-21T09:23:42,card,TR,Amber Nguyen,Base cost position member trouble while.,
9D5D53C8-569,ACC53536830,C934816,44766.41,GBP,2026-08-21T09:41:27,card,VE,Micheal Butler,Why develop kind father final rather public them.,
C70C7CE8-3B8,ACC16150444,C793384,47463.25,EUR,2026-08-21T09:43:52,wire,ME,Jordan Hartman,Pass range appear home player source statement.,domestic
221DC869-B15,ACC90014570,C835244,23950.35,USD,2026-08-21T09:46:03,swift,IR,Andrea Daniels,Charge weight man beat record make.,cross_border
0863F97D-8E5,ACC22130508,C555052,30140.85,EUR,2026-08-21T10:09:31,cash_deposit,KP,Jason Cole,Agree energy card dark probably.,
E1A5584C-A6D,ACC44788100,C888295,811.61,USD,2026-08-21T10:27:41,wire,LR,Marcus Crawford,Wear nor apply art difference military especially join.,domestic
9CCC0755-ABA,ACC57683626,C319684,42155.29,EUR,2026-08-21T10:29:52,card,CZ,Cassidy Joseph,Final role which eye Congress together.,
65134659-718,ACC42194159,C282256,14526.24,EUR,2026-08-21T10:42:52,crypto,UY,Allison Reyes,Right eye even real require.,
E36B1BFE-F79,ACC73771720,C740967,42777.58,USD,2026-08-21T10:53:03,crypto,CL,Amanda Cole,Charge people media.,
A8E27986-492,ACC16927215,C313446,24895.56,EUR,2026-08-21T11:07:49,swift,SY,Thomas Franklin,Prevent where television art book director.,cross_border
0FF9AADD-932,ACC98231132,C712024,12541.03,GBP,2026-08-21T11:23:29,card,TM,Danny Nelson,Pick across know fear carry technology.,
D58B766E-590,ACC58181396,C988662,17435.36,EUR,2026-08-21T11:44:18,sepa,GR,Robert Johnson,Five weight avoid.,
8285585A-646,ACC71070189,C399105,500.96,GBP,2026-08-21T11:55:09,wire,PG,Cynthia Sparks,Wish world process matter.,domestic
2EB9CFD6-41C,ACC58884978,C552248,12689.41,CHF,2026-08-21T11:58:56,card,AU,Tiffany Williams,Population represent official quality few guess could.,
B7A9A347-D68,ACC88183110,C679364,49571.18,USD,2026-08-21T12:45:32,card,SE,James Hopkins,Life since lot nice.,
2DFD1414-F41,ACC19736572,C109767,36206.73,USD,2026-08-21T12:57:45,sepa,DO,Nicole Brady,Step property consumer laugh.,
6E55768F-289,ACC67110154,C882169,8788.4,GBP,2026-08-21T13:04:24,card,CZ,Christopher Stewart,Respond system quality.,
8D9C5152-C6B,ACC19528530,C842225,33919.11,EUR,2026-08-21T13:08:13,sepa,CZ,Joseph Montgomery,No pick record example.,
BB6378B8-3B1,ACC38195995,C815198,38818.92,CHF,2026-08-21T13:20:10,crypto,PY,Nicole Watson,Me game inside whose test quite.,
6288E696-454,ACC77834855,C612262,14367.25,CHF,2026-08-21T13:21:08,card,MC,Corey Vargas,Reflect fight marriage common threat PM game.,
BEA8997F-E51,ACC99508850,C528231,14095.63,CHF,2026-08-21T13:31:41,card,SY,Jennifer Armstrong,Art important image road chance involve treat such.,
A130D427-241,ACC54058573,C392136,23629.2,GBP,2026-08-21T13:45:50,cash_deposit,NR,Julie Chan,Foot amount dark painting administration also.,
1D6D6EE4-D8F,ACC76500726,C402218,46989.09,GBP,2026-08-21T13:56:03,sepa,BG,Roberto Wu,Entire hope Mrs discuss.,
03DC3E8D-E09,ACC87282128,C810250,9796.9,GBP,2026-08-21T14:01:01,swift,ST,Jenny Guerrero,Its board speech sit wall expect.,cross_border
18FBE826-6E5,ACC73083727,C464863,2338.89,EUR,2026-08-21T14:09:24,card,BY,Sarah Ross,Hold in child room.,
AC1B41BF-0F0,ACC55176955,C207175,21536.5,EUR,2026-08-21T14:28:44,crypto,AG,Gregory Holmes PhD,Cold camera sit environmental though.,
9BBB757E-90F,ACC68461818,C965845,9225.49,GBP,2026-08-21T14:33:25,wire,RS,John Randolph,Investment onto factor speech protect.,cross_border
CC650101-062,ACC42614537,C922733,9928.64,EUR,2026-08-21T14:37:25,card,ST,Steven Barber,Certainly same get community I level girl.,
F02AEF83-EE4,ACC64038913,C863587,13147.51,CHF,2026-08-21T14:39:11,sepa,ZA,Phillip Roberts,Reality police baby choose building view well.,
DA0409CA-857,ACC91178885,C320861,10264.39,USD,2026-08-21T14:44:05,card,ER,Ian Burns,Couple stage real page look.,
562136D7-AA5,ACC31682744,C665579,45158.82,USD,2026-08-21T15:19:35,swift,NO,Tiffany Ray,Challenge then seat drive.,cross_border
26E50AC2-EE2,ACC90585882,C944657,435402.14,EUR,2026-08-21T16:05:22,swift,AO,Michael Bennett,Reflect before be defense service to stage.,cross_border
0544959F-903,ACC95758349,C632323,37817.58,CHF,2026-08-21T16:06:42,cash_deposit,KG,Tom Olson,Read claim recent great realize home act.,
1B53D8E7-B4C,ACC50785405,C400850,38029.87,EUR,2026-08-21T16:19:53,sepa,PG,Sarah Mcdonald,Agent animal deal plan.,
07FCE3FD-48C,ACC75529051,C330080,19816.79,USD,2026-08-21T16:36:00,card,CU,Frederick Hicks,Machine model determine glass.,
EF96EAE9-86B,ACC36786211,C956253,1422.47,CHF,2026-08-21T17:07:33,wire,KR,Eric Mendez MD,Finish Republican road increase shoulder.,domestic
BE0CD606-58E,ACC58181396,C988662,8307.42,GBP,2026-08-21T17:11:33,swift,SY,Jessica Brown,Day couple recent reveal role enter.,domestic
5DFC5773-582,ACC86320155,C751194,14612.18,USD,2026-08-21T17:15:55,cash_deposit,MW,Karen Edwards,Painting pass a receive feel measure pattern hold.,
24D2A479-9C5,ACC83932360,C114338,832.15,CHF,2026-08-21T17:23:31,wire,IE,Alejandra Russell,Behavior recent successful red magazine catch gun.,domestic
10995753-728,ACC99943797,C209680,2026.47,USD,2026-08-21T17:39:02,swift,BZ,Valerie Pena MD,Board scientist thus college election spend star officer.,cross_border
76F80627-D51,ACC55728776,C293319,7950.3,CHF,2026-08-21T18:16:40,cash_deposit,CA,Richard Hammond,But employee city short although sound.,
B6545347-C15,ACC68812137,C974244,10237.46,EUR,2026-08-21T18:22:57,wire,AG,Edward Herrera,Her set individual nothing exactly.,domestic
ADA89721-ED2,ACC55176955,C207175,1490.99,CHF,2026-08-21T18:25:22,cash_deposit,MR,Mario Barber,Investment before believe degree back.,
B9D61CAB-AE0,ACC41329612,C377405,43420.07,EUR,2026-08-21T18:26:11,wire,AR,Regina Hawkins,Really size occur significant establish.,domestic
3D629C3F-8CB,ACC21267237,C773971,42654.66,USD,2026-08-21T19:27:35,wire,TG,Kaylee Doyle,Let yeah international far fly.,cross_border
CC519948-25E,ACC96098221,C634150,45751.07,GBP,2026-08-21T19:32:00,wire,ZM,Katie Odonnell,Attorney I analysis my boy conference.,domestic
DDC06CAE-D8D,ACC61642594,C500156,7202.19,GBP,2026-08-21T19:49:24,card,ZW,Brady Martinez,Garden one long pull.,
ACA2B099-3E6,ACC68461818,C965845,45921.13,GBP,2026-08-21T19:56:27,swift,NR,Carol Frey,Take culture result bar matter until computer.,cross_border
D8F4092B-1E6,ACC75181648,C604740,47124.55,EUR,2026-08-21T20:20:57,cash_deposit,BH,Amy Higgins,Issue technology against direction.,
548304CB-B0F,ACC36786211,C956253,30827.24,CHF,2026-08-21T20:26:28,swift,KM,Christopher Gray,One smile national south.,cross_border
DBE3498E-2F0,ACC88183110,C679364,31062.72,USD,2026-08-21T20:34:08,swift,UA,Kathleen Anderson MD,Ready same price.,domestic
7BA23E77-E9B,ACC32775593,C790855,28390.19,EUR,2026-08-21T20:35:12,swift,LA,Linda Hamilton,Kind size force behavior realize.,cross_border
D74F4D5A-1EA,ACC65259205,C941204,49728.41,USD,2026-08-21T20:39:21,card,AE,Courtney Wagner,Study yeah Mr security record.,
7CE31BD6-E52,ACC41329612,C377405,2375.78,EUR,2026-08-21T21:16:53,wire,SR,Carly Jennings MD,Maybe road interesting tax.,cross_border
2FDF9248-863,ACC43273328,C335612,108485.35,EUR,2026-08-21T21:17:06,card,SM,Brett Martin,Difficult us respond must western interest dark any.,
76969EC3-22F,ACC15614174,C423232,45759.37,EUR,2026-08-21T21:21:40,card,NO,Dawn Garcia,Agreement election budget wish pretty hot.,
D045D2F1-B8C,ACC88183110,C679364,18401.56,USD,2026-08-21T21:40:00,wire,VC,Rebecca Harrison,Building service fall five.,domestic
7E30CE9F-6FE,ACC73083727,C464863,31861.62,EUR,2026-08-21T21:49:45,swift,VE,Katie Bryant,Sister pay share rather data.,domestic
F3258186-063,ACC98231132,C712024,49168.61,USD,2026-08-21T21:58:18,wire,TT,Steven Medina,Task spend easy avoid.,cross_border
0DEDE9EE-ACC,ACC32329103,C827712,26215.67,USD,2026-08-21T22:58:14,crypto,CN,Eric Hansen,Watch indeed mean compare fish environmental.,
64F5730B-C8F,ACC93955206,C321275,335.59,USD,2026-08-21T23:11:04,card,NR,Kimberly Stevens,Responsibility word recently plant.,
02CE77F4-953,ACC58884978,C552248,30590.09,GBP,2026-08-21T23:13:38,card,ES,Christopher Smith,War mission woman camera kind their.,
473E299F-6D8,ACC65259205,C941204,14342.78,GBP,2026-08-21T23:23:47,crypto,LU,Edwin Turner,Able force energy billion.,
A635B51A-613,ACC26941092,C596564,29216.26,USD,2026-08-21T23:25:19,cash_deposit,IT,Rachel Guerrero,Trade impact dog work beat development.,
6F18C632-0E3,ACC22517517,C890170,19362.37,USD,2026-08-21T23:30:41,card,SZ,Donna Herring,Moment south common myself.,
DB229F71-86D,ACC71115319,C437408,214503.34,GBP,2026-08-21T23:33:20,cash_deposit,BR,Tyrone Hernandez,Language along offer heavy writer interview send.,
236D9EA2-749,ACC91178885,C320861,46288.13,USD,2026-08-21T23:53:46,card,DJ,Melissa Hernandez,Pattern appear record here doctor speech bill.,
84874D0B-748,ACC40547349,C333752,9589.49,CHF,2026-08-22T00:00:55,card,TD,Christopher Lee,Appear central pattern upon edge.,
AD0CB472-209,ACC83089925,C335729,146988.12,EUR,2026-08-22T00:15:50,cash_deposit,LY,Dr. Wesley Macdonald,Drop tend red develop.,
00466530-552,ACC61642594,C500156,9984.22,GBP,2026-08-22T00:18:46,card,PT,Tina Olson,Drive deep send process become itself respond.,
75EB109E-FF1,ACC85146293,C526117,34102.93,CHF,2026-08-22T00:38:46,crypto,IQ,William Salas,Choice world air really each.,
B9BF5A02-F30,ACC73123515,C120324,18936.05,USD,2026-08-22T01:07:39,wire,NA,Nancy Sanders,Leader difficult he front goal.,cross_border
AFADFE22-05C,ACC68186525,C479781,27074.65,EUR,2026-08-22T01:35:18,card,AL,Shawn Flores,Wrong analysis actually account.,
FBE595D6-DBE,ACC69476001,C947272,35081.62,EUR,2026-08-22T01:48:21,sepa,RS,Erica Thomas,Family amount stage issue expect apply.,
D39F45D0-97F,ACC97971488,C623481,45447.07,CHF,2026-08-22T01:52:29,wire,SZ,William Morgan,Such identify do interesting material share she order.,cross_border
5A2C208C-19E,ACC82498004,C184491,40722.03,EUR,2026-08-22T01:58:26,wire,HU,Patrick Jackson,Outside sport small dream discover.,cross_border
D4BE468B-52E,ACC71070189,C399105,22618.99,CHF,2026-08-22T02:03:44,card,MG,Dennis Palmer,Campaign public reason discussion food.,
997CF724-90D,ACC82383095,C891952,2099.19,EUR,2026-08-22T03:01:03,card,KN,Laurie Blackburn,Add professor indicate property article cover seven.,
08103EDA-E71,ACC68186525,C479781,47087.7,EUR,2026-08-22T03:29:52,crypto,BR,Katie Pearson,Mind example work report purpose care.,
CD700CAD-B36,ACC83534128,C567574,49421.95,EUR,2026-08-22T03:52:16,card,RW,Ryan Lowery,Responsibility government happy million.,
AB6D43F0-9F8,ACC82498004,C184491,28531.87,CHF,2026-08-22T04:15:43,swift,UG,Kyle Bates,Her game they ask.,domestic
A93A8DAD-EF6,ACC97971488,C623481,15585.72,GBP,2026-08-22T04:20:08,cash_deposit,LU,Gabriel Murray,Nothing top entire receive onto worry.,
8D94393C-22E,ACC63121477,C237235,16992.61,USD,2026-08-22T04:27:58,wire,MD,Timothy Maxwell,Organization single door.,cross_border
C5A6568E-3AE,ACC39958838,C246316,25529.06,EUR,2026-08-22T04:48:43,sepa,EG,Leon Reyes,Marriage on discussion point least.,
3DD9152B-EE0,ACC45551614,C246413,9664.04,CHF,2026-08-22T05:08:11,sepa,MN,Autumn Higgins,Significant up still management difference data.,
5F2B0A49-38C,ACC49172995,C633590,47679.03,CHF,2026-08-22T05:09:32,swift,IN,Frederick Parks,Hour able pressure resource produce.,cross_border
50D4CE43-7FD,ACC68571795,C735656,232816.17,GBP,2026-08-22T05:40:49,card,TT,Brandy Bowman,Expect discussion shoulder store year board.,
9132D9DE-563,ACC83534128,C567574,34808.73,CHF,2026-08-22T05:52:02,crypto,SC,Alyssa Edwards,Offer process over movement story hope its.,
569F646C-216,ACC44788100,C888295,48475.68,CHF,2026-08-22T05:55:47,card,BO,Gary Meyers,Stop information soldier suffer anything process south.,
126ADE17-AC6,ACC71662963,C662275,8975.42,GBP,2026-08-22T06:02:37,sepa,CU,Steven Friedman,There behavior spring consumer husband.,
BC8FAC92-DF8,ACC20200074,C720859,35327.79,USD,2026-08-22T06:11:26,crypto,CU,Daniel Murray,Though seek run find exactly who use.,
F7EA328F-306,ACC30514014,C757924,31166.19,EUR,2026-08-22T06:13:22,card,DK,Lisa Thompson,Movement hospital back shake.,
107D77A3-85F,ACC25312516,C962050,15404.33,GBP,2026-08-22T06:16:02,wire,ET,Lisa Sparks,Simply thought story power.,cross_border
1116DAAF-94C,ACC92874006,C171744,9998.05,GBP,2026-08-22T06:38:13,cash_deposit,DK,Christopher Hunter,Politics represent voice southern.,
C54200E7-7AB,ACC65259205,C941204,9997.6,USD,2026-08-22T06:44:07,card,CU,Kristen Brooks,Space style win book leave serious.,
C40F63BF-7B3,ACC34627347,C392075,27930.18,USD,2026-08-22T06:52:47,card,RS,Maria Estrada,Imagine citizen drug information response.,
490E07A7-331,ACC68461818,C965845,26732.34,EUR,2026-08-22T07:17:42,crypto,CD,Pamela Hays,On common computer have might who.,
00E26686-B17,ACC83534128,C567574,2138.15,EUR,2026-08-22T07:56:34,cash_deposit,MZ,Kelsey Barnes,Crime least exist entire guy.,
79F40D09-C9A,ACC88961459,C680828,31812.65,CHF,2026-08-22T07:58:31,wire,BI,Jerry Santos,Live relationship as great western everybody.,cross_border
22A026D6-EC7,ACC99038526,C208618,27951.63,GBP,2026-08-22T08:36:53,card,IN,Edgar Johnson,Movie west doctor this push down force reach.,
1BC3D985-EEC,ACC43273328,C335612,10487.14,EUR,2026-08-22T08:59:29,cash_deposit,MY,Lisa Moore,Wonder president small sister especially usually line.,
482CCCCD-AE5,ACC22660194,C201639,44780.37,CHF,2026-08-22T09:08:34,crypto,GN,Samantha Harris,Admit civil number pass wind special buy east.,
EB9955AA-371,ACC39042654,C874483,27813.72,GBP,2026-08-22T09:52:18,card,NG,Sheena Hatfield,Expert doctor free could exist.,
1EE370B3-CCF,ACC35848226,C430876,41764.05,USD,2026-08-22T09:58:44,crypto,RU,Mrs. Veronica Torres,Rich despite hold method class car.,
A3B8814C-0CD,ACC97971488,C623481,15680.97,CHF,2026-08-22T09:59:35,card,LV,Alyssa Olsen,Campaign reason read film decide.,
A8EE3A7C-4B4,ACC97225156,C491559,10273.76,USD,2026-08-22T10:08:28,cash_deposit,KP,Annette Carpenter,Wind improve player peace catch people.,
B0211050-510,ACC41329612,C377405,10489.13,CHF,2026-08-22T10:11:08,wire,AL,Kimberly Fisher,Room need personal instead place dark participant.,cross_border
729AB8B3-CC4,ACC25312516,C962050,33734.59,EUR,2026-08-22T11:08:22,cash_deposit,SE,Stephen Davis,Scene again set finally note.,
DB8C5815-6E5,ACC64830300,C572387,32.75,USD,2026-08-22T11:11:28,wire,LY,Aaron Donovan,Fall condition discuss where.,cross_border
69089CFD-2E0,ACC38470244,C472060,4167.38,EUR,2026-08-22T11:20:56,wire,NR,Megan Bright,Score no whom star much ten feel.,cross_border
CF1EB064-FA9,ACC68812137,C974244,37990.37,GBP,2026-08-22T11:44:22,card,PT,Jeffrey Mccarthy,Present without about fund.,
5B7548A1-110,ACC87049595,C398151,9993.59,GBP,2026-08-22T12:37:09,swift,JO,Andrew Martinez,Probably cold minute data surface participant pattern.,cross_border
9B3E832D-2B5,ACC64830300,C572387,10714.25,CHF,2026-08-22T12:46:25,card,PE,Gwendolyn Wagner,Camera wide better friend some.,
DA7F65AF-1FD,ACC88183110,C679364,40166.29,GBP,2026-08-22T12:58:58,wire,BD,Vickie Hall,Ask myself wall series person.,domestic
04A2F479-6D8,ACC35583290,C728492,4405.65,GBP,2026-08-22T13:17:36,sepa,MH,Philip Harrington,Age public eye itself soon even.,
DE41C71A-2BC,ACC20200074,C720859,6416.01,CHF,2026-08-22T13:19:04,wire,BO,Maureen Wallace,Own music town note walk.,domestic
24592131-59B,ACC36757737,C979995,38862.01,EUR,2026-08-22T13:34:05,card,VE,Carmen Hudson,Here employee building me.,
C35285A4-952,ACC84093639,C407419,1013.7,EUR,2026-08-22T13:49:14,swift,TN,James Matthews,Might heavy trade might.,domestic
D6490F2C-E2A,ACC19584466,C162535,5127.08,GBP,2026-08-22T13:50:20,card,ZM,Teresa Roman,Itself debate matter large recently because.,
B8136DCF-FBA,ACC95132217,C544151,21752.53,GBP,2026-08-22T13:55:43,cash_deposit,IT,Tammy Taylor,Card recognize detail party.,
C6B0C163-D8D,ACC73481797,C839485,23546.23,CHF,2026-08-22T14:17:50,wire,ES,Anna Porter,Bed word operation success expert finally position.,cross_border
334CA86F-214,ACC94560158,C738448,23484.49,USD,2026-08-22T14:30:46,card,BH,Philip Stokes,Pass what analysis Mr total room hotel.,
F824BFE0-714,ACC21631697,C392477,17903.54,EUR,2026-08-22T14:33:26,cash_deposit,NZ,Kaitlin Davis,Seem pattern enjoy along bit.,
B6DF425B-4DD,ACC99038526,C208618,21140.86,USD,2026-08-22T14:35:21,sepa,TL,Anthony Scott,Modern continue which nor can himself huge whom.,
6CC95661-AE4,ACC41329612,C377405,40822.4,USD,2026-08-22T14:45:59,sepa,MC,Brittany Bowers,Red result model join agent.,
7CD1434E-CB1,ACC94120751,C350867,30869.4,EUR,2026-08-22T14:47:16,wire,BF,Amy Knight,Truth general project citizen scientist simple guess.,domestic
A0EB92BA-20F,ACC31980274,C426147,18636.31,GBP,2026-08-22T15:08:56,swift,CH,Christine Ross,Sister including ahead practice word.,cross_border
5B2245B2-FDD,ACC49172995,C633590,41817.4,CHF,2026-08-22T15:19:58,sepa,ZW,Joshua Atkinson,Improve may food agree unit wide year environmental.,
8C1A644F-C5B,ACC42614537,C922733,6579.57,USD,2026-08-22T15:31:31,wire,PY,Brandon Young,Reason event against none as reality democratic huge.,domestic
6CB53D1D-3EA,ACC70467027,C564226,263.89,USD,2026-08-22T15:50:29,cash_deposit,ZA,Erin Warner,Likely whose idea certain attorney decide.,
ADBE00FD-469,ACC45935572,C169403,40711.39,EUR,2026-08-22T16:15:05,crypto,NI,Michelle Fischer,Current strategy face make.,
0A57D351-244,ACC71070189,C399105,6568.35,CHF,2026-08-22T16:17:10,wire,RU,Christopher Gill,Into thing really listen husband shake party.,domestic
94F7A19F-E7D,ACC69096899,C204555,24427.8,CHF,2026-08-22T16:22:48,swift,SR,Lydia Hampton,Which however hour.,domestic
36BF3E6B-0AF,ACC21490777,C353080,25673.07,CHF,2026-08-22T17:29:21,crypto,TT,Melinda Mayo,Performance them foreign citizen statement scientist call.,
FDDCD861-1B1,ACC57683626,C319684,45575.2,EUR,2026-08-22T17:58:00,card,AT,Roy Nielsen,Trouble something population loss physical throughout Mr.,
20FD4077-A5D,ACC77827638,C731262,11796.55,GBP,2026-08-22T18:07:11,wire,NR,Joseph Hall,Street south author technology amount affect TV.,domestic
A945059F-DF8,ACC25374874,C814825,38019.38,EUR,2026-08-22T18:12:18,wire,CM,Sheri Chapman,Believe give occur example even between answer.,domestic
DA7A8ACD-525,ACC65692629,C456385,8903.51,GBP,2026-08-22T18:22:23,crypto,CD,Alexandra Taylor,Someone quickly plant answer his concern.,
EB20A329-963,ACC65177213,C589710,23024.82,EUR,2026-08-22T18:42:01,sepa,TD,John Henderson,Door space crime Republican.,
968A17D7-253,ACC86460539,C358175,14139.49,USD,2026-08-22T19:10:29,wire,MT,Frank Cochran,These him when training science ability much crime.,domestic
CEBA5820-C01,ACC40742311,C961722,42750.3,EUR,2026-08-22T19:35:08,swift,SB,Thomas Brown,Expect itself free source serve analysis.,cross_border
67ACFBCA-E16,ACC73900135,C777278,36769.55,EUR,2026-08-22T19:57:37,wire,PE,Amy Reed,Focus drive mean reason agreement party.,domestic
89AD23DE-D4F,ACC43273328,C335612,436.61,CHF,2026-08-22T20:04:13,card,ZM,John Campbell,Enough mother game question me.,
9BEC3D45-DD9,ACC25228493,C583863,9822.97,USD,2026-08-22T20:11:17,swift,CI,Jennifer Morris,Mind write candidate many not.,domestic
D58546D7-272,ACC42194159,C282256,48393.94,GBP,2026-08-22T20:12:50,card,KP,Lynn Adams,Production senior everyone hear officer.,
B57451FC-758,ACC83089925,C335729,41082.74,USD,2026-08-22T20:39:58,wire,BJ,Angela Potts,Together describe something who.,domestic
E8DC6F51-3C3,ACC97971488,C623481,14241.0,EUR,2026-08-22T20:51:23,cash_deposit,AU,Shannon Turner,Man care resource maintain.,
F6068094-83F,ACC39042654,C874483,27982.8,USD,2026-08-22T20:58:24,cash_deposit,VE,Margaret Duncan,Benefit much power talk sit treatment.,
F09A406D-CEA,ACC19528530,C842225,24901.27,CHF,2026-08-22T21:17:45,sepa,LS,Dr. Jacqueline Monroe,Choose out perform.,
B8D6787E-DFD,ACC92874006,C171744,6747.11,GBP,2026-08-22T21:27:27,wire,KZ,Lisa Jones,Officer participant some return poor should.,cross_border
65DCB8EE-086,ACC43273328,C335612,23544.68,EUR,2026-08-22T21:59:46,card,HU,Bethany Moore,Several article sort term produce he increase.,
B3FD9630-E9C,ACC57683626,C319684,9978.49,EUR,2026-08-22T22:08:17,wire,TJ,Nicole Ward,Behavior federal happy.,cross_border
C81A3169-AED,ACC54769200,C908577,9995.05,GBP,2026-08-22T22:28:28,swift,LT,Vicki Powell PhD,Suggest environment shake hope citizen skin their.,domestic
1431295B-B3A,ACC65177213,C589710,24950.62,GBP,2026-08-22T22:29:47,swift,VE,Eddie Bridges,Program beautiful close finally beyond you.,cross_border
951C03B6-65E,ACC35487660,C411120,24520.12,USD,2026-08-22T22:37:06,card,PW,Tamara Carr,Above become minute war stage.,
95F5EB30-2B7,ACC73771720,C740967,34917.31,GBP,2026-08-22T22:44:37,swift,LS,Elizabeth Thompson,Sport television poor bill.,domestic
4E498A09-5D1,ACC90014570,C835244,6894.96,EUR,2026-08-22T22:54:10,wire,NA,Elizabeth Robles,Return experience heavy oil deal attorney example.,cross_border
28E4C7AB-1A1,ACC22517517,C890170,46209.47,USD,2026-08-22T22:58:02,swift,VE,Elizabeth Mendez,Whose speech into forward.,cross_border
4121FD40-014,ACC32329103,C827712,13768.85,USD,2026-08-22T23:05:16,cash_deposit,NA,Amber Hoffman,Hot site true analysis term party.,
39D9D501-297,ACC24508349,C501124,45237.03,CHF,2026-08-22T23:07:32,wire,SR,Megan Sanchez,Production live key its here five.,domestic
7E576A71-21A,ACC44188276,C146542,40766.4,GBP,2026-08-22T23:21:32,wire,SK,Samantha Ross,Result work strong way interest upon.,cross_border
6CE6B652-75F,ACC38195995,C815198,4419.48,EUR,2026-08-22T23:30:40,card,PE,Nicole Garcia,Figure improve maintain night audience off through moment.,
2AED3175-034,ACC51098277,C796212,255.94,GBP,2026-08-22T23:43:32,cash_deposit,SL,Caleb Smith DDS,Sport price agree perhaps test half.,
9C74D6BC-0A1,ACC86460539,C358175,5968.33,USD,2026-08-22T23:57:50,cash_deposit,VE,Nancy Merritt,Management common center man.,
9DE3CFBD-93D,ACC23492385,C973074,1838.86,EUR,2026-08-23T00:04:45,card,BI,Susan Johnson,Officer amount answer single test evidence.,
407FDD11-2FF,ACC83932360,C114338,42663.14,USD,2026-08-23T00:53:20,card,MY,Allison Pace,Particular tree clear safe begin night.,
68F05FD2-31C,ACC41244663,C205907,11428.63,EUR,2026-08-23T00:58:47,card,CO,Christina Washington,All politics home majority.,
DF90895B-775,ACC84903294,C901577,26409.96,EUR,2026-08-23T00:58:49,sepa,PS,Vanessa David,Tend order fast.,
A76DD921-396,ACC43273328,C335612,11386.65,CHF,2026-08-23T01:20:39,swift,DK,Jeffrey Torres,Garden reach state cover board discussion.,cross_border
89F3B34B-7A0,ACC75181648,C604740,39338.92,USD,2026-08-23T01:26:36,swift,HR,Shawn Shepherd,Billion share example beyond expect smile raise.,domestic
C156E01F-97B,ACC82287061,C607868,39235.25,USD,2026-08-23T02:15:32,swift,VE,Jasmine Mcdonald,Item firm seek important night away.,cross_border
60B2F9E1-1B3,ACC91178885,C320861,28566.3,EUR,2026-08-23T02:23:14,card,CO,Benjamin Sanchez,Film note argue heart enough seat.,
008E8910-AA8,ACC33357554,C745414,14269.2,USD,2026-08-23T02:32:50,card,IS,Gina Peterson,Story a fly student study final.,
2D55EF37-89B,ACC99038526,C208618,45331.75,EUR,2026-08-23T02:36:38,wire,TR,Bridget Cook,Season on reveal opportunity middle cover least couple.,cross_border
6A7F0450-30D,ACC88961459,C680828,2958.51,CHF,2026-08-23T02:36:56,swift,US,Alyssa Mcfarland,Forward behind idea red.,cross_border
EF36F174-068,ACC46361787,C421517,40054.22,CHF,2026-08-23T02:55:26,swift,GT,Natasha Cox,High significant treatment true view medical history.,domestic
C26115EC-A01,ACC21490777,C353080,24852.23,GBP,2026-08-23T02:58:32,card,EE,Ronald Barrera,Bad range use leader coach.,
DAC5A817-D6D,ACC30514014,C757924,19609.93,CHF,2026-08-23T03:08:23,card,AR,Derek Jones,Family maybe national back.,
BE0C58EB-EC2,ACC88320463,C518801,35921.55,CHF,2026-08-23T03:33:13,cash_deposit,SN,Denise Harris,Know southern parent I and technology age join.,
58D8CFC9-C81,ACC82383095,C891952,9992.31,GBP,2026-08-23T03:51:43,sepa,MV,Dustin Hughes,Alone when instead clear radio strong let.,
09830AC9-5EF,ACC19289546,C897549,25370.21,GBP,2026-08-23T03:57:19,swift,FJ,Alexis Martinez,She represent like big thank.,cross_border
DD9F63F9-4F4,ACC32775593,C790855,48525.86,GBP,2026-08-23T03:57:52,swift,TR,Shawn Wilson,Method chance eye only specific.,domestic
C852CE0A-1E7,ACC55176955,C207175,36218.02,USD,2026-08-23T03:58:55,card,ST,Krista Benton,Wall decide something story attorney summer some.,
8EB85AFE-D67,ACC73123515,C120324,2833.42,EUR,2026-08-23T04:02:03,card,JM,Mr. Christopher Martin,Six know general difference actually really.,
A0326A38-6DF,ACC85146293,C526117,29320.7,USD,2026-08-23T04:45:24,swift,AG,Matthew Lucas,Behind pattern they style director.,cross_border
02A1C73A-BA4,ACC68812137,C974244,16337.26,USD,2026-08-23T04:48:16,swift,ID,Ann Bautista,Early event explain of.,domestic
CA2D5B7E-E8E,ACC86483924,C739979,4438.86,GBP,2026-08-23T04:49:45,cash_deposit,TJ,Raven Cruz,Poor administration land window character speech.,
D8AC12C0-18A,ACC20099059,C824586,4250.52,EUR,2026-08-23T04:58:02,cash_deposit,SB,Shawn Smith,Push drive cell economy defense.,
CD376E64-448,ACC95132217,C544151,29425.28,EUR,2026-08-23T05:05:58,swift,CD,Mark Contreras,Place free because.,cross_border
F5F30C1A-20F,ACC99943797,C209680,31541.46,USD,2026-08-23T05:20:28,card,ID,Laura Davidson MD,Season leg seven management discussion message test.,
7A754702-FB6,ACC81503856,C549186,8390.54,CHF,2026-08-23T05:32:46,card,HN,Isabella Taylor,Play into red today example.,
8FB1B070-B41,ACC83932360,C114338,3062.54,CHF,2026-08-23T05:33:33,cash_deposit,PW,Brooke James,Six attack alone option.,
EEB9E7C4-0DE,ACC95613415,C889359,19449.91,USD,2026-08-23T05:43:06,wire,LK,Deborah Hernandez,Indicate idea together need including mother.,domestic
857689AB-E63,ACC31980274,C426147,14040.4,CHF,2026-08-23T06:11:03,cash_deposit,UY,Amy Sanders,Choose myself adult democratic.,
F904566F-22A,ACC16927215,C313446,58.06,GBP,2026-08-23T06:13:48,card,MA,Lindsey Cooper,Animal term effect improve maybe article need.,
9A5218D4-E6E,ACC36757737,C979995,130787.79,GBP,2026-08-23T06:14:38,swift,KW,Bianca Ortega,Number value leader us culture material when.,cross_border
972CC191-781,ACC99943797,C209680,42845.81,CHF,2026-08-23T06:18:10,card,KP,Manuel Flores,Face green south food end military.,
72CC4DA8-EB5,ACC41329612,C377405,10660.13,USD,2026-08-23T06:26:33,wire,CZ,Barbara Palmer,Human again some floor.,domestic
998AAE78-80E,ACC95613415,C889359,40747.97,EUR,2026-08-23T06:29:40,wire,NP,Jeffrey Adams,Pass blue possible benefit his.,cross_border
FB3117AA-A89,ACC44392446,C904150,42225.78,GBP,2026-08-23T06:49:50,card,GH,Angela Armstrong MD,Team special discussion energy.,
2BAE29D3-75E,ACC94560158,C738448,25526.33,EUR,2026-08-23T07:03:49,card,FR,Beverly Pham,It leg wife.,
BA7FCCE6-429,ACC38470244,C472060,9976.72,CHF,2026-08-23T07:17:33,sepa,ZM,Johnny Pearson,Interest amount reach bill success begin environment.,
BF483704-D50,ACC95758349,C632323,27968.46,CHF,2026-08-23T07:20:00,wire,US,Brittany Contreras,Person expert then even material.,domestic
2900294D-71B,ACC86460539,C358175,3660.56,CHF,2026-08-23T08:01:05,crypto,IE,Mark Clark,Scientist increase environmental laugh marriage five color treatment.,
8CFC77FE-65A,ACC50785405,C400850,34507.32,USD,2026-08-23T08:07:18,wire,BY,Matthew Baker,Minute risk official yourself before whom.,domestic
E4441001-A1B,ACC25228493,C583863,47290.94,GBP,2026-08-23T08:52:30,card,IR,Jacqueline Baker,Gun not community star guy as.,
F4E5F103-75F,ACC99943797,C209680,22026.99,GBP,2026-08-23T08:56:13,wire,GT,Nathan Smith,Sound street up treat.,domestic
F82DB727-6E6,ACC82160068,C323508,28087.59,EUR,2026-08-23T08:57:16,swift,AF,Kimberly Nunez,Hand goal term matter address prepare protect.,domestic
C0677F47-5C0,ACC22130508,C555052,30873.29,EUR,2026-08-23T09:34:22,card,MW,Anthony Santana,Daughter later from see else ground low.,
094A66AD-B3A,ACC19943140,C705050,13761.06,EUR,2026-08-23T09:47:33,swift,RU,Seth Taylor,Inside glass represent trouble write down girl.,cross_border
8F5EEC22-390,ACC26941092,C596564,829.89,CHF,2026-08-23T10:00:08,card,SN,Nicole Sullivan,Politics strategy specific budget drive bag society argue.,
81F3FC23-D88,ACC43273328,C335612,16609.01,CHF,2026-08-23T10:14:20,swift,SD,Todd Lutz,Center quite simply cup seat.,domestic
BF095CF8-759,ACC97225156,C491559,15857.85,GBP,2026-08-23T10:24:26,swift,IE,Marilyn Sanchez,Concern without entire everyone sea safe true.,domestic
60C410B8-E85,ACC95132217,C544151,9976.15,CHF,2026-08-23T10:27:40,card,DZ,Mr. Samuel Baker,Fear and describe teach.,
22BAE596-2CE,ACC32329103,C827712,47720.05,USD,2026-08-23T10:29:03,wire,RU,Amy Rogers,Staff director friend pick rest explain clearly interest.,cross_border
1D253B07-1B5,ACC89864260,C171262,43605.55,USD,2026-08-23T10:52:27,card,RU,Tracey Vasquez,Itself religious energy teacher single long food send.,
C6A1637E-B31,ACC65026398,C786587,44325.36,GBP,2026-08-23T11:05:58,sepa,BB,Caitlin Skinner,Recognize improve window everyone resource consumer research.,
7789A8DD-185,ACC75529051,C330080,14795.09,GBP,2026-08-23T11:31:05,cash_deposit,AT,Dr. Timothy Walker,Theory news choose eye whether of financial.,
FB14C081-D01,ACC53536830,C934816,22833.11,USD,2026-08-23T11:47:42,sepa,VU,Alexandra Turner,Provide family million clear.,
43D8902E-905,ACC63121477,C237235,24887.58,CHF,2026-08-23T12:41:48,sepa,CO,Brandon Sanders,Garden Democrat onto sense.,
85A49984-2FF,ACC44188276,C146542,32457.37,EUR,2026-08-23T12:52:14,wire,AM,Catherine Brown,Hear front age bit significant also.,domestic
73FC9651-CCE,ACC24366125,C878480,27872.85,USD,2026-08-23T13:07:09,card,ES,Sarah Collins,Expert participant sister management agent seek movement.,
4F3C46E4-A62,ACC50071487,C978157,27151.4,CHF,2026-08-23T13:09:52,wire,RU,Eric Fox,Ago other turn truth.,cross_border
C7F85CE2-609,ACC36726767,C254511,42616.54,CHF,2026-08-23T13:19:25,swift,CG,Michael Dean,Together strong difference defense treat standard seat.,cross_border
AE1C7BA3-8EF,ACC75529051,C330080,41951.69,GBP,2026-08-23T13:25:14,swift,KE,Matthew Wiggins,Piece report husband easy parent side role employee.,domestic
A24853B9-AB9,ACC65682626,C527398,205483.55,GBP,2026-08-23T14:21:10,crypto,ZW,Paula Key,In increase field against.,
7069BD97-4CA,ACC55176955,C207175,36641.28,USD,2026-08-23T14:31:30,crypto,NA,Matthew Foster,Third last involve above Democrat everything region somebody.,
B8B7866F-577,ACC49172995,C633590,41080.81,USD,2026-08-23T14:38:58,swift,GD,Ivan Brown,Under throw window thus organization.,cross_border
5D119F90-98E,ACC25228493,C583863,9980.39,USD,2026-08-23T15:00:08,cash_deposit,BO,David Estrada,Recent campaign painting whether two south.,
D2BC6244-BCC,ACC22489409,C408528,44680.11,USD,2026-08-23T15:22:31,card,PG,Danielle Petty,Class southern professional discuss reflect whose.,
3B551E72-CA5,ACC58884978,C552248,945.64,CHF,2026-08-23T15:44:31,crypto,ZM,Ronnie Brooks,Report floor art daughter smile.,
9B11805E-D73,ACC15614174,C423232,42478.78,USD,2026-08-23T15:46:57,wire,KM,Anna Clark,Those cause less enter raise.,cross_border
CB4CD061-2FD,ACC21631697,C392477,15037.69,EUR,2026-08-23T16:11:17,card,SE,Terry Anderson,Scientist race add lot.,
5EE8E39D-8E7,ACC52091325,C159942,20152.88,GBP,2026-08-23T16:39:09,wire,LV,Linda Morris,Office however such consider table dream.,domestic
2F946EE0-3D9,ACC22660194,C201639,32435.79,GBP,2026-08-23T16:59:29,swift,KM,Audrey Williams,Challenge card reduce action art.,domestic
9404E95B-194,ACC99788677,C608993,4239.67,USD,2026-08-23T17:08:31,sepa,BR,Trevor Smith,Decision response hit personal cover.,
7BBF1B09-A19,ACC61642594,C500156,8904.7,CHF,2026-08-23T17:17:21,swift,GH,Paul Lamb,Else total impact phone person.,domestic
C097C09E-E8F,ACC21490777,C353080,39093.87,GBP,2026-08-23T17:23:00,card,CN,Mr. Chad Freeman,Ready represent machine continue.,
173D336D-F98,ACC66722344,C456778,11852.83,GBP,2026-08-23T17:31:18,crypto,NR,Mary Miller,Far east available environmental here six child hope.,
52137002-76C,ACC84411983,C233470,24226.72,CHF,2026-08-23T17:52:14,crypto,MA,Nicholas Mitchell,Later nor out assume property above benefit.,
DAB3DB5A-343,ACC78387461,C617488,9377.07,USD,2026-08-23T17:57:15,swift,PA,Robert Brown,Once message prepare group on.,cross_border
6651FFCA-49D,ACC16927215,C313446,41957.62,USD,2026-08-23T18:31:50,sepa,NI,Cheryl Burke,Writer deep recently rather responsibility new brother who.,
06438F7C-E5A,ACC81503856,C549186,8900.37,CHF,2026-08-23T18:43:59,crypto,IT,Jesse Cox,Gas character night as own.,
E9129F83-397,ACC53536830,C934816,16137.44,EUR,2026-08-23T19:05:18,sepa,MM,Carl Guzman,Individual later throughout card smile main.,
C215E66D-988,ACC70467027,C564226,10849.09,EUR,2026-08-23T19:12:12,card,WS,Elizabeth Hurst,Feel stay light pressure white attorney.,
E7B919E6-040,ACC24549543,C725550,36142.24,CHF,2026-08-23T19:17:53,cash_deposit,DM,Terry Perry,Election raise everything which soon.,
1BC0E11C-0E8,ACC52091325,C159942,11092.49,USD,2026-08-23T19:23:16,cash_deposit,SK,Joel Ford,Reason call traditional.,
8CE36597-DA4,ACC64247457,C639593,41434.49,USD,2026-08-23T19:38:11,card,IR,Richard Gillespie,Fight difficult business officer.,
BF693659-CF0,ACC97260863,C171951,4106.98,EUR,2026-08-23T19:48:04,wire,NL,Stephanie Bird,Dinner husband market political.,domestic
147F223C-177,ACC69476001,C947272,3419.82,EUR,2026-08-23T19:54:22,sepa,SR,Luis Hill,White as physical wind.,
D63D5728-939,ACC72363359,C800005,48908.76,GBP,2026-08-23T20:14:06,sepa,MG,Janice Ward,This because born.,
29857D80-1DB,ACC84093639,C407419,35228.19,USD,2026-08-23T20:14:35,card,CZ,Lance Montoya,Increase form box push look.,
1814A5E6-A80,ACC51098277,C796212,2625.24,USD,2026-08-23T20:23:10,wire,SG,Tammy Russell,Now strategy natural company forget.,domestic
42F2052F-C0F,ACC31682744,C665579,46376.09,GBP,2026-08-23T20:31:56,sepa,PK,John Schmidt,Enter until base issue character maybe.,
BA4C7819-20E,ACC46817443,C147726,9995.65,CHF,2026-08-23T21:08:35,card,KP,Matthew Jackson,Avoid plan any join.,
E47E0C0D-283,ACC70467027,C564226,9881.92,EUR,2026-08-23T21:11:44,card,AU,Benjamin Moore MD,Second common near keep.,
258869C3-FC4,ACC22534217,C958179,24849.06,GBP,2026-08-23T21:42:51,cash_deposit,IN,Sandra Mckinney,Test little interest report daughter take public.,
9EAF8BE5-18F,ACC90267122,C141797,21001.28,GBP,2026-08-23T22:11:35,cash_deposit,BE,Ronald Mendoza,Need health should decision structure.,
9F9B7474-BF4,ACC45351479,C624902,45423.26,GBP,2026-08-23T22:26:20,card,UZ,Benjamin Sanchez,Beyond money risk space owner help.,
79B71680-8ED,ACC46540265,C624783,5758.24,USD,2026-08-23T22:35:06,wire,PS,Mackenzie Johnston,Bar theory player approach let age.,domestic
30BFEF39-D74,ACC99038359,C989208,33031.09,CHF,2026-08-23T22:42:27,sepa,AT,Laura Gray,Art human left add order.,
226EA2F6-B43,ACC25374874,C814825,36072.94,GBP,2026-08-23T22:57:53,wire,AZ,Scott Lewis,Own democratic grow campaign.,domestic
66D5D9BC-079,ACC19528530,C842225,33899.69,GBP,2026-08-23T22:58:37,card,BB,Elizabeth Matthews,Myself political school move another field could.,
12AABEAE-BBC,ACC81503856,C549186,15457.94,GBP,2026-08-23T23:07:40,card,GM,Terrance Anderson,Address evening well until PM.,
6E8ABEBD-FC4,ACC73481797,C839485,8169.1,USD,2026-08-23T23:09:40,cash_deposit,TJ,Cindy Guerra,Manage total financial once price.,
F1C63EC3-B05,ACC66722344,C456778,26280.08,EUR,2026-08-23T23:10:25,sepa,BN,Laurie Powers,Look thank four whatever address.,
F056A1A3-E52,ACC88961459,C680828,341193.95,CHF,2026-08-23T23:54:59,sepa,EC,Kathleen Nichols,Best raise choice hear computer key.,
BB4CE6C3-BCD,ACC73083727,C464863,13660.9,USD,2026-08-23T23:57:26,swift,KH,Jessica Ward,Plant reflect police blood a serious turn.,domestic
4F77C4DA-4DF,ACC58884978,C552248,35540.67,USD,2026-08-24T00:04:52,swift,BG,Heidi Garrison,Rich before collection yeah.,domestic
DCC10FEE-51D,ACC38408562,C576786,12665.07,CHF,2026-08-24T00:06:41,card,AT,Kristine Bullock,Yeah owner his it.,
0ABED23F-40A,ACC73481797,C839485,48083.72,EUR,2026-08-24T00:13:06,swift,CU,Michael Gilbert,We five front Congress scientist.,domestic
70309682-224,ACC99038359,C989208,31199.46,GBP,2026-08-24T01:04:01,card,BJ,Michael Green,Drive staff pick.,
AD10009E-6AE,ACC86483924,C739979,26901.97,USD,2026-08-24T01:10:59,sepa,IR,Jeffery Ruiz,Might production lay medical activity able reality care.,
F8A675D5-FA5,ACC46361787,C421517,1919.16,CHF,2026-08-24T01:13:35,cash_deposit,BB,Paul Hunt,Tree develop board another girl suffer doctor.,
E179638B-6C3,ACC68571795,C735656,44307.68,CHF,2026-08-24T01:20:02,cash_deposit,GW,Kevin Peterson,Four she road difference share while upon.,
95FE4AF9-16F,ACC38470244,C472060,22213.12,CHF,2026-08-24T01:22:29,wire,VN,Benjamin Waters,Economy especially yet long the.,domestic
234BFA44-910,ACC19736572,C109767,31330.59,EUR,2026-08-24T01:23:08,cash_deposit,AM,Renee Ortega,Guy food dream include.,
6C624B9E-E45,ACC65692629,C456385,30923.83,USD,2026-08-24T01:40:42,sepa,TW,Carlos Smith,Bank free quite resource religious.,
6D063CBA-C76,ACC70467027,C564226,41553.07,GBP,2026-08-24T02:25:30,swift,KH,Mario Green,Hot particular everybody nor within.,domestic
2BA930DC-4F8,ACC84813739,C361303,32082.88,CHF,2026-08-24T02:29:51,wire,ID,Shawn Long,Economy statement see nor some.,domestic
1AE99AAD-C1D,ACC73380266,C355570,29243.55,USD,2026-08-24T02:55:38,wire,GH,Cindy Bailey,Southern pick dinner back.,domestic
B40A72C5-7C1,ACC99038526,C208618,36312.67,CHF,2026-08-24T03:06:21,card,OM,David Lawson,When even no mention.,
11EF0774-B8C,ACC98231132,C712024,45449.95,CHF,2026-08-24T03:09:18,card,BO,Jonathan Moore,Response charge pull support room.,
93C60C16-722,ACC18357162,C316881,42451.31,GBP,2026-08-24T03:31:26,card,LI,Beverly Martinez,Age you year throw without.,
0AB10485-08F,ACC35583290,C728492,27105.58,GBP,2026-08-24T03:49:13,card,RU,Jose Sutton,Former establish something civil.,
6F972F18-23A,ACC99788677,C608993,47010.56,EUR,2026-08-24T04:07:03,card,CH,Christopher Vazquez,Let left type suffer win less.,
77D65917-43E,ACC75529051,C330080,11103.71,EUR,2026-08-24T04:15:30,card,PY,Todd Wright,Use lay ok spend right test suffer in.,
7829133A-531,ACC64830300,C572387,41661.68,EUR,2026-08-24T04:28:01,card,KP,Melissa Roberts,Light require or fight.,
5834ED5C-537,ACC89864260,C171262,38941.8,CHF,2026-08-24T04:36:13,crypto,EG,Brooke Lambert,Almost eat financial fall.,
5639217C-4F4,ACC30514014,C757924,38399.4,USD,2026-08-24T04:57:01,wire,IS,Yolanda Murillo,Treatment across federal state situation identify if.,cross_border
D485CC33-403,ACC92874006,C171744,19524.91,GBP,2026-08-24T05:15:17,cash_deposit,MW,Holly Christian,Cover beautiful that hand rock Congress no.,
320B5346-F86,ACC39587039,C571029,9982.95,USD,2026-08-24T05:16:51,cash_deposit,CG,Erik Hernandez,Improve simple turn their save.,
A9BEA039-5B5,ACC42614537,C922733,8024.02,CHF,2026-08-24T05:17:01,card,KH,Natalie Watson,Individual against side together few.,
64CD8C25-8CD,ACC73771720,C740967,10902.23,CHF,2026-08-24T06:10:40,card,BR,Erik Mcdonald,Get spring work you.,
C747DE1C-639,ACC22489409,C408528,16741.1,USD,2026-08-24T06:21:33,crypto,TD,Holly Mendoza,Time past past dog week site there.,
E56D20D7-D70,ACC95613415,C889359,45561.92,GBP,2026-08-24T06:48:02,sepa,TR,Paul Perez,Threat section lot herself particular will imagine civil.,
3580240E-B57,ACC22660194,C201639,38174.65,EUR,2026-08-24T07:45:22,swift,KP,Kelly Jenkins,Our prove could party skin.,domestic
63F5B037-E5F,ACC77827638,C731262,12673.16,GBP,2026-08-24T08:07:33,cash_deposit,RU,Chad Jones,Medical music school money.,
F2FF854A-58E,ACC19528530,C842225,6008.82,USD,2026-08-24T08:10:03,card,ID,Vicki Strong,Majority town appear.,
9FEFE46A-555,ACC90014570,C835244,25369.71,EUR,2026-08-24T08:29:04,wire,ZA,Eric Carter,Example through compare measure seek.,domestic
599F3B27-4DE,ACC36757737,C979995,19604.27,USD,2026-08-24T08:41:12,wire,MH,Vickie Finley,Return gas outside too management first use.,cross_border
35B93686-C91,ACC17774584,C352572,4636.63,USD,2026-08-24T08:48:11,card,SM,Alexander Moyer,Data special throw growth.,
13ADA4FD-EB5,ACC13895645,C507746,17005.67,USD,2026-08-24T08:53:21,card,SY,Kristopher Galvan,Fine community little indicate.,
47C6DD04-411,ACC21631697,C392477,15284.37,USD,2026-08-24T08:54:42,cash_deposit,DO,Monique Shaffer,Common air nothing debate require increase argue.,
EA01DE84-6D1,ACC36757737,C979995,28702.2,USD,2026-08-24T09:11:39,card,LB,Stephen Powers,Bag you address meet red.,
6FC77436-75B,ACC48349783,C345884,15015.56,CHF,2026-08-24T09:15:59,wire,AG,Michael Carr,Property over write air.,cross_border
3FF0F15B-E8A,ACC83793389,C273148,363301.77,GBP,2026-08-24T09:36:24,crypto,AL,Robert Parrish,Role happen short various night political dark or.,
FF03B280-56D,ACC89864260,C171262,49611.96,GBP,2026-08-24T09:46:59,swift,MG,Michael Gutierrez,Line one teacher call each amount.,cross_border
DCB6834E-3BF,ACC81503856,C549186,46164.41,EUR,2026-08-24T09:55:11,crypto,GB,Aaron Doyle,Player modern condition form.,
263F60DC-50E,ACC34627347,C392075,9975.42,EUR,2026-08-24T10:18:03,swift,BB,Amy Dyer,Hospital this because that agree child.,domestic
168B92F5-CE3,ACC68571795,C735656,34246.04,USD,2026-08-24T10:41:32,swift,SY,Miss Makayla Young,Science west surface fill yet.,cross_border
ECC5EF25-1DC,ACC83534128,C567574,15767.51,CHF,2026-08-24T11:05:26,wire,BI,Jeffery Gonzalez,Move authority peace always ahead field.,cross_border
F5A0B148-032,ACC65259205,C941204,5017.36,USD,2026-08-24T11:40:41,wire,KP,Alexa Ramirez,Everyone send total bag officer address meeting debate.,cross_border
90C8DCE6-AB1,ACC72409658,C563246,9983.96,USD,2026-08-24T12:00:31,wire,EG,Jeffrey Walker,Arm meeting hit not.,domestic
A836923A-587,ACC63640499,C355836,4541.08,GBP,2026-08-24T12:05:54,swift,IE,Lori Mckay,History theory project him so story describe.,domestic
46F4A45C-BAE,ACC48349783,C345884,256.86,CHF,2026-08-24T12:16:37,swift,JO,Katherine Johnson,Hospital late over away economy.,domestic
FB7C89CC-B39,ACC99508850,C528231,3128.77,CHF,2026-08-24T12:22:49,wire,BB,Phillip Fischer,Control window however yard.,domestic
E2AA0A09-7A9,ACC35487660,C411120,46118.46,EUR,2026-08-24T12:24:50,sepa,GM,Donna Carpenter,Technology after hotel learn serve suffer.,
4805F6C1-881,ACC77827638,C731262,40059.39,GBP,2026-08-24T12:48:42,card,PW,Travis Joyce,Show sing me industry class current painting.,
0EC05729-ABA,ACC82160068,C323508,33196.82,CHF,2026-08-24T13:08:04,card,KE,Brandy Walter,Class station hospital also.,
75571C82-E65,ACC69302158,C678478,11044.4,CHF,2026-08-24T13:19:59,wire,VE,Richard Ramos,Clearly poor option type.,domestic
F3C4B470-148,ACC84093639,C407419,16136.93,CHF,2026-08-24T13:32:03,cash_deposit,ID,Michael Bradley,Surface usually yes.,
7311546B-CCA,ACC71070189,C399105,16098.68,USD,2026-08-24T13:37:02,card,ZW,Lee Mcguire,Foot nation stop environment throw.,
CCE952BA-234,ACC42614537,C922733,305426.17,CHF,2026-08-24T13:39:15,wire,MC,Tracie Harrington,Wife director or down standard major like.,cross_border
49B6F4A8-DC3,ACC48349783,C345884,30530.1,EUR,2026-08-24T13:45:47,card,JP,Brett Gonzalez,Claim series professor plant their.,
51DA891B-C0B,ACC95613415,C889359,9981.92,USD,2026-08-24T14:29:44,wire,BY,Hannah Mendez,Fast inside plant station resource particular.,domestic
2E5DC1C6-3DC,ACC97225156,C491559,37263.12,EUR,2026-08-24T14:38:07,wire,BA,Madison Campos,Edge imagine establish.,cross_border
E924A5A0-621,ACC83793389,C273148,25435.98,CHF,2026-08-24T14:50:41,swift,SL,Eric Davis,Trouble me actually event positive politics.,domestic
C19163B8-33A,ACC50079111,C890075,44326.77,EUR,2026-08-24T15:00:34,card,NZ,Michael Saunders,Sing require part development dog wear myself.,
69C66AE2-4F3,ACC61410126,C827659,48640.41,EUR,2026-08-24T15:11:47,wire,LI,April Reid,Face difference after article under go west.,cross_border
3177EBA3-65F,ACC69476001,C947272,29020.32,USD,2026-08-24T15:43:48,card,BJ,Jesse Davis,West fire resource commercial.,
5D8C1155-430,ACC38470244,C472060,16114.49,CHF,2026-08-24T16:31:35,wire,IR,Stephanie Vasquez,Arrive sure increase watch.,domestic
F905EF00-05E,ACC45935572,C169403,48825.59,CHF,2026-08-24T16:46:19,card,IR,Joshua Griffin,Wish hour make owner.,
CED2B9EB-709,ACC50071487,C978157,20162.03,GBP,2026-08-24T16:54:37,cash_deposit,RU,Thomas Thornton,Risk company ready organization beautiful involve.,
CFB70E1E-C61,ACC25312516,C962050,12849.36,USD,2026-08-24T16:59:46,swift,CA,William Fitzgerald MD,Baby drug in city increase.,cross_border
C609E8A8-998,ACC65026398,C786587,9981.06,GBP,2026-08-24T17:32:52,crypto,DE,Cameron Waters,Always product traditional stand turn method.,
A73545B4-DF8,ACC16150444,C793384,12104.49,GBP,2026-08-24T17:34:54,sepa,MU,Tyler Hernandez,Computer matter yet.,
5EFEC46F-FAF,ACC33763566,C532322,8671.58,CHF,2026-08-24T17:50:42,crypto,CZ,Jeremiah Fisher,Research sea answer third study though feeling.,
92E696FC-6A3,ACC32775593,C790855,13258.09,USD,2026-08-24T18:04:53,swift,SG,Crystal Holmes,Leg item tend process real account.,domestic
57FF8C8F-37E,ACC38470244,C472060,364.33,USD,2026-08-24T18:28:37,card,MR,Robert Rollins,Grow condition side.,
4ECE0E2D-5AA,ACC68812137,C974244,9991.84,EUR,2026-08-24T18:53:47,cash_deposit,AE,John Barrett,Model live inside truth all teach.,
EEA9EDBD-D14,ACC91178885,C320861,46393.3,EUR,2026-08-24T19:09:34,wire,CO,Zachary Diaz,Agree hear current above kid quickly.,domestic
2B1F20C8-BF7,ACC32775593,C790855,8416.95,EUR,2026-08-24T19:32:23,card,TG,Anna Wood,Community class expect almost remain.,
A7F732D1-813,ACC58436637,C288158,14796.66,EUR,2026-08-24T19:41:45,swift,TL,Tanya Thompson,Right arm house child rest impact piece continue.,domestic
49ECB9CA-FD5,ACC95613415,C889359,9226.13,USD,2026-08-24T19:42:19,cash_deposit,GD,Brian Rodriguez,To clearly medical little father lead.,
29AE76C1-6FD,ACC95822412,C216739,31048.35,USD,2026-08-24T19:50:47,card,LA,Benjamin Beck,Perhaps professional by tonight medical project.,
F2654C6C-4C8,ACC73771720,C740967,15078.37,GBP,2026-08-24T19:54:06,card,KP,Ian Lara,Military wonder others TV.,
527983E3-CE9,ACC82287061,C607868,48804.35,GBP,2026-08-24T19:56:22,card,ZM,Cindy Gallagher,Trip happen upon.,
9783BA10-CF3,ACC50071487,C978157,8810.97,EUR,2026-08-24T20:16:37,cash_deposit,SE,Anthony Joseph,Me reach analysis.,
60A1B1EC-1E4,ACC73481797,C839485,45207.91,CHF,2026-08-24T20:30:06,wire,MM,Caleb Edwards,Blood war sign friend Congress lay reality.,domestic
BBA29EC6-A7B,ACC97225156,C491559,5938.21,GBP,2026-08-24T20:41:16,swift,PY,Kevin George,Notice ok technology born though.,cross_border
7CCB7D43-C50,ACC54058573,C392136,9995.19,CHF,2026-08-24T21:24:19,card,TR,Lauren Wagner,Travel gas who place head follow by investment.,
CEBDE25B-72B,ACC58181396,C988662,27600.0,EUR,2026-08-24T21:30:47,cash_deposit,BI,Jill Anderson,Business walk anything under item right.,
6B8FD953-F71,ACC19943140,C705050,5936.06,CHF,2026-08-24T22:20:46,card,BT,Cindy Ramos,Teacher audience above reflect blood rate.,
451B433B-1F7,ACC95132217,C544151,30328.11,CHF,2026-08-24T23:08:53,card,BE,William Wilson,Seek standard simply own season old just their.,
4F0D85A1-9D4,ACC31682744,C665579,7377.23,EUR,2026-08-24T23:23:58,cash_deposit,UG,Michael Jensen,Professional statement same stay run add.,
8A948B5E-214,ACC50071487,C978157,32280.75,GBP,2026-08-24T23:38:03,card,FJ,Kristin Bell DDS,House shake four always rock.,
2A262787-3F9,ACC45551614,C246413,39714.54,GBP,2026-08-24T23:38:29,crypto,JM,Jacob Long,War this difference way type positive.,
AAD39C21-940,ACC49392920,C555884,37661.14,CHF,2026-08-25T00:24:22,card,TL,Tina Bird,Inside nearly son research.,
9AE93D35-9A7,ACC71662963,C662275,40857.28,USD,2026-08-25T00:40:50,wire,CU,Rodney Wagner,Race drop major land.,domestic
7061F268-85A,ACC86460539,C358175,47287.13,USD,2026-08-25T00:48:13,card,SG,Joshua Brown,Institution again read collection able accept.,
ED69F618-522,ACC94120751,C350867,16511.59,CHF,2026-08-25T00:55:46,wire,UY,John Tran,Room range at.,cross_border
BB9BE139-689,ACC39958838,C246316,8865.53,CHF,2026-08-25T00:55:50,card,KI,Dr. Ashley James MD,Yeah far within probably ever.,
FE055AB1-B50,ACC53536830,C934816,4539.3,USD,2026-08-25T00:58:24,card,LB,Karen Phillips,Citizen in kind herself.,
12954070-74B,ACC90267122,C141797,27203.85,USD,2026-08-25T01:22:33,card,PG,Jim Patel,Identify education student production.,
F5829B1A-908,ACC64247457,C639593,12789.74,CHF,2026-08-25T02:06:56,crypto,CG,Tyrone Higgins,Television change enter town thousand real.,
FD1CAD41-688,ACC72732043,C233827,227.17,USD,2026-08-25T02:30:48,card,GD,Tamara Murphy MD,Coach company will approach note back.,
272CDB58-7B2,ACC73123515,C120324,19497.44,EUR,2026-08-25T02:57:49,wire,SO,Donna Wilson,Word policy join follow.,domestic
5DAE461F-8A2,ACC87049595,C398151,30244.94,GBP,2026-08-25T03:12:50,wire,SK,Bethany Hernandez,Democrat perhaps court game eat.,cross_border
F269D6E0-815,ACC75181648,C604740,15699.08,EUR,2026-08-25T03:36:25,sepa,SV,Brooke Patrick,Two stuff threat join chance good.,
5EEFFDA3-4B4,ACC61410126,C827659,48087.54,CHF,2026-08-25T04:05:05,card,AU,Danielle Cooper,Training husband tough role benefit.,
7E15D320-C75,ACC72409658,C563246,28487.69,CHF,2026-08-25T04:32:12,card,MU,James Vasquez,Those she go hour the enough.,
2BA0CD9C-EC0,ACC84903294,C901577,8960.17,GBP,2026-08-25T04:51:20,card,TR,Amy Mccall,Federal collection big everybody.,
14BD36C6-325,ACC25312516,C962050,45152.09,EUR,2026-08-25T05:06:03,sepa,MY,Jennifer Evans,Usually room could them water end finish.,
9428388D-A41,ACC71115319,C437408,5995.45,CHF,2026-08-25T05:21:46,wire,LY,David Hill,Rich build true help option very face.,domestic
43666F1A-368,ACC76500726,C402218,13011.17,EUR,2026-08-25T05:39:20,wire,SC,Daniel Lutz,Notice mission behind.,cross_border
66BC6A2E-D7B,ACC68802946,C832168,13952.03,GBP,2026-08-25T05:48:01,wire,AO,Wendy Gallegos,Pressure hand partner space.,cross_border
DD811AFB-F71,ACC41068214,C402099,14190.03,GBP,2026-08-25T05:50:09,swift,SM,Caitlin Martin,Large art us program our write.,cross_border
79203857-524,ACC11698142,C990844,11317.15,CHF,2026-08-25T07:21:38,card,RO,Jocelyn Jones,Share very move moment item information scene.,
EC51DE2C-BD9,ACC22517517,C890170,42927.12,GBP,2026-08-25T07:24:15,crypto,BB,William Young,Population spring talk off body at.,
E6324762-6B6,ACC48349783,C345884,48472.65,GBP,2026-08-25T07:26:40,sepa,BN,Sandra Smith,Nor stand like design leave.,
01FA2B71-77A,ACC69476001,C947272,34169.23,USD,2026-08-25T07:33:08,crypto,SC,Michael Olsen,Statement statement agent war heart argue.,
1E1FF5E2-89F,ACC25228493,C583863,33042.94,EUR,2026-08-25T07:35:55,swift,CD,Chelsea Young,Weight training every that glass.,cross_border
B9856368-7A2,ACC36757737,C979995,24177.92,USD,2026-08-25T07:46:58,card,KM,George Hernandez,Paper apply school always message your score.,
11F21DDA-5B6,ACC67062156,C329471,25409.18,USD,2026-08-25T07:48:35,crypto,NR,Danielle Mcbride,Either area become recent.,
67BEE7E7-55D,ACC36726767,C254511,9992.0,CHF,2026-08-25T08:04:07,card,PG,Tonya Cox,Rate wrong stage chance government staff such.,
D104557F-C91,ACC11698142,C990844,23440.95,CHF,2026-08-25T08:09:58,wire,CV,Ryan Bailey,Bed soon compare home.,cross_border
17D1B660-BF5,ACC82160068,C323508,2553.78,CHF,2026-08-25T08:53:48,wire,BG,Zachary Harris,Land stock performance treatment anyone become everybody voice.,domestic
20F8B5B0-C58,ACC53536830,C934816,19140.3,GBP,2026-08-25T08:55:46,sepa,AZ,William Mcguire,Keep thing professional apply.,
D0B948F6-499,ACC73900135,C777278,1777.93,CHF,2026-08-25T08:59:00,card,KR,Kimberly Vega,Pay blue paper think letter easy.,
A64DCC11-107,ACC25312516,C962050,8377.28,USD,2026-08-25T09:02:40,swift,CU,Jason Wong,Particularly item process hope picture until hit.,cross_border
763612CC-E6D,ACC50071487,C978157,17543.98,CHF,2026-08-25T09:02:59,swift,MT,Sierra Anderson,If century better perform physical beautiful.,cross_border
28BDFB68-9C9,ACC24549543,C725550,24906.37,EUR,2026-08-25T09:05:59,card,SL,Mark Perez,Word several fact give contain line.,
A07B59E1-D02,ACC95320121,C974628,12721.92,EUR,2026-08-25T09:21:28,card,GN,Andrea Ho,Term majority foot leader east if.,
DFE387EF-C43,ACC44392446,C904150,9816.85,USD,2026-08-25T09:25:16,wire,CV,Mary Stanton,Health after base cup career wait section.,cross_border
1D3C0EC4-D4D,ACC30514014,C757924,28393.79,GBP,2026-08-25T09:44:48,card,GN,David Robinson,Thousand number very hear nearly care.,
2700212B-BA0,ACC82498004,C184491,26260.93,EUR,2026-08-25T09:48:16,card,AT,Brooke Hernandez,Course property that across worker often sense.,
5B1DCAE0-251,ACC36726767,C254511,35182.58,EUR,2026-08-25T09:56:18,card,NI,Abigail Olson,Record cover red apply officer music.,
FCFA25C8-ACD,ACC99889098,C850981,47658.67,CHF,2026-08-25T09:58:01,crypto,SY,Daniel Gordon,Top medical day like prepare grow mention.,
9136DE72-DBA,ACC99889098,C850981,19081.27,CHF,2026-08-25T10:09:08,cash_deposit,UY,David Dixon,Develop by design.,
C0F4652D-722,ACC22517517,C890170,6146.18,CHF,2026-08-25T10:10:48,wire,SR,Todd Adams,Major popular say think.,cross_border
D4E7CE61-3DC,ACC61410126,C827659,13811.15,EUR,2026-08-25T10:12:57,wire,NI,Frank Cunningham,Against start itself performance eight natural two.,cross_border
9765ED78-E60,ACC82287061,C607868,17466.54,EUR,2026-08-25T10:46:59,cash_deposit,SG,Karen Barnes,Smile truth story open.,
905A69B5-466,ACC97260863,C171951,9980.64,EUR,2026-08-25T11:06:37,wire,CM,Leonard Phillips,Carry fine write attorney.,domestic
6E24632E-AFB,ACC71115319,C437408,1964.57,USD,2026-08-25T11:25:13,card,RW,Christopher Foster,Style minute over federal expert.,
0B4D29A4-F73,ACC22489409,C408528,22003.64,GBP,2026-08-25T11:49:11,card,FI,Michael Hall,Amount serve strong trouble book rest charge wish.,
96C63294-8B4,ACC21267237,C773971,19254.25,USD,2026-08-25T11:49:20,swift,GQ,Thomas Harrison,Begin through a important others.,cross_border
452567BD-2CE,ACC58436637,C288158,11908.75,CHF,2026-08-25T11:49:38,card,NA,Hannah Cannon,Produce model alone let need quality.,
C0E641C3-5BF,ACC46361787,C421517,14975.48,USD,2026-08-25T11:51:56,card,MM,Amanda Higgins,Baby range after eye southern event.,
7078D764-323,ACC45351479,C624902,29175.74,CHF,2026-08-25T11:53:10,swift,VE,Rhonda Mullins,Land role its chance.,domestic
AC908DD9-608,ACC84411983,C233470,38243.96,CHF,2026-08-25T12:07:53,sepa,CU,James Vega,Go hospital some daughter.,
DB2A4A9C-58D,ACC92874006,C171744,38895.63,GBP,2026-08-25T13:08:14,swift,ES,Jessica York,Cost field song stuff subject.,domestic
0E8B472C-451,ACC94120751,C350867,48431.77,CHF,2026-08-25T13:13:29,wire,HN,Jason Jones,Marriage many large miss practice top you throw.,domestic
AC26A445-243,ACC65692629,C456385,41627.93,USD,2026-08-25T13:25:02,card,TM,Bonnie Andersen,Anything your firm go.,
B4E56BB7-05C,ACC47333543,C290305,6063.16,GBP,2026-08-25T13:40:11,sepa,VE,Jane Heath,From simply game price talk through.,
3C9D9FF1-71A,ACC99889098,C850981,27820.55,CHF,2026-08-25T13:47:41,wire,LI,Shane Walters,Important enter wish white also.,cross_border
CD1E3A16-5EC,ACC50785405,C400850,46272.77,CHF,2026-08-25T13:48:14,card,IR,Kurt Salazar,Benefit business surface dinner stand thought size.,
A64401FE-F07,ACC69476001,C947272,15051.6,EUR,2026-08-25T14:09:01,wire,PG,Sandra Ross,Board center leg so project color cost.,domestic
C21C1A2C-B87,ACC19736572,C109767,2845.09,EUR,2026-08-25T14:18:27,crypto,CH,Ellen Bruce,Dog next instead make important.,
B4B41B84-2BB,ACC40547349,C333752,34111.78,CHF,2026-08-25T14:41:13,wire,BB,Stephanie Sullivan,Development life contain seat serve know.,domestic
62C55BAD-07D,ACC22660194,C201639,43087.08,CHF,2026-08-25T14:42:21,wire,IR,Katherine Clarke,Garden again medical hold kind day certain.,cross_border
632D3E42-332,ACC17275149,C296694,20735.0,CHF,2026-08-25T14:49:30,sepa,GR,Andrew Watson,Present west society trial act modern charge.,
8376BDFB-0C4,ACC76500726,C402218,13061.92,GBP,2026-08-25T14:57:36,card,DZ,Nicole Gonzalez,Event half allow choose.,
9E80494E-E95,ACC42194159,C282256,10815.85,USD,2026-08-25T15:04:45,crypto,PY,Matthew Henderson,Build development design late enough yard season.,
764AF0A2-005,ACC94120751,C350867,28187.46,EUR,2026-08-25T15:23:34,cash_deposit,MR,Anthony Montgomery,Court economic present these.,
C5689ED5-EBA,ACC81691040,C864544,6827.71,EUR,2026-08-25T15:56:52,crypto,FJ,Emily Hudson,Truth view response trip wrong.,
38D9FA0A-A87,ACC68812137,C974244,48645.63,GBP,2026-08-25T16:34:46,wire,MX,Antonio Jones,Official while to address.,cross_border
EC07EDE9-8DE,ACC65259205,C941204,34976.87,CHF,2026-08-25T16:44:40,sepa,BN,Tyler Butler,Those catch option those.,
150A9E88-437,ACC85146293,C526117,6814.9,GBP,2026-08-25T17:11:32,wire,BJ,Marc Lee,Laugh long carry long difficult family.,domestic
CF1A101D-DA1,ACC94120751,C350867,11199.48,EUR,2026-08-25T17:18:26,wire,VN,Randy Martin,Congress enough worry nice thus option three.,domestic
63C0FBDF-7B5,ACC64830300,C572387,25251.45,USD,2026-08-25T17:28:31,card,DO,Lisa Perez,Tough ability leave pick.,
05B5340D-621,ACC19528530,C842225,19559.24,CHF,2026-08-25T17:47:32,card,AR,Michael Nelson,Shoulder political offer song character first early.,
95A3A8EF-902,ACC21490777,C353080,20099.28,EUR,2026-08-25T18:09:50,swift,BI,Gregory Mcdaniel,Character debate development under clearly decision management analysis.,domestic
EDF768B6-7E1,ACC32775593,C790855,23795.05,USD,2026-08-25T18:25:12,cash_deposit,DJ,Mariah Nolan,Way probably I cultural again outside through travel.,
844565CA-2D2,ACC95320121,C974628,1801.24,GBP,2026-08-25T18:30:02,card,CO,Lauren Sutton,Television finally relate model career.,
6ADF40C4-B9C,ACC99038359,C989208,30487.53,EUR,2026-08-25T18:49:35,swift,ZA,Tyler Hall,Thing personal major yard wind represent.,cross_border
D07FDB3C-40A,ACC58181396,C988662,48138.97,EUR,2026-08-25T18:57:24,sepa,AR,Edgar Miller,Final however major produce.,
7F595D2D-21E,ACC45551614,C246413,963.73,USD,2026-08-25T19:33:08,swift,VU,Paul Estrada,Community choose man soldier.,cross_border
4D7A1E32-3BC,ACC87282128,C810250,32522.67,USD,2026-08-25T19:40:19,card,PW,Elizabeth Wilson,Seat head manager part outside left.,
48C30F70-D8E,ACC57683626,C319684,9984.16,USD,2026-08-25T19:50:14,card,CL,Yvonne Gutierrez,Glass south defense political real effort.,
60F723CB-AA9,ACC33357554,C745414,38408.24,EUR,2026-08-25T20:18:52,wire,IR,Angela Lee,Good which among the teacher space among.,cross_border
C064669C-A72,ACC19736572,C109767,14130.6,GBP,2026-08-25T20:40:56,card,DZ,Andrew Proctor,South field not year.,
B7F6D2C6-ED1,ACC68186525,C479781,44158.77,EUR,2026-08-25T21:17:41,cash_deposit,RU,Mark Matthews,Even one protect arm.,
C2EC4AFF-4CC,ACC31682744,C665579,10095.91,EUR,2026-08-25T21:19:56,wire,ML,John Johnson,Main personal decision information.,cross_border
FB8EFB8A-E66,ACC95132217,C544151,35934.84,GBP,2026-08-25T22:16:32,card,CH,Breanna Gallegos,Next two product politics you dinner.,
4FB90EED-1CD,ACC68461818,C965845,7930.98,USD,2026-08-25T22:33:47,crypto,LC,Sarah Solomon,Leave wind wide.,
6459860A-CCF,ACC43273328,C335612,49765.87,CHF,2026-08-25T22:45:29,card,SZ,Jeremy Ross,Side opportunity by wide medical.,
7E28B64A-DC6,ACC72363359,C800005,3114.87,USD,2026-08-25T23:03:51,card,LU,Allison Dougherty,Guess culture part.,
3EFC045B-1D2,ACC96098221,C634150,9983.44,EUR,2026-08-25T23:12:57,card,SY,Kathleen Welch,Minute long finally best Democrat.,
BCEC7C9C-22A,ACC16927215,C313446,19149.25,CHF,2026-08-25T23:24:34,swift,VE,Sheila Cox,Fly five east five.,domestic
094390B5-C4D,ACC81621574,C498468,12603.45,CHF,2026-08-25T23:48:55,swift,TM,Melissa Mccall,Dark about fall today enjoy.,cross_border
34525740-1AD,ACC83793389,C273148,6125.17,CHF,2026-08-26T00:14:56,cash_deposit,IQ,Rebecca Gardner,Where dog leave lot never science.,
577D000C-99C,ACC95132217,C544151,23122.2,CHF,2026-08-26T00:16:40,card,SO,Billy Brown,Week prepare reduce sell view within soldier.,
BD7FB0F4-095,ACC61642594,C500156,38470.26,USD,2026-08-26T00:57:04,card,IQ,Jennifer Parker,Staff ability attorney recent.,
D46D14A0-712,ACC94525678,C703634,3036.9,USD,2026-08-26T01:10:54,cash_deposit,AG,Tonya Ramirez,Professor eight right fill can.,
A43C23D9-C7B,ACC44188276,C146542,4813.74,EUR,2026-08-26T01:13:43,swift,TL,Matthew Cummings,Practice really surface across service.,cross_border
7B5E6E14-D2E,ACC90585882,C944657,48492.8,EUR,2026-08-26T01:27:06,card,MU,Hannah Boyer,Kind available race board skin.,
E550B36E-F76,ACC61642594,C500156,21938.67,CHF,2026-08-26T01:30:44,wire,CY,Paul Moss,Gun task big.,domestic
24CE0E2B-A27,ACC65177213,C589710,33460.84,USD,2026-08-26T01:31:31,crypto,KN,Mary Diaz,Course at all table edge cost.,
863CCA00-D3D,ACC99889098,C850981,35657.65,GBP,2026-08-26T01:49:27,swift,GR,Breanna Jacobs,Thousand pick involve will game.,domestic
DE2A3F01-46B,ACC84411983,C233470,41133.52,EUR,2026-08-26T01:55:13,card,MK,Thomas Russell,Create manage discover year can.,
2FF5DE52-E36,ACC35848226,C430876,47115.63,EUR,2026-08-26T01:58:50,cash_deposit,SC,David Todd,Develop size threat relationship culture forward.,
E686C9DE-21D,ACC22517517,C890170,8135.82,USD,2026-08-26T02:10:35,sepa,DK,Laura Mcfarland,Age chance officer single.,
29BA808E-329,ACC40547349,C333752,39847.83,GBP,2026-08-26T02:15:45,wire,TR,George Harding,Serve oil participant.,cross_border
BAE686C7-344,ACC95822412,C216739,4515.77,GBP,2026-08-26T02:28:57,wire,JO,Kevin Pena,Kid put memory soldier where save probably.,cross_border
EC008D6E-DEC,ACC46540265,C624783,21292.99,GBP,2026-08-26T02:29:37,card,UY,Ian Zimmerman,Fine evidence teach several community interesting.,
1EF26273-02C,ACC63640499,C355836,26668.85,GBP,2026-08-26T02:30:46,sepa,GA,Derek Lozano,Star yes lead rule card.,
0F373BFE-A7D,ACC22517517,C890170,39132.81,GBP,2026-08-26T03:25:18,card,LA,Miranda Johns,Group door movement under sometimes two so.,
0163CD40-A3E,ACC50071487,C978157,49030.67,USD,2026-08-26T03:34:59,cash_deposit,PA,Troy Thomas,Crime quickly past speech happy listen lead.,
6684490F-442,ACC19289546,C897549,47187.58,USD,2026-08-26T03:38:34,card,LK,Donald Hobbs,Between expect budget event keep those.,
9C2ED5CE-9B0,ACC87342561,C142185,35892.98,CHF,2026-08-26T03:39:14,crypto,QA,Stacy Poole,Myself kid up hit claim the mission.,
B8B53C02-D2E,ACC81503856,C549186,33232.48,EUR,2026-08-26T03:41:53,cash_deposit,ES,Henry Buckley,Nice drug they garden country agree also.,
B2DE9532-092,ACC82383095,C891952,38125.64,CHF,2026-08-26T03:44:21,card,KP,John Johnson,Military piece little level.,
07FC80D8-D31,ACC46540265,C624783,32484.8,GBP,2026-08-26T04:10:37,swift,SM,Steven Frazier,Time discussion able employee.,domestic
5F330B41-65B,ACC68812137,C974244,44927.1,EUR,2026-08-26T04:21:52,sepa,OM,Jared Haynes,Nature career same inside.,
8004A7E3-830,ACC39042654,C874483,37914.84,CHF,2026-08-26T04:46:18,wire,BF,Adam Sanders,Top reduce benefit watch usually.,domestic
8784BE4E-DA0,ACC86483924,C739979,5170.98,CHF,2026-08-26T04:48:44,card,IL,James Watson,Other seem once why.,
05974D0E-112,ACC31682744,C665579,33007.33,USD,2026-08-26T06:25:00,cash_deposit,NL,Jesse James,Task wear go soldier less.,
264340BD-CB9,ACC84411983,C233470,2305.75,GBP,2026-08-26T06:34:18,card,BH,David Hill,Same old price thing international control.,
EB2E0250-7BD,ACC33640702,C869440,234.41,GBP,2026-08-26T07:15:49,wire,TV,Jennifer Myers,Red money lose least.,domestic
6CC39FB9-BC5,ACC85146293,C526117,22150.49,EUR,2026-08-26T07:20:17,crypto,PH,Victoria Stevenson,Population project might its last much often lead.,
F8CEF4D3-F5F,ACC31980274,C426147,17104.4,CHF,2026-08-26T07:40:53,card,NI,Rachael Walker,Resource away two area.,
FE8CAB60-C2C,ACC82287061,C607868,47172.66,EUR,2026-08-26T07:57:58,cash_deposit,LV,Samantha Chambers,World you customer thought.,
273E61AA-7A5,ACC34391257,C152727,5476.93,USD,2026-08-26T08:00:55,cash_deposit,NZ,Morgan Pearson,Machine product talk size local loss.,
CD908687-097,ACC69096899,C204555,8883.31,USD,2026-08-26T08:16:15,card,VE,Kendra Keller,Beyond claim region find these.,
9CDFF69C-025,ACC99889098,C850981,31906.61,GBP,2026-08-26T08:21:51,card,HR,Monica Webb,Anyone mention tell green rate could evidence.,
5AD66E1F-197,ACC98231132,C712024,27527.73,USD,2026-08-26T08:42:26,swift,AD,Gregory Myers,Big thousand sing green data treat.,domestic
A260F39E-4BB,ACC99508850,C528231,37874.97,EUR,2026-08-26T08:43:04,cash_deposit,NE,Samantha Henderson,Paper responsibility rather raise animal bed actually.,
2F6D7CB5-F4E,ACC46361787,C421517,1280.65,EUR,2026-08-26T09:02:18,swift,KI,Christopher Woods,Middle one manager public foreign southern.,domestic
D702AF50-8C6,ACC82287061,C607868,29463.83,GBP,2026-08-26T09:10:08,wire,DK,Colton Perez,Market interview executive director world my.,cross_border
AFC2D315-E9B,ACC46540265,C624783,26649.59,CHF,2026-08-26T09:22:55,sepa,LC,Paul Vang,Full goal design level place tree work.,
BD75BFDC-FDD,ACC33357554,C745414,9986.97,GBP,2026-08-26T09:30:26,cash_deposit,BF,Michael Walls,Many mission give choice large must home.,
2D162740-E7F,ACC71115319,C437408,9995.59,EUR,2026-08-26T09:52:06,cash_deposit,GM,Rachel Hernandez,Network citizen several peace.,
B9D4F3C3-328,ACC52091325,C159942,37571.91,EUR,2026-08-26T10:11:29,sepa,KR,Amy Knight,Price leader bit traditional tough.,
F3008293-2DA,ACC42194159,C282256,31359.41,CHF,2026-08-26T10:15:00,crypto,RU,Lance Scott,Daughter window exist evening modern part attorney what.,
361E49B5-E3D,ACC34627347,C392075,24763.63,GBP,2026-08-26T10:40:57,card,KZ,Leonard Reed,Baby page speak that.,
50546D6E-2D1,ACC11698142,C990844,9924.33,CHF,2026-08-26T11:23:37,card,KW,Shawn Johnson,Stand company skin support able child well light.,
23170513-D2A,ACC19584466,C162535,25563.69,EUR,2026-08-26T11:37:23,card,TT,Amy Koch,Structure hair company.,
5766C3A4-38A,ACC71662963,C662275,32082.39,EUR,2026-08-26T12:07:11,crypto,TO,Maria Byrd,Prepare message ten whose radio.,
D5D8791D-815,ACC84411983,C233470,13535.27,EUR,2026-08-26T12:07:38,wire,VN,Jennifer Burgess,Change and team population.,domestic
6626F577-432,ACC32097220,C497382,17062.45,CHF,2026-08-26T12:10:30,crypto,AR,Jose Weiss,Such black improve subject produce process piece.,
57B66DD6-631,ACC87049595,C398151,15816.64,CHF,2026-08-26T12:30:02,crypto,SE,Gabriella Lowe,Senior law nor money pick peace.,
8B311182-AFE,ACC35487660,C411120,27343.44,CHF,2026-08-26T12:34:22,card,AU,Jonathan Hale,Ask myself phone travel western.,
EEFC8A41-56A,ACC85146293,C526117,44079.12,USD,2026-08-26T13:27:28,card,PS,Debbie Bean,Bill hot stop industry road a full.,
37B477D5-59C,ACC13471527,C195763,25779.41,CHF,2026-08-26T13:29:47,card,VC,Mr. Peter Thompson II,Street notice use design management likely say.,
DF87EF5F-5E3,ACC35848226,C430876,9986.83,GBP,2026-08-26T13:39:34,crypto,PL,Richard Thompson,Should international fly series move face matter.,
530C0CD7-57B,ACC99508850,C528231,36213.78,CHF,2026-08-26T13:43:32,wire,SY,Maria Ward,Important I stay morning.,domestic
123895A1-FA2,ACC35583290,C728492,41900.58,CHF,2026-08-26T13:47:25,card,ID,Timothy Knight,Approach full smile book window start deal.,
B9B5E42C-D65,ACC22517517,C890170,44883.03,GBP,2026-08-26T13:52:02,swift,PK,Richard Chandler,Pretty whom what unit for common office.,domestic
F7F32D59-FE1,ACC65259205,C941204,21128.76,USD,2026-08-26T14:00:56,swift,EE,Terri Davis,Find several occur natural respond.,domestic
4F8E9A4B-CF7,ACC22130508,C555052,17161.93,CHF,2026-08-26T14:11:19,cash_deposit,CU,Wanda Bartlett,Later property two be.,
A052F511-E0C,ACC50785405,C400850,6101.81,EUR,2026-08-26T14:51:29,wire,KN,Christina Smith,Return growth only stuff now.,cross_border
6624FCFE-00B,ACC22534217,C958179,28227.4,USD,2026-08-26T15:01:59,cash_deposit,JP,William Underwood,Fine test physical.,
192A2158-FB8,ACC45935572,C169403,23572.55,GBP,2026-08-26T15:19:39,cash_deposit,BT,Jill Riddle,Eye south wife interest to cause.,
F7ABCA63-4AF,ACC67110154,C882169,33295.25,GBP,2026-08-26T15:21:45,card,TM,Charles Rowe,Wife student allow agency population quite whole least.,
0D0E6A8B-C70,ACC96098221,C634150,45977.92,USD,2026-08-26T15:30:22,card,ET,Jenny Durham,Among she also analysis trouble she individual.,
2838CD72-264,ACC14265799,C131244,15486.0,USD,2026-08-26T15:55:28,card,TZ,Crystal Schroeder,Able teach certain candidate economy company produce ago.,
F8203399-1A2,ACC45935572,C169403,22335.28,GBP,2026-08-26T16:25:21,swift,CY,Jordan Hughes,Leader create grow especially.,domestic
50AFDBB9-E76,ACC90267122,C141797,29668.3,GBP,2026-08-26T16:25:29,cash_deposit,TM,Melvin Nguyen,Board realize child relate those suffer.,
54E3DAD8-E66,ACC31682744,C665579,10494.86,CHF,2026-08-26T16:45:07,swift,DE,Ashley Robinson,Catch base reality call event current.,cross_border
66406B49-912,ACC21267237,C773971,34636.74,EUR,2026-08-26T16:53:16,cash_deposit,GW,Jill Smith,Indicate through article three recently defense.,
A8A2885A-E59,ACC36786211,C956253,12327.36,CHF,2026-08-26T16:56:29,wire,UA,Trevor Patterson,Sister Mr today technology voice.,domestic
192C7ABF-A61,ACC83793389,C273148,39339.98,GBP,2026-08-26T17:03:59,card,CA,Dennis Garcia,Onto she form sign option everyone southern.,
8D2F2809-1BB,ACC97260863,C171951,33364.17,EUR,2026-08-26T17:19:21,card,BZ,Zachary Watts,Reflect security increase argue two paper.,
F683813C-639,ACC84093639,C407419,7687.96,CHF,2026-08-26T17:25:14,swift,BS,Willie Dillon,Detail improve central old.,domestic
0DCBF464-572,ACC70467027,C564226,15054.81,USD,2026-08-26T17:25:36,wire,LA,Christopher Stephenson,Could yes relationship at.,cross_border
0F1B8EDF-660,ACC69476001,C947272,7140.79,USD,2026-08-26T17:30:38,sepa,BN,John Simmons,Short southern finish front.,
8562EE98-0FB,ACC17275149,C296694,10169.94,CHF,2026-08-26T17:50:14,card,LV,Colin Perkins,Than we air.,
B68DC2D7-D68,ACC76481885,C138817,15862.01,EUR,2026-08-26T18:00:41,cash_deposit,LA,Chris Griffin,Beyond practice under usually month figure.,
A385A3B4-B01,ACC16927215,C313446,34324.17,GBP,2026-08-26T18:07:52,swift,BB,Kaitlin Mcfarland,Ago almost land material whatever over start.,cross_border
3FBD9105-79E,ACC41329612,C377405,40241.43,USD,2026-08-26T18:29:42,wire,SO,Susan Love,Direction manager different else.,domestic
9FA6B105-CE0,ACC88183110,C679364,20378.79,USD,2026-08-26T18:31:55,card,NL,Micheal Wall,Speech become around reveal operation.,
E6EF6E3B-731,ACC33357554,C745414,27711.65,GBP,2026-08-26T18:43:22,swift,BE,Abigail Martinez,Simply walk three shoulder education.,domestic
04A2ACFA-8C3,ACC58436637,C288158,26124.51,EUR,2026-08-26T18:51:10,card,GT,Daniel Tucker,Protect citizen eight.,
2EFF2282-079,ACC30514014,C757924,27260.49,GBP,2026-08-26T18:57:42,wire,MC,Jennifer Gill,Yet baby black short.,cross_border
02A161BD-ADB,ACC65692629,C456385,43233.61,CHF,2026-08-26T19:02:03,swift,CL,Marcia Taylor,Fire thought medical build wonder manager first.,cross_border
AC780787-0E7,ACC94525678,C703634,30341.3,EUR,2026-08-26T19:26:02,wire,SB,Eric Skinner,Draw write today you mean.,cross_border
DD279480-EB8,ACC68461818,C965845,40058.36,GBP,2026-08-26T19:27:52,card,DK,Zachary Cruz,Race sign technology fact would surface there.,
5A78F157-3AB,ACC24508349,C501124,33332.54,GBP,2026-08-26T19:33:06,wire,CF,Shannon Nunez,Future floor catch trial hit indicate design.,cross_border
6C85A3FD-E7F,ACC32775593,C790855,5556.86,USD,2026-08-26T19:34:01,sepa,PE,Heather Avila,Outside those only moment security even respond.,
210AC83C-713,ACC86460539,C358175,8152.52,GBP,2026-08-26T20:01:33,card,CO,Christopher Bishop,Speak condition cover admit real animal.,
2685548E-815,ACC73900135,C777278,24413.05,CHF,2026-08-26T20:51:25,card,RU,Maria Martin,Control break decision pay yard main democratic.,
0B087280-9B5,ACC35848226,C430876,17266.91,GBP,2026-08-26T21:09:18,cash_deposit,RU,Robert Moore,Most style southern but yourself scene.,
74B4951A-969,ACC41329612,C377405,45892.06,EUR,2026-08-26T21:34:46,cash_deposit,AU,Jose Shaffer DDS,Deep within style suggest certain anyone toward.,
04188D27-2F2,ACC53536830,C934816,27088.96,USD,2026-08-26T21:50:12,wire,HU,Mrs. Erika Roman,Believe yeah total exist table themselves national.,domestic
3414E9F8-FFF,ACC94120751,C350867,15972.7,CHF,2026-08-26T21:53:28,card,ET,Amanda Garcia,At be this his yeah dark stock sound.,
2432AFB0-8DF,ACC31980274,C426147,39379.9,CHF,2026-08-26T22:12:05,swift,NI,Dennis James,Tend cold how network.,cross_border
E01DBAB7-6E0,ACC35714784,C299448,3688.06,GBP,2026-08-26T22:43:55,card,MV,Ms. Maria Thomas,Return miss ready even probably.,
01EB5748-4A8,ACC72363359,C800005,41147.67,CHF,2026-08-26T22:51:37,card,GT,Ernest White,Say middle PM because nor contain.,
04FAAD65-1A0,ACC42614537,C922733,14510.34,CHF,2026-08-26T23:01:49,wire,BB,Tiffany Best,May follow series prove.,domestic
31AEB99A-E56,ACC73481797,C839485,38029.04,GBP,2026-08-26T23:15:14,swift,GD,Joseph Wells,Analysis develop against person two capital.,domestic
4AD9CFDC-083,ACC39042654,C874483,32925.16,CHF,2026-08-26T23:21:39,card,IR,Rachel Carter,Back film close season political million receive.,
EADB3E46-8A3,ACC13895645,C507746,46000.64,CHF,2026-08-26T23:28:56,cash_deposit,CI,Sabrina Grant,Organization magazine investment again country.,
E880A24D-DF3,ACC70467027,C564226,14412.46,CHF,2026-08-26T23:34:56,sepa,BY,Antonio Trujillo,Cell worker name professional government.,
77560EA3-F56,ACC95758349,C632323,43917.08,GBP,2026-08-26T23:48:23,swift,AE,Cynthia Smith,Gun listen card.,domestic
519E2CED-641,ACC60929647,C383060,19410.77,USD,2026-08-26T23:59:54,wire,MG,Darlene Johnson,Begin voice prevent structure wear point remain build.,cross_border
79474C03-940,ACC45570755,C455007,38700.11,EUR,2026-08-27T00:21:19,card,KP,Patrick Hughes,Environment hear member if one.,
8F0C5A4F-B29,ACC90267122,C141797,6142.42,EUR,2026-08-27T00:43:14,cash_deposit,CG,Stacie Morgan,They Republican rock cell consumer bar radio.,
9BBC1D3B-31B,ACC26941092,C596564,12461.98,GBP,2026-08-27T00:43:28,card,PL,Rachel Morris,Close others week remember audience.,
94FC597E-881,ACC47333543,C290305,27580.93,USD,2026-08-27T00:58:34,card,IT,Elizabeth Kent,Occur subject station professor laugh expert inside.,
2E9696C4-EAE,ACC35487660,C411120,27495.96,CHF,2026-08-27T01:13:41,cash_deposit,PA,Lisa Smith,Whatever type lead senior you news.,
780E2416-CF1,ACC20099059,C824586,41682.65,CHF,2026-08-27T01:14:48,wire,IR,Kayla Lee,Pattern claim party huge especially least.,domestic
6E34EDBC-599,ACC72409658,C563246,43040.1,GBP,2026-08-27T01:29:44,cash_deposit,LY,Whitney Johnson,Present son condition skill talk court part.,
DA05EA37-B6F,ACC64830300,C572387,19787.12,EUR,2026-08-27T01:32:47,card,MR,Philip Peterson,Recent detail sure concern subject.,
4202F797-F1B,ACC68571795,C735656,24973.98,GBP,2026-08-27T02:07:11,card,BE,Michael Goodman,Quality think certainly half poor want team.,
69F29BA4-B99,ACC44392446,C904150,30058.1,GBP,2026-08-27T02:12:33,card,SY,David Hale,School notice something lot.,
DCDEF836-EBE,ACC13895645,C507746,37147.56,USD,2026-08-27T02:27:20,card,HT,George Crawford,Already everyone him want bar strong.,
160CAD0D-1B1,ACC58884978,C552248,9982.88,EUR,2026-08-27T02:49:05,card,PL,Maureen Martinez,General under large treatment fine clear effort.,
899860DB-CFB,ACC88183110,C679364,7708.05,EUR,2026-08-27T02:53:22,card,GA,Jordan Reeves,Man become cost exist idea now.,
3788CB2E-B74,ACC24549543,C725550,34516.47,USD,2026-08-27T03:11:27,wire,GN,David Jacobs,Agency no look subject fish girl push.,domestic
33DF8720-7AD,ACC58181396,C988662,27490.81,GBP,2026-08-27T03:26:40,card,VA,Ashley Crawford,Seat draw word collection those become.,
B7258AD3-683,ACC22660194,C201639,7519.5,USD,2026-08-27T03:37:36,card,NE,Leonard Mcclain,Evidence about provide itself team.,
AF0CD745-778,ACC90267122,C141797,6826.28,EUR,2026-08-27T04:02:01,crypto,LT,Clinton Mcpherson,Various end how often court military man.,
59064C46-559,ACC46817443,C147726,6547.09,USD,2026-08-27T04:05:01,swift,GQ,Amy Foster,Teacher item area world growth worker.,domestic
E52CE7BA-C4A,ACC55176955,C207175,4939.43,GBP,2026-08-27T06:01:17,card,IL,Kelly Carpenter,Determine hear leg quickly real character young.,
93EB57A1-0D6,ACC73481797,C839485,44342.94,EUR,2026-08-27T06:04:24,wire,SO,Kristen Haynes,Parent anything maybe feel bring seven.,cross_border
65CFD440-7ED,ACC69476001,C947272,22082.01,USD,2026-08-27T06:28:41,wire,MX,Cheyenne Horne,Various future clearly bag quite foreign mouth.,cross_border
7BE71CD1-096,ACC61642594,C500156,10550.73,USD,2026-08-27T07:03:12,card,WS,Jane Morris,Picture ask man west appear yeah.,
DC97515D-EC1,ACC16927215,C313446,29720.95,EUR,2026-08-27T07:07:18,crypto,KG,Cody Holmes,Father ten be out.,
3F8748D2-FE7,ACC63640499,C355836,35412.72,USD,2026-08-27T07:18:24,swift,VE,Mark King,Key century weight.,domestic
C876D49E-947,ACC44392446,C904150,32634.44,CHF,2026-08-27T07:44:26,cash_deposit,KP,Susan Simpson,Though yourself reflect with performance rate its.,
0457179D-0AC,ACC64830300,C572387,5046.27,GBP,2026-08-27T07:46:57,card,LA,Ronald Booth,Likely final sit behind under writer.,
831B4CF1-591,ACC16927215,C313446,31881.02,GBP,2026-08-27T08:30:18,cash_deposit,ER,Seth Luna,Marriage off card three.,
F083BDE6-52F,ACC73083727,C464863,19022.33,GBP,2026-08-27T08:57:19,card,MU,Edward Ferguson,Spring stage Democrat treatment research simply.,
F682A0F9-37B,ACC68571795,C735656,13190.85,GBP,2026-08-27T09:30:48,swift,SY,Eric Rivera,Will kind economic short raise because.,cross_border
55E5F1D4-95A,ACC69476001,C947272,11282.57,USD,2026-08-27T09:38:20,crypto,CA,Teresa Rodriguez,Hard agent position million what wear.,
52FD5506-5A0,ACC21267237,C773971,27982.31,CHF,2026-08-27T10:07:58,card,CA,Donna Coleman,Plan series activity many out.,
3F19DCB4-F0C,ACC19584466,C162535,32664.7,GBP,2026-08-27T10:29:41,wire,BY,Michelle Johnson,Care order wish total.,domestic
6FD3628E-054,ACC35583290,C728492,37560.28,EUR,2026-08-27T10:50:28,card,KP,William Kelly,After certainly thus step any.,
29A0D109-976,ACC65682626,C527398,34421.01,USD,2026-08-27T10:53:36,cash_deposit,HN,Ryan Mcgee,Individual rather many top build information.,
CD72EDA9-BD4,ACC86320155,C751194,3364.52,CHF,2026-08-27T11:12:51,card,SE,Joseph Anderson,Girl building like play single her.,
D3A7F048-C50,ACC83089925,C335729,6312.89,CHF,2026-08-27T11:16:07,sepa,SY,Christopher Dennis,Machine trade head boy.,
6D53712F-FED,ACC19736572,C109767,25284.67,USD,2026-08-27T11:35:02,swift,LR,Patricia Cross,Fine rise wife figure concern.,cross_border
63E3E628-5D6,ACC58181396,C988662,47149.32,CHF,2026-08-27T11:52:47,card,BY,Jason Cortez,Step number budget pull apply.,
9A9A435A-2D7,ACC11698142,C990844,39806.27,USD,2026-08-27T11:58:09,card,AU,Valerie Curtis,Science air enter right think good position.,
3F5FFFA3-831,ACC76344695,C992288,15711.45,EUR,2026-08-27T12:03:45,wire,GR,Patricia Mckee,Side position per suffer mention just.,cross_border
FADA5244-DFF,ACC54769200,C908577,40580.74,GBP,2026-08-27T12:05:06,card,MH,Kathryn Garcia,Pretty reason because each market decade capital.,
8F172DEA-6C6,ACC11698142,C990844,22233.51,GBP,2026-08-27T12:49:12,swift,GR,Joel Chandler,Seek TV should use with street again on.,cross_border
3DA58ABE-B07,ACC76344695,C992288,39984.87,GBP,2026-08-27T13:18:34,cash_deposit,LS,Justin Mcclain,General very against admit.,
E534D5E1-209,ACC31980274,C426147,12673.99,GBP,2026-08-27T13:40:47,wire,MV,Kelly Cisneros,Everyone determine big floor mean reflect agree.,domestic
5F3C0734-B5E,ACC39587039,C571029,3657.92,EUR,2026-08-27T14:06:18,cash_deposit,LI,Todd Jacobson,Economy play nearly by.,
C59172ED-DB5,ACC50071487,C978157,35022.23,USD,2026-08-27T14:06:50,crypto,US,Tracy Campbell,Politics upon dinner exist institution true me firm.,
A9341D91-A92,ACC24366125,C878480,27987.73,USD,2026-08-27T14:09:26,wire,CN,Austin Schmitt,Reality like focus.,cross_border
D7231ED3-ACC,ACC71662963,C662275,45416.13,EUR,2026-08-27T14:17:14,wire,PA,Michele Holland,National owner simply who family concern radio cost.,cross_border
BEE8C45C-0F4,ACC39958838,C246316,15634.29,CHF,2026-08-27T14:36:37,sepa,UG,Jamie Kerr,Team wrong figure perform participant.,
8EAE4467-8BE,ACC36786211,C956253,39628.49,USD,2026-08-27T14:52:10,cash_deposit,GT,Kevin Fisher,Four sense matter woman yes future single.,
C36A25F3-C49,ACC82287061,C607868,16612.19,EUR,2026-08-27T15:03:10,crypto,TZ,Troy Randolph,Image pull vote guy.,
6621442D-7E3,ACC95758349,C632323,340.88,EUR,2026-08-27T15:04:12,wire,JO,Melinda Mcdaniel,Man yard different what.,domestic
FFAA7675-931,ACC87267850,C498858,39189.88,GBP,2026-08-27T15:17:07,card,UA,Beverly Baker,Those manage late consider lay gun.,
6722362B-A5D,ACC55176955,C207175,21598.08,EUR,2026-08-27T15:47:03,wire,UA,Jill Smith,Stage write institution car audience him.,domestic
43972292-EAC,ACC94120751,C350867,42107.26,CHF,2026-08-27T15:51:26,crypto,LY,April French,Cover including give like.,
96DF46CA-F8D,ACC58436637,C288158,48197.96,EUR,2026-08-27T16:47:14,card,KG,Michelle Kelly,Agree perform open.,
EBF26A7A-F35,ACC89864260,C171262,36155.77,EUR,2026-08-27T16:49:27,card,CO,Brandon Bell,Light before any.,
4BED415D-F3D,ACC68461818,C965845,49147.08,EUR,2026-08-27T16:57:27,card,MA,Melissa Bailey,Increase choose whole reality cultural.,
88A1A9CF-23F,ACC41329612,C377405,22808.87,EUR,2026-08-27T17:11:11,cash_deposit,VE,Jessica Gross,Suddenly another energy hard beyond girl our.,
29D24B96-068,ACC89864260,C171262,39496.09,CHF,2026-08-27T17:17:44,wire,PA,Cheryl Boyd,Company expert table reality stock site develop government.,cross_border
5C00C9EF-D7C,ACC73083727,C464863,32273.61,EUR,2026-08-27T17:28:51,sepa,ET,Michael Hall,Suggest cut sense discover born.,
9C538699-0B3,ACC72732043,C233827,15839.64,USD,2026-08-27T17:43:09,cash_deposit,BO,Wendy Mann,Executive decide body.,
E30DEFD1-DF4,ACC43273328,C335612,29997.36,EUR,2026-08-27T17:57:40,card,BY,Sandra Martinez,Call girl laugh network vote.,
8EA4EE98-B5E,ACC68461818,C965845,12650.59,CHF,2026-08-27T18:00:57,card,BW,Joseph Hayes,Body minute ready give try.,
ED57BA14-B92,ACC35583290,C728492,21107.22,EUR,2026-08-27T18:28:45,cash_deposit,JP,Vicki Harrison,Window main eye walk.,
581970B4-0EC,ACC42614537,C922733,8532.49,USD,2026-08-27T18:35:34,card,IL,Matthew Grant,Poor recently long.,
EA3DC12F-72B,ACC35714784,C299448,13386.85,GBP,2026-08-27T19:00:56,swift,SA,Justin Norris,North case improve analysis.,cross_border
55A30FC0-418,ACC86320155,C751194,35353.06,EUR,2026-08-27T19:12:39,cash_deposit,BW,Roy Mcdaniel,Return everybody natural adult.,
F8D28A22-1E6,ACC30514014,C757924,24380.46,GBP,2026-08-27T19:23:51,cash_deposit,IS,Benjamin Johnson,Free push economic seat shoulder.,
6ACE78ED-CC6,ACC88961459,C680828,29308.13,USD,2026-08-27T19:35:26,sepa,UY,Michelle Newman,Start difference especially student least just opportunity.,
BC0B09C6-8D0,ACC41348220,C997594,25609.42,CHF,2026-08-27T19:37:10,crypto,IR,Natasha Turner,Pass pay argue consumer director cover rule.,
36DDAA8F-723,ACC97225156,C491559,35627.22,CHF,2026-08-27T19:48:32,sepa,IE,Daniel Turner,Activity hair meet thank might local tonight win.,
C52A8429-620,ACC90267122,C141797,20030.18,GBP,2026-08-27T20:39:39,swift,LV,Kristi Ford,Go even officer.,domestic
74A40C53-B01,ACC48349783,C345884,6882.16,CHF,2026-08-27T21:14:49,crypto,MX,Nathan Jensen,Compare available east increase support ok evidence.,
5E658A31-73C,ACC45551614,C246413,3905.99,CHF,2026-08-27T21:38:52,wire,YE,Valerie Gonzalez,Anyone peace outside chance.,domestic
8A1191D6-2DD,ACC54769200,C908577,47679.74,EUR,2026-08-27T21:57:25,card,ID,Joseph Jackson,War address sometimes back.,
DC2C7437-818,ACC25228493,C583863,48913.94,CHF,2026-08-27T22:42:05,card,RS,Caleb Gordon,Age learn remember cover law but read.,
2A58FAC9-C8E,ACC46817443,C147726,20673.38,EUR,2026-08-27T22:48:01,card,US,Brianna Hill,Nation threat source on.,
FDFA8CC8-5AC,ACC48349783,C345884,44660.48,USD,2026-08-27T22:57:18,card,RS,Sara Miller,Method sell actually drug wish about successful.,
66E2B2AD-478,ACC71070189,C399105,46062.31,USD,2026-08-27T23:32:16,wire,VE,Alexandra Hodge,Method resource how listen.,domestic
BBD1FFE1-EAD,ACC44188276,C146542,9984.35,EUR,2026-08-27T23:49:46,card,YE,Lisa Johnson,Wrong common top.,
83ABD5D9-FC7,ACC68186525,C479781,36181.01,CHF,2026-08-27T23:57:48,card,AE,Heather Sweeney,Give suddenly chance middle determine hundred democratic.,
6467CC37-3C9,ACC63640499,C355836,337236.6,GBP,2026-08-28T00:38:11,card,UA,Kayla Steele,Four population meet air agreement south firm their.,
A39F5285-3E0,ACC45935572,C169403,28886.78,USD,2026-08-28T00:48:27,wire,LR,Erika Garcia,Thank heart determine likely machine three.,domestic
EAAD789E-785,ACC88183110,C679364,20148.72,CHF,2026-08-28T00:55:42,sepa,BE,Dennis Walker,Individual because show hour move poor.,
AA5AF9A2-E94,ACC20099059,C824586,26090.96,USD,2026-08-28T01:04:32,swift,GA,Kendra Davis,New subject want way similar cover population.,domestic
7DF668CC-675,ACC73083727,C464863,9983.99,USD,2026-08-28T02:13:18,card,NP,Janice Boyer,Little idea adult soon.,
315BE856-A4A,ACC86460539,C358175,3730.6,USD,2026-08-28T02:35:42,sepa,EC,Kristi Green,Color ahead establish truth society another music.,
F576C71B-99A,ACC99038359,C989208,33483.79,CHF,2026-08-28T02:43:48,cash_deposit,BY,Brandon Johnson II,Four three offer lose also employee message.,
C5F92395-288,ACC19289546,C897549,49683.2,EUR,2026-08-28T02:44:08,card,ML,Paul Wilson,Knowledge whatever improve bag night.,
4353EB01-5DD,ACC63640499,C355836,2046.44,USD,2026-08-28T02:49:42,card,AL,Gabriel Frank,Process difference senior less care.,
D0EB96BE-988,ACC52091325,C159942,40991.36,USD,2026-08-28T02:51:45,cash_deposit,CU,Cynthia Lambert,Something those center have.,
11378B71-BD5,ACC95132217,C544151,9979.26,GBP,2026-08-28T02:54:55,sepa,UZ,Taylor Dixon,Product parent law animal research analysis.,
54346181-432,ACC73771720,C740967,36334.19,EUR,2026-08-28T02:57:19,cash_deposit,PH,Lucas Richardson,Audience ball interview official cost.,
9F0888F5-0EF,ACC25480907,C373903,9996.51,GBP,2026-08-28T02:57:45,sepa,BT,Michael Hawkins,Pretty cover table program.,
EB94E725-733,ACC82287061,C607868,33091.37,USD,2026-08-28T03:42:27,cash_deposit,NG,Richard Mccoy,Many American sit since where present.,
64748804-5AC,ACC20200074,C720859,44321.58,GBP,2026-08-28T03:54:32,cash_deposit,NA,Nicholas Smith,Thousand environmental nature animal fear property listen.,
BBE15728-0BB,ACC97260863,C171951,42400.64,GBP,2026-08-28T04:53:17,crypto,RO,April Ross,Role chance into.,
7567B7F6-105,ACC94525678,C703634,41758.19,USD,2026-08-28T05:22:13,cash_deposit,CN,Heather Fischer,Candidate be help sit represent song outside.,
422CCD1A-7FB,ACC44188276,C146542,23406.85,GBP,2026-08-28T05:31:22,card,BY,Katherine Hodge,Office over enjoy statement along.,
B0773AB4-52A,ACC21267237,C773971,19226.35,CHF,2026-08-28T06:07:02,sepa,CH,Erica Shaffer,Role movement man option.,
5997CBE9-8A2,ACC61642594,C500156,13768.1,EUR,2026-08-28T06:18:43,card,SE,Michele Smith,Pattern to final.,
90A6E377-CEC,ACC81503856,C549186,14929.92,USD,2026-08-28T06:19:41,crypto,NA,Pamela Long,Budget action cup season improve field standard.,
FAFA159F-8EB,ACC15614174,C423232,5639.88,EUR,2026-08-28T06:34:46,crypto,GQ,Nicole Oliver,Could something right beyond central prevent.,
1EFF02AB-F78,ACC47333543,C290305,12074.05,GBP,2026-08-28T06:46:00,swift,KE,David Nelson,Describe they project.,cross_border
1F9A9BFA-7D3,ACC33763566,C532322,16872.29,GBP,2026-08-28T06:52:58,cash_deposit,ME,April White,Many traditional talk firm.,
738A2813-F9C,ACC72363359,C800005,29543.41,EUR,2026-08-28T06:54:59,cash_deposit,BH,Kathy Graham,Man safe next risk you practice hotel process.,
D30574E2-321,ACC31980274,C426147,49192.83,GBP,2026-08-28T07:29:57,card,KP,Elizabeth Allen,Work now major when heart respond end bring.,
A862FCCC-802,ACC69096899,C204555,49196.47,GBP,2026-08-28T07:41:01,swift,BO,Roberto Taylor,Car bar wall direction.,cross_border
DB5575AC-69E,ACC89864260,C171262,478779.3,EUR,2026-08-28T08:03:29,swift,EG,Angel Martinez,Goal age give space.,domestic
0BB72F49-0AF,ACC77834855,C612262,4668.55,EUR,2026-08-28T08:16:33,wire,BD,Heather Moreno,Forward exactly success adult.,domestic
6FEFF59F-808,ACC68812137,C974244,360072.89,CHF,2026-08-28T08:32:13,card,GA,Jim Rocha,Move state final.,
C4552B93-BD8,ACC70467027,C564226,19061.06,EUR,2026-08-28T08:40:49,card,GD,Beth Gilbert,Perhaps mother store involve meeting fire blue.,
D84392F2-217,ACC99889098,C850981,43380.18,GBP,2026-08-28T10:03:56,wire,ES,Duane Wells,Stop behind response.,domestic
D452D773-344,ACC71070189,C399105,18871.7,USD,2026-08-28T10:10:01,swift,SM,Kristin Meyer,Brother more radio political sit authority air.,domestic
F4516D00-068,ACC20099059,C824586,43145.66,USD,2026-08-28T10:45:23,wire,CH,James Burton,Trouble move away former face safe study.,domestic
009B7C60-7C0,ACC26941092,C596564,120.01,EUR,2026-08-28T11:21:25,card,IR,Aaron Miller,Hot head law reason.,
5AC9BCDC-DB3,ACC16150444,C793384,6727.93,CHF,2026-08-28T11:59:16,card,FR,Shelley Clark,Strong student green single build.,
3254889D-350,ACC42614537,C922733,30372.6,EUR,2026-08-28T12:20:33,card,LC,Isaac Kelly,Include seem manage nation.,
35A4A4E6-AAF,ACC91178885,C320861,22313.8,EUR,2026-08-28T12:25:51,cash_deposit,TG,Frank Lawson,Physical nice how western hear.,
11AEB1E0-906,ACC82383095,C891952,21633.08,GBP,2026-08-28T12:40:41,card,EE,Gerald Morrow,Out huge back discover matter analysis few behavior.,
321C86FE-2B6,ACC42194159,C282256,21295.03,USD,2026-08-28T12:47:00,card,IR,Gregory Baker,Statement fire program part prevent building often.,
1D68AE41-AE9,ACC71070189,C399105,46716.05,USD,2026-08-28T12:51:04,swift,BH,Donna Flores,Political be member another lot.,domestic
1A9FF423-A58,ACC16927215,C313446,27533.52,CHF,2026-08-28T12:58:17,wire,JO,Joshua Phillips,Room international enjoy budget wall feel.,cross_border
31DA85F0-F21,ACC72363359,C800005,6079.69,GBP,2026-08-28T13:05:32,crypto,GT,Kimberly Stephens,House scientist environmental inside.,
7F84D3C2-CE5,ACC99038359,C989208,9991.73,USD,2026-08-28T13:12:35,crypto,MD,Jeffrey Stone,Inside son military scene want entire.,
65A8665A-863,ACC94525678,C703634,9998.4,CHF,2026-08-28T13:33:55,cash_deposit,ET,Joan Craig,Edge wall direction finish inside lay.,
8023BA32-E60,ACC82498004,C184491,10980.11,EUR,2026-08-28T13:44:51,wire,AL,Meredith Sullivan,Any stay exist though matter number place item.,domestic
85F48142-F7E,ACC41329612,C377405,17557.43,USD,2026-08-28T13:47:06,card,FM,Richard Holt,Finally simple others fight tough pressure special control.,
36715487-D76,ACC54058573,C392136,9757.42,USD,2026-08-28T13:47:21,crypto,PG,Maria Erickson,Lose think election course figure picture garden.,
103C5B68-2E5,ACC25228493,C583863,44893.15,USD,2026-08-28T13:56:51,cash_deposit,MM,Ryan Patterson,Certainly anything phone key part.,
47F22DDB-698,ACC68461818,C965845,14406.31,EUR,2026-08-28T14:09:49,card,IN,Martin Huff,Benefit use friend serve page win bring.,
C7B743D1-C2B,ACC97971488,C623481,27185.59,EUR,2026-08-28T14:29:49,card,AE,Claudia Rodriguez,Wide keep effect operation make.,
6E533112-4CD,ACC41244663,C205907,15677.57,EUR,2026-08-28T14:33:41,swift,CG,Erika Jackson,Once how during why ok.,cross_border
74A09288-C23,ACC15614174,C423232,19530.9,CHF,2026-08-28T14:44:53,card,VE,Ray Singh,Thing public mission rich.,
F43C13FE-1BE,ACC95132217,C544151,30722.02,CHF,2026-08-28T14:56:02,wire,PA,Pamela Larsen,Beyond forget place race should.,domestic
6817DBD7-F2F,ACC99943797,C209680,44770.6,USD,2026-08-28T15:24:53,wire,KG,Katrina Valentine,Officer face although probably spend again our.,cross_border
8D067DD0-EA5,ACC49392920,C555884,23513.49,GBP,2026-08-28T15:49:04,card,LA,Ronald Jordan,Scene its face magazine set easy check memory.,
6910339E-E4B,ACC39587039,C571029,42128.07,GBP,2026-08-28T16:21:24,wire,RU,Allison Spencer,Level work candidate this assume huge.,domestic
C188B16D-81D,ACC98231132,C712024,39317.78,USD,2026-08-28T16:34:18,wire,PW,Margaret Schultz,Manager international establish politics rule pay new.,domestic
1C79EA32-B69,ACC32775593,C790855,43312.33,USD,2026-08-28T17:49:14,card,LA,Teresa Hamilton,Onto continue able protect door night language.,
BC65C8BB-74C,ACC72363359,C800005,32455.26,GBP,2026-08-28T17:56:22,wire,CU,Morgan Stone,Value dark phone nothing box study cold.,domestic
CDC13848-8CE,ACC19528530,C842225,34002.25,USD,2026-08-28T18:31:49,card,PG,Lisa Reed,Look together lawyer these difference expert room.,
171AA363-6D1,ACC44188276,C146542,38155.56,USD,2026-08-28T18:32:03,wire,FI,Sabrina Chapman,Scientist church turn situation.,domestic
ECE44AD3-4C8,ACC19584466,C162535,35484.43,USD,2026-08-28T19:40:32,card,MY,Jenny Gill,Usually unit although wish I.,
2DDA5A5D-2BB,ACC19233013,C356150,41490.61,CHF,2026-08-28T19:45:34,wire,KG,Diana Daniels,Once community church.,cross_border
0207D260-344,ACC67110154,C882169,31427.65,CHF,2026-08-28T19:50:17,swift,IR,Mrs. Kristin Moore,Voice better since reflect pay.,cross_border
C78C0006-655,ACC84903294,C901577,47998.07,CHF,2026-08-28T19:51:28,swift,MU,Terry Acosta,Market its soon toward.,cross_border
D4AE46EB-0BF,ACC42194159,C282256,41826.52,CHF,2026-08-28T19:59:26,swift,MA,Brad Marshall,Spring age physical moment less interest economic responsibility.,cross_border
7CBC04F4-1B7,ACC44188276,C146542,25440.81,GBP,2026-08-28T20:07:47,crypto,ET,Richard Salazar,Than smile someone how of.,
F5C1815F-437,ACC81503856,C549186,28735.46,GBP,2026-08-28T20:14:11,crypto,LS,Crystal Stewart,Her direction shake site even.,
796D50CD-841,ACC55176955,C207175,3031.9,USD,2026-08-28T20:38:10,sepa,CL,Clayton Steele,Home others offer institution main Mr try.,
ACFE08E2-CE8,ACC83534128,C567574,45927.51,USD,2026-08-28T20:43:39,card,KG,Kimberly Becker,Vote final seat write player TV.,
578ACD13-8A2,ACC72409658,C563246,41559.6,CHF,2026-08-28T20:43:51,card,YE,Jeremy King,Positive response can age hair kind.,
B8242CD2-BAE,ACC55176955,C207175,47441.68,GBP,2026-08-28T20:47:12,card,ZA,Brandon Hamilton,Partner area program price compare actually case.,
B594226F-B4B,ACC87342561,C142185,9989.11,EUR,2026-08-28T20:56:55,card,CV,Emily Taylor,Source team job life protect score.,
2137DDE5-EB0,ACC86320155,C751194,4650.8,USD,2026-08-28T21:00:39,wire,UZ,Lori Harris,Meet official expect campaign wife.,domestic
35425E30-321,ACC17275149,C296694,36978.89,CHF,2026-08-28T21:02:23,swift,EG,Jamie Friedman,Sure war add long.,domestic
801FF4D1-0B5,ACC93955206,C321275,40225.28,GBP,2026-08-28T21:10:27,swift,TM,Raymond Vazquez,Its none identify full.,domestic
8101FB83-7B7,ACC67062156,C329471,19366.67,EUR,2026-08-28T21:47:02,swift,TN,Alejandro Miller,Song meet protect hundred.,cross_border
77A9FA1B-B93,ACC73083727,C464863,46091.38,GBP,2026-08-28T21:47:07,wire,IL,Brenda Rasmussen,Agreement here garden food Congress.,cross_border
483D7566-3DB,ACC93955206,C321275,7272.56,CHF,2026-08-28T21:56:49,wire,GH,Morgan Hernandez,Stand song camera old detail.,cross_border
3832C3D1-1D2,ACC72409658,C563246,2984.27,EUR,2026-08-28T21:59:37,wire,EG,Jennifer Davis,Now camera man effect our.,domestic
2F7DA04A-005,ACC51098277,C796212,231317.3,CHF,2026-08-28T22:09:02,card,VC,Ashley Henry,Better thing only live sort alone fact.,
BB0B3EFD-DFB,ACC73900135,C777278,23885.68,CHF,2026-08-28T22:25:26,card,MR,Carrie Chavez,Spring organization task production hold show cell.,
000E1586-060,ACC70467027,C564226,45564.22,EUR,2026-08-28T23:13:18,card,LC,Charles Perkins,Common threat television.,
BB32BED4-780,ACC97260863,C171951,37456.82,USD,2026-08-28T23:37:13,cash_deposit,GT,Olivia Anderson,Example special decision.,
C5891639-7BB,ACC90014570,C835244,153493.73,USD,2026-08-28T23:40:28,wire,CN,Susan Simpson,Positive very middle action I candidate.,cross_border
A17A0C73-75D,ACC33763566,C532322,5482.95,USD,2026-08-29T00:01:22,wire,GB,John Grant,Agent the against term instead.,domestic
99D66A0E-8A2,ACC94120751,C350867,31363.79,CHF,2026-08-29T00:39:00,sepa,TT,Karla Bray,Material leader less drive indeed she.,
630A607B-08B,ACC46817443,C147726,30758.19,GBP,2026-08-29T00:42:28,swift,MK,Jamie Wheeler,Bring itself through.,cross_border
ED651BBB-A82,ACC44788100,C888295,38106.83,GBP,2026-08-29T00:54:01,card,MR,Robert Davidson,Significant shake war former statement reveal individual.,
714ED314-044,ACC66722344,C456778,253429.76,GBP,2026-08-29T01:30:52,cash_deposit,AM,Brian Johnson,Public the each analysis keep music senior simply.,
9D7FE744-1F5,ACC12614124,C217301,21827.13,CHF,2026-08-29T01:33:03,wire,CV,Patrick Payne,Lose face beyond open happen every history.,cross_border
DF691C99-71C,ACC85146293,C526117,28884.67,CHF,2026-08-29T01:38:01,card,KZ,Shelby Duarte,Season sense themselves feeling yeah author.,
872B9571-01B,ACC94525678,C703634,5709.86,GBP,2026-08-29T01:40:52,crypto,DK,Jeffrey Wang,Thousand pull ago dog until believe song during.,
8106F554-721,ACC41329612,C377405,1347.29,CHF,2026-08-29T01:53:46,crypto,RU,William Fischer,Go old watch them another.,
967144C5-B24,ACC70467027,C564226,14873.11,CHF,2026-08-29T02:23:48,sepa,ZW,Kevin Barber,Perhaps eat onto political modern.,
1BB60462-7D2,ACC90585882,C944657,46259.69,EUR,2026-08-29T02:36:12,crypto,TM,Lisa Cline,Pressure throw decade against.,
FE79E36F-0E8,ACC97260863,C171951,20810.64,EUR,2026-08-29T02:46:59,card,LT,Cameron Moss,Month age year bag skill floor music.,
B4E42FDD-966,ACC21267237,C773971,31902.19,GBP,2026-08-29T03:16:12,wire,ML,Robert Park,Any work somebody Democrat affect treatment.,cross_border
06BD3901-7A4,ACC67062156,C329471,38252.06,USD,2026-08-29T03:32:26,cash_deposit,BT,Wayne Moses,It theory prevent data subject Republican offer report.,
B3294DB4-E21,ACC65692629,C456385,45623.95,USD,2026-08-29T03:35:01,card,NE,Brian Briggs,Blue everybody TV rule.,
AC91E83D-067,ACC31682744,C665579,9976.08,USD,2026-08-29T03:35:02,swift,GQ,Terry Johnson,Check hear stage.,cross_border
9B3C2F1B-B65,ACC36757737,C979995,20932.67,CHF,2026-08-29T03:43:48,swift,BA,Tim Jimenez,Clear wife course open itself strong.,domestic
188F93B4-B5D,ACC19233013,C356150,24989.75,EUR,2026-08-29T03:50:38,sepa,NR,Abigail Walker,Allow huge upon employee choose glass rock.,
72BB2B7C-65E,ACC54058573,C392136,40390.07,GBP,2026-08-29T03:59:08,card,PT,Michael Goodwin,Standard how treatment else.,
2F6D2DD2-ACC,ACC81621574,C498468,39633.06,USD,2026-08-29T04:24:08,card,RU,Suzanne Garcia,Less happen population result lawyer change me.,
2E763359-927,ACC22534217,C958179,21766.96,GBP,2026-08-29T04:30:56,card,BF,Steven Burgess,Lawyer finish account threat.,
48D0B18B-463,ACC33763566,C532322,38834.67,GBP,2026-08-29T04:33:01,swift,RO,Jennifer Melendez,Effect great describe because.,domestic
FCAF270E-631,ACC75529051,C330080,34228.01,USD,2026-08-29T04:36:47,cash_deposit,KP,Matthew Stevenson,Watch turn different pretty deep design fall.,
AED80637-16F,ACC99943797,C209680,1510.34,EUR,2026-08-29T04:38:53,crypto,WS,Tanner Williams,List interesting wide response.,
EC290D46-3FF,ACC71115319,C437408,9981.67,GBP,2026-08-29T04:56:02,sepa,DZ,Christopher Golden,Often since yard responsibility.,
A4D4CFCC-01B,ACC35583290,C728492,28815.65,GBP,2026-08-29T05:21:16,card,MZ,Jonathan Hayes,Wall rest may also administration change.,
5ED327BE-9F5,ACC90014570,C835244,6740.67,USD,2026-08-29T05:26:47,card,GW,Margaret Davidson,Bit indeed force expect standard social everyone.,
FFD55666-A9D,ACC95758349,C632323,38236.82,GBP,2026-08-29T05:46:52,swift,NL,Danny Burgess,While region help ago.,cross_border
3BEC2A68-329,ACC70467027,C564226,29787.03,EUR,2026-08-29T06:16:03,card,IE,Jeffrey Preston,Area green garden community per.,
B7B86421-64C,ACC35714784,C299448,38521.88,USD,2026-08-29T06:24:46,sepa,HR,Travis Kim III,Less article threat arrive learn eye.,
D47D70EA-1B8,ACC33640702,C869440,12697.88,GBP,2026-08-29T06:31:25,swift,MV,Tina Raymond,Defense keep protect owner war behind six.,domestic
43958BF7-232,ACC95822412,C216739,29323.29,USD,2026-08-29T06:36:05,card,YE,Raymond Jefferson,South someone not American mouth product attention positive.,
E3AAEF5E-AF8,ACC20099059,C824586,2210.49,USD,2026-08-29T08:09:39,wire,BA,Malik Burns,Be artist around against remember possible involve.,domestic
047D4612-9C0,ACC38408562,C576786,33070.91,CHF,2026-08-29T08:26:40,sepa,BF,William White,Little carry society yet offer sport husband.,
76B19A4E-F0F,ACC20200074,C720859,17877.14,GBP,2026-08-29T08:32:41,swift,KN,Karen Flowers,Indicate beat team evening develop loss.,domestic
D0E22289-11D,ACC24366125,C878480,13202.87,EUR,2026-08-29T09:00:17,card,ZA,Jennifer Sparks,Young car imagine easy reflect office.,
7CF04A9A-733,ACC48349783,C345884,29822.87,EUR,2026-08-29T09:18:34,card,JM,Nicole Hall,Player allow page bit blue most watch.,
06761F59-F96,ACC82498004,C184491,19407.32,CHF,2026-08-29T09:29:07,wire,FR,Julian Hughes,Light season whose charge.,domestic
B6A1825A-974,ACC49172995,C633590,32381.49,USD,2026-08-29T09:33:41,card,ZM,Dawn Scott,Effort design leg reason final lawyer store energy.,
3122FB36-83A,ACC35583290,C728492,36202.45,CHF,2026-08-29T09:34:44,cash_deposit,SV,Tom Horton PhD,Light read approach Congress week war.,
E6F39080-BAB,ACC96098221,C634150,5365.94,USD,2026-08-29T10:01:11,card,BN,Cynthia Jones,Among wall study the tree all.,
A7EC3268-A5B,ACC20200074,C720859,36495.33,USD,2026-08-29T10:06:02,crypto,GY,Angel Barber,Lawyer actually memory finally yes line including.,
E0376D5E-BE1,ACC86460539,C358175,32684.1,EUR,2026-08-29T10:07:48,sepa,NZ,Nathan Moore,Common performance father shake conference issue.,
DE72051E-05A,ACC87267850,C498858,10769.43,USD,2026-08-29T10:18:39,card,RU,Cassandra Peterson,Population approach yard value.,
54426DA1-494,ACC88183110,C679364,7355.12,EUR,2026-08-29T10:27:49,card,SZ,Louis Crawford,Painting peace face cause newspaper.,
7039D474-44D,ACC15614174,C423232,34767.07,CHF,2026-08-29T10:36:15,wire,HN,Antonio Gardner,Chance better movement natural.,cross_border
60608526-498,ACC89864260,C171262,18175.03,USD,2026-08-29T10:46:43,card,QA,Matthew Schmidt,However society every still according.,
7E210968-2C9,ACC97225156,C491559,32746.91,GBP,2026-08-29T11:17:40,swift,DJ,Victor Smith,Radio image mind.,cross_border
8280456C-132,ACC21267237,C773971,33493.83,EUR,2026-08-29T11:23:11,wire,UG,Nicholas Randall III,Discover manage baby letter.,domestic
A066402B-BEE,ACC58884978,C552248,28333.01,EUR,2026-08-29T11:28:14,card,GR,Alyssa Wilson,Material term heavy name easy interest person.,
1F09598C-29F,ACC46361787,C421517,11966.5,GBP,2026-08-29T11:53:10,card,CL,Stephanie Cole,Culture cold maybe old player company.,
DA528DF4-241,ACC73481797,C839485,27142.0,USD,2026-08-29T12:25:45,wire,KP,Mr. Michael Jackson MD,Night carry ask.,cross_border
0DFEFEB6-B98,ACC99038526,C208618,18611.77,CHF,2026-08-29T12:26:46,wire,IT,Melissa Patton,Letter much increase maybe.,cross_border
7DB7BB00-2F8,ACC87049595,C398151,31018.7,EUR,2026-08-29T12:31:05,card,BN,Philip Graves,Manage skill political quite energy available expert.,
CB392DD3-6B2,ACC41329612,C377405,11928.91,GBP,2026-08-29T12:39:26,cash_deposit,PG,Jillian Brown,Surface really wall as land point four.,
4ACE5D2D-DEE,ACC82287061,C607868,39071.56,GBP,2026-08-29T12:46:31,card,PE,John Horne,Evening recognize sense type.,
14410CAE-71E,ACC64038913,C863587,7533.81,CHF,2026-08-29T13:00:08,card,KH,Alicia Anderson,College factor either class interview.,
ED1144FE-AC8,ACC68461818,C965845,358.3,CHF,2026-08-29T13:06:00,crypto,GE,Jennifer Jones,Point or natural wall also commercial.,
EB0B7D3D-D27,ACC68571795,C735656,47007.93,GBP,2026-08-29T13:10:01,wire,CN,John Carter,Form almost drug ground happy reason would among.,cross_border
AE2FA6E7-3B0,ACC32775593,C790855,609.84,USD,2026-08-29T13:15:15,card,IR,Angela Vasquez,For person stock way yes thousand nearly.,
EA5E7E77-A1C,ACC57683626,C319684,38609.54,CHF,2026-08-29T13:17:39,sepa,BB,Jennifer Moss,Hold share while couple keep this similar.,
8E6BBE9F-67F,ACC58181396,C988662,29614.24,USD,2026-08-29T13:26:29,swift,VE,Kathleen Andrade,Article evidence case current this moment piece.,domestic
20B01536-048,ACC82498004,C184491,5231.98,EUR,2026-08-29T13:27:29,card,NG,Leslie Williams,Speech four arm stop visit memory.,
026F8F53-5F5,ACC68461818,C965845,28771.7,USD,2026-08-29T13:30:44,crypto,WS,Matthew Hernandez,Either through until usually.,
6F346A43-D3F,ACC78387461,C617488,28882.22,GBP,2026-08-29T13:51:34,swift,TG,Alex Cameron,Again quality her skin.,cross_border
560B66BB-D4B,ACC81503856,C549186,20070.53,CHF,2026-08-29T14:09:53,card,MH,Erica Roberts,Human international industry always until over.,
593BE063-39C,ACC42614537,C922733,17265.19,CHF,2026-08-29T14:11:56,crypto,NI,Gabriel Hall,Plant top live exactly future soldier.,
DB76E8CB-D83,ACC76500726,C402218,45338.65,GBP,2026-08-29T14:20:09,wire,VE,Travis Serrano,Collection blue myself hospital.,domestic
8A8CCC5E-331,ACC68461818,C965845,45201.14,USD,2026-08-29T14:31:24,swift,BZ,David Vargas,Suddenly word chair any.,domestic
EF3FD16A-022,ACC54769200,C908577,48261.34,USD,2026-08-29T14:59:11,wire,BB,Bryan Singleton,Election time various few end.,domestic
E1160B1C-8BD,ACC53536830,C934816,25497.29,GBP,2026-08-29T15:02:34,cash_deposit,NE,Danielle Brown,Through choice technology authority.,
30E4CC17-E6B,ACC21490777,C353080,25631.35,CHF,2026-08-29T15:13:08,swift,HU,Monica Brennan,Democrat sell ahead likely sometimes middle site.,cross_border
B740B835-8D8,ACC84411983,C233470,18849.75,GBP,2026-08-29T15:22:17,crypto,NP,Kevin Ramsey,Three a month continue.,
AE67C1A4-96D,ACC82383095,C891952,36256.44,GBP,2026-08-29T15:38:56,swift,RS,Michael Bender,Section scene financial here expert.,cross_border
6E40C6F6-5F4,ACC65692629,C456385,9992.01,CHF,2026-08-29T15:50:10,crypto,KE,Sara Joseph,Positive reach business teach life paper Mr beautiful.,
90A98E76-AF5,ACC92874006,C171744,33082.08,USD,2026-08-29T15:54:25,cash_deposit,SV,Audrey Alvarado,Argue theory few business step stay employee plant.,
3EA89BDA-32F,ACC54769200,C908577,24637.71,GBP,2026-08-29T16:02:11,card,VC,Denise Richards,Crime discuss will democratic.,
AF0F0204-CB6,ACC84813739,C361303,45063.61,USD,2026-08-29T16:25:12,wire,KZ,Rebecca Ray,Parent conference remain strategy.,domestic
45B7B711-600,ACC41244663,C205907,43543.75,CHF,2026-08-29T16:39:03,swift,PA,Amanda Murray,Miss word list race.,domestic
DA64A112-52A,ACC73083727,C464863,13599.24,GBP,2026-08-29T16:50:52,swift,IR,Christopher Saunders,Girl state ready course piece build.,domestic
360A791A-2D6,ACC19233013,C356150,21761.03,USD,2026-08-29T16:53:36,card,FI,Aaron Jackson,Attack child hear present former table.,
98AD4E46-814,ACC34391257,C152727,21362.77,EUR,2026-08-29T17:26:58,cash_deposit,DJ,Jimmy Ruiz,Gun white between member.,
2F976874-101,ACC73771720,C740967,44688.93,GBP,2026-08-29T17:45:10,crypto,MG,Melissa Jones,Manager all onto tonight least anyone.,
81D15BED-011,ACC25228493,C583863,247.31,EUR,2026-08-29T18:05:28,cash_deposit,UA,Courtney Poole,Hope hot certain institution myself challenge per outside.,
107770DE-417,ACC99038526,C208618,12277.02,GBP,2026-08-29T18:28:58,wire,SY,Paul Navarro,New less many particularly head sit.,domestic
7BBD2EF5-EF2,ACC11698142,C990844,5429.28,GBP,2026-08-29T19:03:39,cash_deposit,GR,Kimberly Meadows,Network wind sport writer actually.,
63A402A4-813,ACC65682626,C527398,6792.82,EUR,2026-08-29T19:12:41,sepa,LT,Charles Bradford,Total similar although put believe.,
579EA190-4C5,ACC32097220,C497382,169.85,CHF,2026-08-29T19:16:03,swift,RS,Pedro Greene,Your their resource blue.,cross_border
9BDF17AD-9A7,ACC81503856,C549186,38327.32,GBP,2026-08-29T19:38:16,card,IQ,Tracy Santos,Billion board let color toward.,
5984774B-B44,ACC61642594,C500156,9997.9,GBP,2026-08-29T19:51:21,cash_deposit,ME,Luke Hopkins,Method produce about point walk focus plant.,
1C359B70-FAA,ACC13895645,C507746,14350.86,EUR,2026-08-29T20:31:02,crypto,GD,Tiffany Orozco,Side happy doctor be Mr skin guess.,
EE77E9E8-143,ACC39042654,C874483,44264.16,USD,2026-08-29T20:42:40,sepa,DZ,Ronald Johnson,Since still career room within per.,
370388E1-6AB,ACC22130508,C555052,37897.11,CHF,2026-08-29T20:48:27,crypto,PY,Brian Adams,Lead big red happen possible whether seat.,
88401883-32A,ACC34627347,C392075,16102.35,USD,2026-08-29T20:58:09,swift,SB,Jamie Gallagher,Positive hundred drug pull center hundred question.,cross_border
1F253285-B36,ACC83089925,C335729,37944.65,EUR,2026-08-29T21:36:10,card,CA,Daniel Hernandez,Hard reason some establish tonight phone window.,
9D9785CD-88D,ACC85146293,C526117,30184.34,CHF,2026-08-29T21:47:28,wire,NG,Donna Sanchez,Teacher test provide cultural mention determine.,domestic
D59D50CE-ABA,ACC69302158,C678478,15166.75,CHF,2026-08-29T22:06:24,card,DO,Barbara Campbell,Away down turn.,
491EF99C-50D,ACC48349783,C345884,9991.74,GBP,2026-08-29T22:09:23,wire,ES,James Gibson,Lay attack red significant.,cross_border
B7565052-BFB,ACC71115319,C437408,41233.5,CHF,2026-08-29T22:23:37,wire,NP,Dr. Douglas Warren MD,Top father rate throw part marriage both.,domestic
2EB2E67D-3D8,ACC19584466,C162535,48374.68,EUR,2026-08-29T22:39:13,wire,MG,Gabriella Knox,Always very much send get.,cross_border
9EEBF1B0-EEA,ACC13471527,C195763,21813.9,GBP,2026-08-29T22:39:49,wire,GM,Sandra Hardin,Section street cup reflect audience rest artist.,cross_border
CC30D4A8-F91,ACC41244663,C205907,38978.52,CHF,2026-08-29T22:55:48,sepa,TV,Robert Davis,Notice design baby foot lot major.,
F6D6F959-7C8,ACC99038526,C208618,27102.92,EUR,2026-08-29T23:05:24,wire,KP,Mariah Cole,Truth family heart card.,domestic
85887448-C69,ACC57683626,C319684,20939.05,GBP,2026-08-29T23:27:19,swift,BW,Matthew Dawson,Responsibility but box last.,cross_border
D0D7D64B-081,ACC94120751,C350867,40066.43,USD,2026-08-29T23:32:21,card,MC,Raymond Bowen,Top cause person off.,
39A28ABA-531,ACC87342561,C142185,25217.28,USD,2026-08-30T00:07:47,cash_deposit,IQ,David Carter,Our feel southern may near.,
DFAAA9D3-ECF,ACC73771720,C740967,30990.99,EUR,2026-08-30T00:48:09,sepa,KN,Lisa Dominguez,Professional now about student.,
8A818B30-029,ACC20200074,C720859,12988.18,CHF,2026-08-30T01:18:12,sepa,FM,Andrea Morgan,Easy because lose.,
498B288C-C7E,ACC87282128,C810250,7076.54,USD,2026-08-30T01:19:26,crypto,CD,Michael Hernandez,Cell early voice pull right seven.,
8844E9A5-91E,ACC82498004,C184491,33558.23,GBP,2026-08-30T01:26:51,sepa,LK,Dr. Christopher Mcclain,Plan agency range general year.,
3A4AC350-212,ACC84411983,C233470,8859.89,USD,2026-08-30T01:33:17,crypto,GE,Amanda Paul,Environment course thought.,
FF902154-459,ACC68812137,C974244,351071.92,GBP,2026-08-30T01:36:43,card,GE,Catherine Villegas,They speak list teach beyond.,
914B1F4E-881,ACC65682626,C527398,5702.45,EUR,2026-08-30T01:45:27,swift,KM,Randy Fry,Program true possible stand think special thus.,domestic
0A9F5324-690,ACC65682626,C527398,9984.81,EUR,2026-08-30T02:00:31,swift,IQ,Felicia Lucas,Person manage reach born.,domestic
CC324291-6B4,ACC76500726,C402218,24010.55,EUR,2026-08-30T02:12:14,card,CU,Thomas Rice,Movie interesting lead generation fall time.,
02F31554-3A0,ACC71115319,C437408,24795.8,CHF,2026-08-30T02:41:44,swift,CA,Sabrina Kim,Chair option hour.,domestic
79B27D28-704,ACC76344695,C992288,13141.18,EUR,2026-08-30T03:30:40,cash_deposit,PS,Roger Smith,Once why series wife east.,
2149BA09-96B,ACC84093639,C407419,35175.61,CHF,2026-08-30T03:42:34,wire,EE,Laura Perez,Imagine later identify first hope.,cross_border
4944A560-C80,ACC82287061,C607868,1370.99,GBP,2026-08-30T04:11:45,cash_deposit,TW,Andrew Robertson,Woman seek friend say talk there once unit.,
CF2DA44C-756,ACC75181648,C604740,45213.98,USD,2026-08-30T04:39:42,crypto,CM,Paul Baker,Name walk attack resource serious.,
7292C510-95A,ACC42614537,C922733,44610.75,CHF,2026-08-30T04:41:56,sepa,TN,Alexander Smith,Team deal water home.,
CDE1B986-413,ACC73083727,C464863,487102.04,CHF,2026-08-30T04:44:23,card,GM,Nancy Duffy,Voice four feeling end sell.,
766924C6-EF7,ACC22660194,C201639,23950.63,USD,2026-08-30T05:10:19,swift,BN,James Pierce,About country various until lawyer yard.,domestic
FC42BACA-E0C,ACC81503856,C549186,24075.63,EUR,2026-08-30T05:12:25,card,CM,Adam Cole,Word wait all fire.,
4D46A3CF-E82,ACC82383095,C891952,478.07,EUR,2026-08-30T05:15:47,card,HN,Lindsay Olson,Feel wife theory shake too medical.,
AB8C0496-850,ACC71662963,C662275,22765.34,GBP,2026-08-30T05:38:39,crypto,SY,Christian Neal,Act inside big minute performance red industry together.,
B285CF3C-A57,ACC24549543,C725550,48933.99,EUR,2026-08-30T05:39:45,wire,DM,Kristin Dixon MD,Son always line respond.,cross_border
AA273CEF-DB7,ACC48349783,C345884,26336.07,CHF,2026-08-30T06:31:53,cash_deposit,DZ,Michelle Howard,Billion whom on among.,
4F67A406-8E0,ACC20099059,C824586,14698.72,CHF,2026-08-30T06:42:27,wire,GD,Donna Graham,Card no have information nothing street box could.,cross_border
E41AC1E7-83A,ACC70467027,C564226,17917.24,USD,2026-08-30T07:20:12,sepa,DZ,Jason Brown,Management son scene note.,
F9C57FE9-987,ACC21267237,C773971,17818.83,USD,2026-08-30T07:22:12,card,CM,Kara Rich,Wall certain travel month camera weight.,
272A3F56-0C3,ACC21490777,C353080,37193.43,EUR,2026-08-30T07:39:28,sepa,PA,Bradley Ortega,Spring writer sit instead national community.,
9DBBCF2A-68F,ACC36786211,C956253,315.9,CHF,2026-08-30T07:46:00,wire,CO,Melissa Smith,White effect speak set.,cross_border
5B4D58E1-761,ACC71070189,C399105,46810.76,CHF,2026-08-30T08:06:07,card,CU,Andrew Davis,Music white report company car data news difficult.,
59851609-99D,ACC82287061,C607868,31648.37,CHF,2026-08-30T08:35:25,wire,YE,Anthony Adams,And simply rather lay song possible enough.,domestic
B6C7E65D-40B,ACC82498004,C184491,13752.3,CHF,2026-08-30T08:52:49,card,GY,Michelle Garrison,Director believe require.,
0EFDF8F2-4E2,ACC85146293,C526117,23218.43,EUR,2026-08-30T09:31:14,crypto,VA,Katie Parsons,Speech compare eat no himself per.,
2CED4DB1-E6F,ACC86460539,C358175,274882.77,GBP,2026-08-30T09:48:45,wire,MW,Justin White,Guess eye certain.,cross_border
F90FF40F-F50,ACC41329612,C377405,42735.14,GBP,2026-08-30T09:56:59,cash_deposit,CA,Pamela Reynolds,Present adult point market end.,
2E984277-116,ACC87282128,C810250,28715.92,USD,2026-08-30T09:59:45,card,VE,Joanna Lopez,National traditional get unit.,
78B33D0C-B20,ACC42614537,C922733,25498.09,GBP,2026-08-30T10:15:19,swift,AF,Mary Martin,Range skin major for student.,cross_border
3AF23BA2-187,ACC77834855,C612262,44120.35,USD,2026-08-30T10:22:06,wire,EC,Donald Smith,Model front skin increase most car.,cross_border
05C3F044-2EE,ACC83534128,C567574,25691.94,USD,2026-08-30T10:45:55,cash_deposit,DK,Robert Sanchez,Husband interest research son final himself move.,
23A5B6DF-C34,ACC66722344,C456778,37869.95,USD,2026-08-30T10:54:15,card,HN,Matthew Nielsen,Begin right couple environmental purpose owner.,
73BA0EC8-F40,ACC64247457,C639593,20686.13,EUR,2026-08-30T11:23:24,card,SO,Rachael Owen,Writer quality religious might cold.,
94426794-80B,ACC43273328,C335612,17189.45,EUR,2026-08-30T11:34:38,wire,QA,Theresa Smith,Sound hundred tax great watch student.,cross_border
E0AD1443-63B,ACC20200074,C720859,26351.85,GBP,2026-08-30T11:40:03,wire,AD,Brian Rollins,Also no serious campaign.,cross_border
3274773E-1B1,ACC60929647,C383060,22316.56,CHF,2026-08-30T11:42:57,card,BZ,Jeanne Mejia,Same open crime front real.,
FE135C05-99C,ACC25312516,C962050,5917.39,EUR,2026-08-30T12:06:49,cash_deposit,SZ,William Fritz,Air young clearly behind box bad fear.,
EB4D62E8-015,ACC53536830,C934816,26610.53,EUR,2026-08-30T12:08:30,card,SY,Gregory Mitchell,Risk identify hope follow director.,
4A73BD13-09F,ACC97971488,C623481,38289.05,USD,2026-08-30T12:09:28,cash_deposit,MX,Timothy Sherman,Decision three trouble place these.,
7EA525D4-4DB,ACC83932360,C114338,14642.41,USD,2026-08-30T12:09:49,wire,GM,Joshua Jimenez,Why opportunity arrive.,cross_border
348A2DD7-A56,ACC65692629,C456385,9998.27,EUR,2026-08-30T12:29:27,card,SK,Antonio Flores,Security candidate garden must million performance.,
148ECB49-D62,ACC15614174,C423232,2725.63,CHF,2026-08-30T12:34:26,card,SA,James Leach,Gun fight vote despite form.,
2536E41A-DC6,ACC95132217,C544151,24836.81,EUR,2026-08-30T12:49:13,crypto,KZ,Jennifer Taylor,Treat director a light drop do education.,
A90C19B7-65E,ACC13895645,C507746,3471.68,USD,2026-08-30T12:51:04,crypto,SN,Sharon Ward,Successful offer goal upon.,
A49391AF-173,ACC55728776,C293319,32660.65,GBP,2026-08-30T12:53:47,crypto,GA,Chelsea Green,Shoulder cold big generation thank.,
5F59D6B1-6CF,ACC34391257,C152727,40073.61,GBP,2026-08-30T13:21:18,card,JM,Amanda Rivas,Reality there fly speech car hope picture make.,
6C381C12-B0C,ACC93955206,C321275,4793.17,EUR,2026-08-30T13:28:34,swift,GY,James Cobb,Wide economy individual.,domestic
0ACE4579-DF1,ACC65259205,C941204,29429.83,GBP,2026-08-30T14:03:44,swift,RU,Kelly Salinas,Role nice week now final operation.,domestic
4DC71A39-311,ACC99889098,C850981,630.79,CHF,2026-08-30T14:14:03,card,IE,Michael Gutierrez,Throw perhaps recent.,
CF02C8E1-7D9,ACC97971488,C623481,9993.8,USD,2026-08-30T14:17:07,crypto,DK,Cynthia Allen,Court early still less.,
F57861A7-743,ACC46540265,C624783,29389.17,CHF,2026-08-30T14:40:05,swift,NG,Jack Maxwell,Eat argue own.,domestic
CAB40549-53D,ACC41068214,C402099,33107.1,CHF,2026-08-30T14:55:55,sepa,BW,Mitchell Castillo,Data often especially tough can.,
04B4D132-E8D,ACC93955206,C321275,9980.32,GBP,2026-08-30T15:01:20,sepa,MA,Diana Houston,Hair foreign southern consumer easy deal.,
2DE3A4EC-295,ACC63121477,C237235,40362.17,EUR,2026-08-30T15:11:27,swift,PH,Jason Lucero,Stay service fall skill.,domestic
F2582DFE-828,ACC83932360,C114338,8954.4,GBP,2026-08-30T15:15:35,swift,IT,Kevin Burgess,Above general itself most hospital.,domestic
5DCF119B-836,ACC76500726,C402218,8204.69,GBP,2026-08-30T15:24:31,swift,EE,Jordan Patton,Computer much man include.,domestic
0D55AB44-1AC,ACC31980274,C426147,34691.39,USD,2026-08-30T15:47:16,swift,AD,Theresa Werner,Threat stock himself purpose.,cross_border
7C0B2513-F34,ACC84411983,C233470,16314.25,GBP,2026-08-30T15:58:24,card,CU,Sylvia Roberts,News girl small experience gun.,
1DF7DBF2-153,ACC19528530,C842225,29948.03,CHF,2026-08-30T16:03:58,wire,MW,Isabel Smith,Century least represent must dinner.,domestic
639C836A-EFD,ACC12614124,C217301,39978.44,EUR,2026-08-30T16:21:57,wire,ST,Dawn Ellis,Feeling free military professional tend such.,domestic
6B899D53-A5F,ACC25228493,C583863,32121.5,GBP,2026-08-30T16:33:45,crypto,ST,Sean Cox,Once however leave because professional charge data technology.,
F10294A7-9BF,ACC34627347,C392075,23817.26,GBP,2026-08-30T17:14:44,wire,SL,Sophia Martinez,Southern south bed represent lawyer.,cross_border
F1A85E37-BBA,ACC25228493,C583863,19257.91,USD,2026-08-30T17:32:32,crypto,IR,Alicia Perez,Mother necessary forward for.,
0CEDCC33-EE1,ACC49172995,C633590,9673.12,CHF,2026-08-30T17:39:47,card,HR,Vincent Kennedy,Policy quite director explain.,
BE40FCB0-6D0,ACC76500726,C402218,49133.55,EUR,2026-08-30T18:16:25,cash_deposit,MM,Kristen Lopez,Sort science attention drop determine we.,
5E57EC56-79F,ACC90267122,C141797,29749.64,GBP,2026-08-30T18:28:03,swift,KG,James Lindsey,Ok scene daughter onto he close.,domestic
DB8D9D8B-07E,ACC25480907,C373903,48330.95,GBP,2026-08-30T18:32:13,swift,IN,Lauren Morse,Last page discover part remain hotel wide.,domestic
B16BE2A2-BA3,ACC88183110,C679364,11890.06,USD,2026-08-30T18:46:24,sepa,BO,Marcus Smith,Gun expect public.,
29069286-0D8,ACC15614174,C423232,25918.69,CHF,2026-08-30T19:40:39,wire,YE,Bradley Rosales,Positive eat third head trip.,domestic
E00409EA-B61,ACC63121477,C237235,30487.07,USD,2026-08-30T19:48:38,card,PH,Paul Gonzales,With with body allow factor suffer candidate.,
57AC97AB-CC0,ACC43273328,C335612,37159.71,GBP,2026-08-30T20:17:43,swift,MA,Paul Johnson,Politics interview south something.,cross_border
4C9307F2-18F,ACC73380266,C355570,19832.98,GBP,2026-08-30T20:49:51,card,BN,David Myers,Challenge thing month issue board.,
69ED0B29-FD7,ACC45551614,C246413,21182.79,EUR,2026-08-30T20:58:31,crypto,SY,Ashley Ferguson,House actually pretty.,
BA718EE7-771,ACC19289546,C897549,4248.06,USD,2026-08-30T21:14:05,wire,BY,Nicole Middleton DDS,Benefit need meet collection.,domestic
C8226386-073,ACC32097220,C497382,14270.01,EUR,2026-08-30T21:22:49,sepa,RU,Timothy Zuniga,Dog range seem number.,
B5DC3029-A3A,ACC97971488,C623481,12995.86,CHF,2026-08-30T21:29:12,card,AM,Anthony Flores,Group apply guess player.,
D8CDC163-316,ACC90267122,C141797,43067.77,GBP,2026-08-30T21:36:39,crypto,LU,Jamie Jackson,Soldier lead series quality else off audience push.,
18C5CB79-796,ACC82160068,C323508,9990.12,CHF,2026-08-30T21:37:37,card,ML,Scott Fowler,Left dinner himself child skill itself scene yard.,
1F2916DD-F16,ACC19233013,C356150,3987.12,EUR,2026-08-30T21:48:03,card,SL,Christopher Clark,See candidate rock Congress relationship compare.,
09BDED00-D44,ACC39042654,C874483,9991.58,GBP,2026-08-30T21:49:55,cash_deposit,KN,Michael Smith,Crime job exist such five.,
2B6E0321-356,ACC97260863,C171951,33069.42,GBP,2026-08-30T22:03:45,cash_deposit,KW,Jose Gonzales,News provide moment writer pattern.,
D3E6F429-F7A,ACC68942178,C230394,5281.46,USD,2026-08-30T22:04:35,wire,BZ,Randy Jones,Also seven mean program.,cross_border
95B4FA10-7CF,ACC54058573,C392136,9989.27,GBP,2026-08-30T22:07:01,sepa,LB,Amy Morse,Political by people out.,
3FD982E5-C94,ACC58181396,C988662,21913.92,USD,2026-08-30T22:57:14,swift,KG,Carrie Crane,New nearly behind big soldier building article.,domestic
751E275D-F23,ACC45551614,C246413,45956.41,CHF,2026-08-30T23:05:13,crypto,PW,John Wilson,American ground remember magazine manage suffer term.,
84E2F879-FE4,ACC41068214,C402099,39753.83,EUR,2026-08-30T23:25:10,cash_deposit,BN,Erin Moses,Congress threat get floor dinner beyond special.,
51A58417-B04,ACC73900135,C777278,40445.01,EUR,2026-08-30T23:39:25,swift,MK,Christine Zuniga,War coach few machine improve number cell.,domestic
C06EC888-78B,ACC68186525,C479781,4081.48,CHF,2026-08-30T23:50:53,wire,LR,Alyssa Sims,According age south keep raise remember.,domestic
08DA69BB-698,ACC11698142,C990844,39635.44,EUR,2026-08-30T23:56:15,card,ME,Jeff Hughes,Song make face after.,
13E974F6-711,ACC90267122,C141797,42494.91,EUR,2026-08-31T00:05:27,swift,GQ,Terri Patterson,Would however believe consider young.,domestic
AA8F2EB6-F42,ACC16927215,C313446,45347.67,CHF,2026-08-31T00:13:36,crypto,AZ,Cynthia Keller,She lay happen effort health.,
B93B98FC-FAC,ACC46361787,C421517,7197.6,USD,2026-08-31T00:15:11,crypto,VE,Brittany Roberts,Mother heart director bar success where until.,
FFD22EE5-D17,ACC66722344,C456778,22845.36,CHF,2026-08-31T00:22:08,card,AM,Lauren Cortez,Charge form here street material.,
EBA77C49-4AF,ACC75529051,C330080,45048.7,CHF,2026-08-31T00:26:21,wire,KP,Kathryn Levine,Sing several up interest class movie.,domestic
DD0B412D-FA2,ACC83089925,C335729,17711.45,GBP,2026-08-31T00:32:37,swift,TR,Aaron Ingram,Despite investment wind than.,domestic
D17A980D-E29,ACC44188276,C146542,21167.11,USD,2026-08-31T00:35:43,wire,SO,Aaron Terry,Evening fish life simple apply its central pass.,cross_border
899C8662-923,ACC45551614,C246413,24273.66,GBP,2026-08-31T00:49:32,card,MC,Heather Guzman,Scene law agree appear political picture social.,
CF50897D-F65,ACC87282128,C810250,49637.7,GBP,2026-08-31T01:03:38,swift,DJ,Matthew Wilson,Professor kind character cup accept fast.,domestic
BD7B1D82-87F,ACC38408562,C576786,15589.48,GBP,2026-08-31T01:04:30,wire,RS,Aaron Jones,High establish realize international idea commercial practice.,domestic
1053E7CC-AA7,ACC83534128,C567574,11302.26,GBP,2026-08-31T01:06:23,cash_deposit,CL,Tony Jones,Detail everyone third concern reach doctor fund.,
F2D656CD-600,ACC17275149,C296694,5499.48,CHF,2026-08-31T01:15:13,card,CF,Michael Rogers,Somebody grow example color.,
7F7CDF44-4B3,ACC65026398,C786587,43424.1,GBP,2026-08-31T01:33:39,sepa,NG,Travis Smith,Stay hotel ten never.,
99AFD5F7-FA9,ACC16150444,C793384,28639.99,USD,2026-08-31T01:36:04,cash_deposit,ID,Jessica Diaz,Yeah however data need newspaper.,
122365D3-C66,ACC61410126,C827659,25685.88,GBP,2026-08-31T02:21:05,wire,CZ,Kristen Wright,Maintain though church stop water.,domestic
3C19CF31-3C7,ACC95613415,C889359,9791.4,CHF,2026-08-31T02:33:50,card,AD,Nathaniel Craig,Answer base message discuss apply concern point help.,
FC699C91-81E,ACC89864260,C171262,4577.05,GBP,2026-08-31T02:35:07,wire,LS,Terri Carter,Film either authority to partner.,domestic
B274531A-A52,ACC36757737,C979995,18584.86,EUR,2026-08-31T02:49:30,swift,CO,Pamela Ball,Lose skin smile south decision similar bill somebody.,domestic
DF5A5165-6B8,ACC11698142,C990844,8457.51,CHF,2026-08-31T02:58:20,wire,LU,Dale Fletcher,Its fact represent way decision cause ball likely.,cross_border
97913A9B-8BE,ACC41348220,C997594,14073.08,GBP,2026-08-31T03:25:58,swift,RO,Luis Warren,Officer guy defense situation rest guy teach.,domestic
07AC63D7-28A,ACC32775593,C790855,1781.95,USD,2026-08-31T03:58:17,wire,JP,Karen Palmer,Act brother later than media social skill sound.,cross_border
9C7CBC91-168,ACC50079111,C890075,9997.31,GBP,2026-08-31T04:15:39,card,ID,Ricky Burke,Ask itself such floor fund economy.,
03FE893D-610,ACC41329612,C377405,47711.35,CHF,2026-08-31T04:44:21,cash_deposit,DE,Karen Smith,See amount Congress.,
9B96A709-73C,ACC49172995,C633590,7458.37,USD,2026-08-31T05:18:38,wire,GA,Randy Decker,North ahead something lose avoid score describe.,cross_border
18A2D2CF-CC9,ACC22489409,C408528,28397.73,GBP,2026-08-31T05:25:48,card,SZ,Amanda Diaz,During yet until budget magazine low this.,
BEE158CC-F5A,ACC31980274,C426147,19470.78,USD,2026-08-31T05:32:23,wire,US,Andrew Cruz,Current result pattern audience certainly old yourself.,cross_border
108F0499-7B6,ACC72732043,C233827,14299.2,GBP,2026-08-31T05:46:32,wire,RS,Edward Shaffer,Yes thought whom keep avoid.,cross_border
9B3E06A6-463,ACC50071487,C978157,29762.67,CHF,2026-08-31T05:52:52,cash_deposit,JM,Gabrielle Rangel,Age teacher join speech present which option over.,
BA312268-2BE,ACC68186525,C479781,43968.29,USD,2026-08-31T06:09:34,wire,LS,Angela Jones,When list class evidence situation feeling school establish.,cross_border
C12BE61D-2EC,ACC65682626,C527398,8875.57,GBP,2026-08-31T06:37:38,cash_deposit,TJ,Melissa Morris,Suggest home technology chance.,
1C0F9F18-460,ACC21490777,C353080,16305.99,USD,2026-08-31T06:48:31,cash_deposit,MM,Kevin Williams,Cup let almost peace increase.,
C82EE74A-CF3,ACC52091325,C159942,36597.9,EUR,2026-08-31T07:07:06,wire,AT,Vincent Weaver,At hit class nothing soon.,domestic
E8D6D1BE-B9B,ACC34391257,C152727,9981.61,GBP,2026-08-31T08:21:31,sepa,KP,Margaret Townsend,Cultural growth argue loss store.,
D89AF7C5-35A,ACC63640499,C355836,19711.77,GBP,2026-08-31T08:33:24,wire,BS,Melissa Ochoa,Member by less organization.,domestic
B22EA2DC-CA7,ACC39587039,C571029,36072.79,CHF,2026-08-31T08:43:47,card,WS,Cheryl Wright,Fear walk word side relate real major.,
9956F1B7-082,ACC82287061,C607868,16818.37,CHF,2026-08-31T08:46:45,wire,CH,Timothy Maddox,Usually human campaign debate yeah science.,cross_border
D192A25A-1BB,ACC76344695,C992288,47821.09,EUR,2026-08-31T08:52:50,swift,ME,Jennifer Gardner,Kitchen class last gun.,cross_border
5B56C348-18C,ACC64830300,C572387,20891.09,CHF,2026-08-31T09:21:44,wire,KM,Shawn Frye,Field population find number color sea.,cross_border
612D104D-D07,ACC40742311,C961722,9996.17,GBP,2026-08-31T09:26:06,swift,IL,Benjamin Krause,Particular condition man century shoulder.,domestic
0B548D5F-AFB,ACC52091325,C159942,7803.47,USD,2026-08-31T09:41:04,crypto,TL,Lauren Wright,Wait staff feeling first.,
E569BEF7-058,ACC83089925,C335729,4853.9,CHF,2026-08-31T10:25:36,cash_deposit,MN,Hannah Donaldson,Treatment water kitchen trial remember.,
8948BD7C-A93,ACC97971488,C623481,19246.05,USD,2026-08-31T10:34:39,sepa,JO,Zachary Morales,Person when response official option.,
30F54FF5-D5D,ACC21819185,C429795,40298.07,USD,2026-08-31T10:44:52,card,BB,Grant Perez,Southern page much security purpose return.,
EC217741-520,ACC93955206,C321275,43544.93,GBP,2026-08-31T10:52:16,wire,SI,Michelle Quinn,Better song positive gun upon believe himself.,domestic
CDE3228E-511,ACC84903294,C901577,27708.51,GBP,2026-08-31T11:03:55,card,GY,Michael Abbott,Protect well before generation contain miss wish debate.,
EC4A808D-6AC,ACC95758349,C632323,32694.11,EUR,2026-08-31T11:09:01,cash_deposit,MN,Michelle Jones,Technology within sing.,
2B952C2C-7C5,ACC81621574,C498468,3040.39,USD,2026-08-31T11:28:49,wire,CY,Lauren Graves,Fine anything important glass.,cross_border
2F6285E8-428,ACC32097220,C497382,12303.23,CHF,2026-08-31T12:21:20,swift,GN,Kim Shaw,American job world house character would money own.,domestic
2B45EBF9-33D,ACC73481797,C839485,4758.54,USD,2026-08-31T12:38:15,card,NL,Rachel Frye,Use event debate article though.,
2F33AE1F-47C,ACC42194159,C282256,15097.45,USD,2026-08-31T12:45:02,crypto,SC,Dennis Mcdonald,Article thank wall.,
61AA3FEC-A2B,ACC41244663,C205907,5661.7,CHF,2026-08-31T13:08:43,sepa,BN,Erica Glass,Both including half couple.,
2BBFDD50-84A,ACC35487660,C411120,46660.29,GBP,2026-08-31T13:10:41,cash_deposit,NZ,Charles Hahn,Mention avoid apply religious yet this.,
1CFFF443-F56,ACC82383095,C891952,37.14,CHF,2026-08-31T14:01:41,crypto,CY,Jeremy Hill,Read important play success wait.,
A455005C-D23,ACC95320121,C974628,35798.52,GBP,2026-08-31T14:33:22,swift,VE,Lisa Carlson,Reach grow read live maybe.,cross_border
5C0F9962-3A1,ACC72409658,C563246,24525.84,EUR,2026-08-31T14:46:37,cash_deposit,DJ,Lisa Harrison,Gun radio peace church theory level.,
4F435F45-13B,ACC71662963,C662275,45872.25,EUR,2026-08-31T14:49:33,wire,FR,Candace Mitchell,Chair artist six daughter must.,domestic
F0599BF4-E10,ACC65177213,C589710,27589.05,USD,2026-08-31T15:07:23,swift,OM,Philip Gonzalez,Himself hour among field well create notice individual.,cross_border
DF055202-CA1,ACC73123515,C120324,9990.57,EUR,2026-08-31T15:25:11,wire,SM,Alexander Goodman,Big against require station manage.,cross_border
AAF63887-E31,ACC47333543,C290305,7204.65,USD,2026-08-31T15:43:41,wire,PY,Michael Garza,Wonder major reflect reveal thank trip.,domestic
6707818F-864,ACC45551614,C246413,34218.72,GBP,2026-08-31T16:01:16,sepa,TH,Sarah Russo,Prove relationship unit just lead success book black.,
66A29894-BF8,ACC89864260,C171262,17128.72,GBP,2026-08-31T16:26:00,cash_deposit,WS,Keith Hull,Form even now provide office heavy.,
BA75DD44-289,ACC36786211,C956253,38622.27,USD,2026-08-31T17:16:36,crypto,BI,Alison Padilla,Professional trial purpose.,
371FE7F1-F9A,ACC35487660,C411120,17352.61,GBP,2026-08-31T17:19:17,swift,KW,Angela Thompson,Throw project consider.,domestic
1DDA7435-ADD,ACC68802946,C832168,33054.33,EUR,2026-08-31T17:24:08,crypto,LT,Alyssa Nguyen,Military space add production event.,
B4536549-2B8,ACC94120751,C350867,47747.53,CHF,2026-08-31T17:39:36,cash_deposit,MV,Franklin Thompson,Eye condition me TV them than.,
2C268ABA-070,ACC22660194,C201639,36340.96,USD,2026-08-31T17:41:59,cash_deposit,BY,Shelly Wheeler,Fine town trade not give.,
192ED4F6-D10,ACC21819185,C429795,46058.19,CHF,2026-08-31T17:46:20,swift,SY,Rebecca Hamilton,Board forget glass no.,cross_border
8699908A-E11,ACC82287061,C607868,34176.58,USD,2026-08-31T18:21:20,cash_deposit,LA,Carlos Davidson,Property thought different.,
4A8412A5-362,ACC21490777,C353080,35434.97,GBP,2026-08-31T18:25:23,sepa,MY,Vickie Stokes,Family service three.,
6D827641-C5F,ACC41068214,C402099,32594.12,CHF,2026-08-31T18:28:58,crypto,KN,Jodi Harris,Attorney employee see.,
6C9F2879-8C1,ACC52091325,C159942,30573.2,GBP,2026-08-31T18:31:06,cash_deposit,GQ,Dr. James Joseph DDS,Return wall trouble friend current.,
65709A8D-22A,ACC87049595,C398151,43107.36,GBP,2026-08-31T18:33:51,card,CH,Brandon Martin,Arrive provide if tell.,
67C6C969-A88,ACC49392920,C555884,20832.67,USD,2026-08-31T20:06:36,cash_deposit,CG,Tommy Dawson,Floor answer American appear seat.,
A265EA16-955,ACC99038526,C208618,10961.38,CHF,2026-08-31T20:17:26,card,IT,Robert James,Politics free miss start.,
CE9C319C-810,ACC58181396,C988662,12526.96,GBP,2026-08-31T20:30:55,wire,LI,Lisa Davis,Deep station scientist service test start.,domestic
8F0BFB04-819,ACC75181648,C604740,16847.05,USD,2026-08-31T20:49:58,card,KN,Emily Contreras,First common eight participant.,
5FC2B616-C2D,ACC89864260,C171262,15949.73,EUR,2026-08-31T21:01:34,wire,TR,Deborah Fox,Commercial different order matter campaign reveal rich.,domestic
4C2AD286-533,ACC15614174,C423232,11613.33,EUR,2026-08-31T21:01:50,swift,KW,Tammy Estrada,Drop understand as.,domestic
67569F17-140,ACC63640499,C355836,19160.93,USD,2026-08-31T21:11:41,wire,CD,Lauren Christian,Whose consumer course crime new.,cross_border
40FE1CBB-9F2,ACC22534217,C958179,16493.01,USD,2026-08-31T21:29:50,card,TH,James Joseph,Method man feeling third minute.,
827917E9-92E,ACC64038913,C863587,31949.43,EUR,2026-08-31T21:59:09,card,BI,Ashley Hayes,Matter strong movement member.,
97443D12-D87,ACC36786211,C956253,6237.22,GBP,2026-08-31T22:04:41,wire,GH,Tracy Hall,Star send partner avoid couple page.,cross_border
318FC803-A1A,ACC65692629,C456385,4417.49,EUR,2026-08-31T23:18:25,card,GR,Heather Lee,Stand again PM individual law.,
DD020A96-B1E,ACC21631697,C392477,12321.2,EUR,2026-08-31T23:23:29,swift,LB,Morgan Taylor,Plant far determine than receive town.,domestic
27808B71-8A9,ACC73481797,C839485,3164.92,EUR,2026-08-31T23:28:42,wire,KE,Barbara Cooper,Group design list food say traditional.,domestic
D8C0C888-6AD,ACC38408562,C576786,41219.96,USD,2026-08-31T23:50:13,card,BS,Joshua Williams,Stock base stop represent all.,
1AFC2D0B-5CD,ACC61410126,C827659,3142.73,EUR,2026-09-01T00:09:30,cash_deposit,BY,April Brown,Already know improve chance similar.,
F67C9D0C-C99,ACC65692629,C456385,25027.6,GBP,2026-09-01T00:19:45,card,KR,Anne Johnson,Late fly dark possible close sign on.,
77A0E9C4-9BC,ACC45570755,C455007,42704.27,USD,2026-09-01T00:24:13,wire,LV,Amy Walsh,South personal huge property middle.,domestic
6B7F9229-177,ACC83793389,C273148,4474.86,GBP,2026-09-01T00:26:52,cash_deposit,GD,Lisa Watson,Center model daughter pass.,
23C5125E-C14,ACC70467027,C564226,38300.28,CHF,2026-09-01T00:42:42,cash_deposit,SE,Brent Chang II,Couple Congress foot rich.,
94B2D094-B4F,ACC64247457,C639593,47585.41,GBP,2026-09-01T01:00:23,card,RU,Scott Johnson,It toward beat generation picture really.,
221272B3-B22,ACC32097220,C497382,33034.04,CHF,2026-09-01T01:21:32,wire,BY,Devin Black,Skin style performance try.,cross_border
4FAA4969-5C0,ACC83534128,C567574,4500.52,GBP,2026-09-01T01:24:02,wire,MX,Teresa Hodge,Itself member if crime price clear western.,domestic
4AB4CE30-BFB,ACC81503856,C549186,17653.5,GBP,2026-09-01T01:31:04,sepa,PS,Pamela Clark,Second city home agent.,
D7226E40-38F,ACC54058573,C392136,44241.11,CHF,2026-09-01T01:34:27,swift,MM,Donald Jimenez,Probably receive area thousand.,domestic
32A5B9D4-E0B,ACC34391257,C152727,47670.34,GBP,2026-09-01T01:48:32,card,CG,Robert Singleton,War area wide you seek recent growth.,
D3D72CC9-5DD,ACC34391257,C152727,7025.12,GBP,2026-09-01T01:59:20,crypto,IE,Heather Stone,Wish add threat.,
10A47762-84D,ACC53536830,C934816,44957.13,GBP,2026-09-01T02:07:51,wire,LC,David King,Hair nothing the material.,cross_border
5143C0E0-FA6,ACC71662963,C662275,38678.64,GBP,2026-09-01T02:08:18,cash_deposit,PH,Melissa Mendoza,Power someone both receive around wall.,
8815B871-6CC,ACC41244663,C205907,23544.34,GBP,2026-09-01T02:12:46,crypto,VA,Patrick Lamb,Could attention carry book lay laugh.,
64973177-1C5,ACC99508850,C528231,22623.0,EUR,2026-09-01T02:33:03,wire,TJ,Patrick Wells,Almost real common main now Republican office.,domestic
62981AA9-B56,ACC65177213,C589710,36656.75,USD,2026-09-01T03:18:49,wire,DO,Alicia Wagner,Hour cold light suffer.,cross_border
877BEC47-CA2,ACC41244663,C205907,40273.44,USD,2026-09-01T03:29:34,card,SR,Brandy Fry,Computer our piece player nor model police.,
5967F76F-2B3,ACC19943140,C705050,25052.71,GBP,2026-09-01T03:42:18,card,AF,Tammy Crane,Save citizen create thus agreement keep recognize.,
91B83213-A81,ACC55728776,C293319,40540.31,GBP,2026-09-01T03:46:36,cash_deposit,BD,Kenneth Melton,Once first sometimes few billion able skin next.,
95B8B834-EB8,ACC51098277,C796212,40927.14,EUR,2026-09-01T03:48:48,crypto,US,Alan Evans,Put toward sport.,
5B822519-E5A,ACC83089925,C335729,44626.31,GBP,2026-09-01T03:50:43,wire,IE,Laurie Wilson,Bank black enjoy coach sing compare.,cross_border
DF2F9F57-C98,ACC23492385,C973074,9987.99,EUR,2026-09-01T03:52:54,card,BY,Amanda Ramos,Hear believe southern democratic concern none.,
ECADD80E-BE5,ACC77827638,C731262,34491.34,CHF,2026-09-01T04:22:16,card,DK,Jose Guerra,Watch develop later glass.,
785280E0-CEE,ACC32329103,C827712,364211.54,CHF,2026-09-01T04:46:00,sepa,BW,Anthony Lowery,Them movie image room.,
C0BEFD6F-42B,ACC15614174,C423232,32422.05,USD,2026-09-01T05:11:22,card,GA,Michael Shelton,Personal movie rich drive interest.,
F43295E4-BDA,ACC71070189,C399105,21482.43,EUR,2026-09-01T05:19:00,swift,AL,Zachary Ortiz,Table police interesting challenge book.,cross_border
03DA5BCF-09D,ACC41348220,C997594,1055.69,CHF,2026-09-01T05:20:03,wire,TV,Jennifer Brown,Information situation claim within through away.,cross_border
C9361312-151,ACC61642594,C500156,9297.69,GBP,2026-09-01T05:26:43,card,GD,Hunter Robinson,Throughout mother kind.,
E28C445D-000,ACC61642594,C500156,31636.75,USD,2026-09-01T05:54:43,wire,CM,Michelle Mendoza DVM,Factor whom arrive special check respond summer.,domestic
1170AF25-58B,ACC95132217,C544151,7416.91,EUR,2026-09-01T05:55:24,card,KG,Jasmine Preston,Effort none really specific explain save campaign special.,
8BFC2EFA-E0C,ACC53536830,C934816,36763.87,GBP,2026-09-01T06:02:08,wire,ID,Laura Floyd,Free region serve spring buy tell student.,cross_border
74F79547-00E,ACC90267122,C141797,24555.66,EUR,2026-09-01T06:02:37,crypto,RO,Stephanie Ellis,Give customer eat very including.,
A4C687F0-749,ACC82383095,C891952,49962.1,EUR,2026-09-01T06:38:08,card,KR,Autumn Owens,Not leg break bed.,
9F3330D9-034,ACC68461818,C965845,13401.88,CHF,2026-09-01T06:42:28,card,KE,Douglas Perry,Power whom section wife.,
3F38E9DC-E4A,ACC82498004,C184491,48593.21,USD,2026-09-01T06:44:04,cash_deposit,RU,Daniel Warren,Get sea suggest add baby.,
06BFD2EE-480,ACC68802946,C832168,22175.69,EUR,2026-09-01T06:54:54,card,KZ,Olivia Boyer MD,Service discussion political above image recently.,
2CC31700-AE8,ACC41329612,C377405,47227.25,EUR,2026-09-01T07:24:04,card,TZ,Chelsea Mason,School common focus really.,
FE185561-6FE,ACC92874006,C171744,461872.89,GBP,2026-09-01T07:26:37,swift,PW,Ricky Rangel,Yourself build clearly movie their.,domestic
81BF89FC-932,ACC97260863,C171951,18876.45,EUR,2026-09-01T07:45:03,wire,SK,Jennifer Prince,Forward large image history.,cross_border
0ACF5020-1E0,ACC88320463,C518801,9990.01,CHF,2026-09-01T07:57:06,card,ZA,Michael Braun,Pass quite third ability interview pull practice.,
51E8A288-5B1,ACC19289546,C897549,42432.33,CHF,2026-09-01T08:06:10,crypto,KZ,David Daniels,Number although ever environmental economy president.,
11CA6C02-B65,ACC76344695,C992288,376656.77,CHF,2026-09-01T08:11:10,card,PG,Shawn Richmond,Amount do family kid base police field.,
1EAC4DD4-209,ACC69302158,C678478,29313.76,GBP,2026-09-01T08:14:47,sepa,TD,Daniel Hatfield,Meeting what inside conference American red.,
05C66ECF-23B,ACC24508349,C501124,45042.61,GBP,2026-09-01T08:34:20,cash_deposit,BY,Damon Kent,Above stuff four despite security hear thing.,
922B81ED-7B1,ACC16150444,C793384,37977.07,GBP,2026-09-01T08:53:44,crypto,TR,William Moon IV,Seek campaign moment institution vote.,
027C782D-5DB,ACC86320155,C751194,15561.89,CHF,2026-09-01T09:11:31,swift,KM,Tina Mayer,Common indeed still nothing.,domestic
35D28E46-E4F,ACC94560158,C738448,28544.17,GBP,2026-09-01T09:24:12,card,BF,James Lyons,Scene institution toward which.,
91C9750A-827,ACC66722344,C456778,15347.25,GBP,2026-09-01T09:52:35,card,KG,Travis Hobbs,Personal interview many win.,
1C92097A-50A,ACC32775593,C790855,8591.54,CHF,2026-09-01T09:56:01,card,MH,Sarah Brock,Decade clear brother term physical ground behavior.,
CE3DFBE7-026,ACC75181648,C604740,10210.06,GBP,2026-09-01T10:35:39,card,CU,Timothy Dunn,Happen film under deep agree walk thousand.,
71D0827C-EDA,ACC95320121,C974628,20169.82,CHF,2026-09-01T11:33:51,card,SC,Lori Johns,Want we difficult.,
0B33498F-CCB,ACC16927215,C313446,15889.16,USD,2026-09-01T11:41:14,card,SY,Thomas Morgan,Picture into each name federal.,
841E7256-135,ACC16150444,C793384,20727.98,USD,2026-09-01T11:42:03,card,BT,Heather Foster,Customer address region try near risk next on.,
53B4FF94-481,ACC54769200,C908577,36288.8,GBP,2026-09-01T11:49:56,wire,ML,Patrick Miller,Factor stop chance behavior end sit leader.,domestic
0B86F790-15F,ACC90267122,C141797,32839.97,CHF,2026-09-01T12:03:12,sepa,PG,Brandon Knight,Already find than up.,
B520BF7C-FA0,ACC19289546,C897549,32197.53,GBP,2026-09-01T12:05:59,card,LT,Nicolas Powers,Religious fire under item.,
3AB0E4F9-01E,ACC52091325,C159942,10385.48,CHF,2026-09-01T12:16:35,swift,PH,Jacob Love,Enter his value experience.,domestic
576AAA65-6A4,ACC42614537,C922733,35342.27,GBP,2026-09-01T12:20:17,card,FI,Helen Strickland,East plan force station lot certainly evening.,
33BB457C-B09,ACC72732043,C233827,44568.15,CHF,2026-09-01T12:36:40,crypto,MW,James Massey,Discuss here fall tough well.,
9A479A6B-532,ACC53536830,C934816,39020.22,EUR,2026-09-01T12:39:48,swift,DK,Tim Barnes,Seat network never tax rule interesting family argue.,cross_border
BCC77552-022,ACC50079111,C890075,8433.34,EUR,2026-09-01T13:01:05,cash_deposit,PA,Jennifer Perez,Officer team choose tend realize turn color.,
1B4095CA-859,ACC16150444,C793384,28138.56,CHF,2026-09-01T13:01:52,crypto,LY,Victor Gibson,Offer end imagine blood authority family.,
084FBC4E-55B,ACC81691040,C864544,47945.25,CHF,2026-09-01T13:21:41,sepa,JO,Patricia Lambert,Chance event address performance method.,
1F06917B-3A8,ACC68571795,C735656,48114.13,GBP,2026-09-01T13:27:46,swift,SY,Michael Day,Thank finally book white later.,cross_border
FD5CE3EF-B7F,ACC36726767,C254511,43368.11,GBP,2026-09-01T13:37:56,wire,US,Tina King,Buy control citizen opportunity professor culture second.,domestic
2C29171E-DBA,ACC63640499,C355836,909.29,EUR,2026-09-01T13:38:56,wire,TL,Diana Leblanc,Professional between clear help measure whatever.,cross_border
48ACFC27-6A4,ACC22660194,C201639,5149.74,EUR,2026-09-01T14:23:30,card,TV,Jennifer Baker,Physical majority blue join finish cause.,
557775F1-00A,ACC45935572,C169403,48303.11,CHF,2026-09-01T14:31:00,card,NO,Jake Chavez,Money but report question mouth factor per.,
88517481-78A,ACC76344695,C992288,12560.59,CHF,2026-09-01T14:31:54,card,GY,Andrea Obrien,Owner population edge event.,
433A1DF7-F2C,ACC95822412,C216739,5426.22,EUR,2026-09-01T14:54:13,card,DZ,Kelly Sims,Key require doctor from throw.,
4C36B4D6-691,ACC24508349,C501124,33232.53,GBP,2026-09-01T14:57:46,cash_deposit,FM,Ricky Munoz,Fund public investment every.,
C50E3D7A-63B,ACC70467027,C564226,18419.68,EUR,2026-09-01T15:37:44,card,CH,Lindsey Salazar,Chance even behavior carry program bag green.,
A14449BA-CAE,ACC34391257,C152727,32913.52,GBP,2026-09-01T16:39:24,cash_deposit,JP,Jason Diaz,Parent service edge final walk my continue.,
505BE77C-F0E,ACC73083727,C464863,27227.33,USD,2026-09-01T16:45:03,wire,PE,Jesse Brooks,Task ok send change he maintain.,domestic
B90B8C78-9FA,ACC68802946,C832168,4746.29,GBP,2026-09-01T16:58:03,cash_deposit,DJ,Samuel Lopez,Between bad Congress development group wear remember.,
5F2EDDC6-2B0,ACC94560158,C738448,4286.05,USD,2026-09-01T17:07:45,swift,BF,Melissa Freeman,Fear land per base once audience traditional that.,domestic
F941CC3C-EA7,ACC68461818,C965845,37090.28,EUR,2026-09-01T17:17:17,cash_deposit,RU,Thomas Trevino,Standard road upon doctor resource land popular.,
51B9AB49-546,ACC19289546,C897549,9981.71,CHF,2026-09-01T17:33:51,sepa,CU,Audrey Gomez,Season develop avoid church.,
73B58485-D3A,ACC65177213,C589710,2988.27,GBP,2026-09-01T17:42:17,card,NZ,Charlotte Ortiz,Minute discussion begin appear.,
7AD27FBE-017,ACC83793389,C273148,37327.35,CHF,2026-09-01T17:48:30,sepa,TJ,Dr. Joseph Sanchez,Year road week.,
500364F1-CFE,ACC83932360,C114338,34264.27,EUR,2026-09-01T17:49:21,crypto,GW,Thomas Garcia,Site politics thing usually section film agent.,
516E60C6-E9C,ACC77827638,C731262,33918.56,CHF,2026-09-01T17:49:56,card,CI,Renee Bruce,Party poor ago upon stop environment Congress reflect.,
E0C70464-E86,ACC90014570,C835244,5001.62,CHF,2026-09-01T17:53:30,cash_deposit,RS,Jennifer Dean,Week keep hear area draw claim bring.,
1EA8D848-FC6,ACC58884978,C552248,15095.54,EUR,2026-09-01T18:56:56,cash_deposit,RU,Jennifer Johnson,Agency new follow arrive can responsibility.,
94547B40-30A,ACC19289546,C897549,10469.38,EUR,2026-09-01T19:03:14,cash_deposit,BH,Janet Smith,His and day continue issue appear.,
45426F07-649,ACC84903294,C901577,9985.26,EUR,2026-09-01T19:23:08,wire,DE,Lisa Rivas,Dinner letter type trouble.,cross_border
F00B6125-0BB,ACC69476001,C947272,14873.73,CHF,2026-09-01T19:24:51,wire,KH,Mark Jones,Approach imagine concern picture cultural old.,domestic
63B8A9AB-8CE,ACC81691040,C864544,22537.79,GBP,2026-09-01T19:49:04,crypto,GB,Blake Wu,Early piece professional protect.,
4C4DC87D-F91,ACC35848226,C430876,9780.65,USD,2026-09-01T20:09:29,wire,CF,Alex Rodriguez,Particularly budget set student knowledge focus evidence decade.,domestic
DD637AEB-67D,ACC46817443,C147726,32844.02,EUR,2026-09-01T20:19:47,card,KR,Chelsey Solis,Off pretty travel I outside decade appear.,
88983D91-E2C,ACC72409658,C563246,39443.92,USD,2026-09-01T20:22:15,card,MG,Teresa Mejia,Modern hear mother cup move understand oil.,
33380F07-13B,ACC22130508,C555052,7079.54,CHF,2026-09-01T20:34:26,swift,SC,Eric Bailey,Campaign imagine call help.,domestic
95A5BC4E-C4A,ACC86320155,C751194,21619.52,USD,2026-09-01T20:45:26,card,NA,Jody Jones DVM,Economic subject maintain also another guess husband.,
3D2BCE98-410,ACC13471527,C195763,19672.78,GBP,2026-09-01T20:56:30,swift,SC,Kathryn Washington,Production Mrs son executive share million usually away.,domestic
23F0996E-38F,ACC47333543,C290305,35184.75,USD,2026-09-01T21:08:14,cash_deposit,ER,Billy Lopez,There order effort box cold boy.,
3602EB3B-65A,ACC88961459,C680828,21317.73,EUR,2026-09-01T21:38:34,wire,CA,Morgan Conway,Forget project economy ground actually require magazine.,cross_border
B07DBA67-BC7,ACC58884978,C552248,9523.83,CHF,2026-09-01T21:38:34,card,PK,Christina Powell,Can pretty make.,
7E4EB253-C92,ACC73123515,C120324,15435.74,USD,2026-09-01T22:04:23,card,PL,Amy Warren,Bill reach and or space space read.,
6E28C4AE-90C,ACC85146293,C526117,13126.89,CHF,2026-09-01T22:12:00,cash_deposit,IR,Shannon Carter,Interesting concern seat establish course south.,
7374B036-53F,ACC49172995,C633590,46197.31,EUR,2026-09-01T22:13:12,crypto,KE,Manuel Hill,Yeah thousand stage fly big couple chair.,
AB929FE1-98C,ACC95132217,C544151,44038.5,GBP,2026-09-01T22:29:31,sepa,TG,Victoria Carpenter,Audience social inside finish dark.,
3647BF32-6BD,ACC15614174,C423232,32107.24,GBP,2026-09-01T22:46:13,cash_deposit,BI,Jeffrey Dunn,Production industry until method program their media.,
61FCB8EA-39B,ACC17634247,C632496,28541.54,CHF,2026-09-01T23:09:08,card,TH,Daniel Ochoa,School computer threat measure leave.,
FB490A8A-560,ACC81691040,C864544,42937.1,USD,2026-09-01T23:26:00,swift,VE,David Figueroa,Company option character land space end red machine.,domestic
6901F3BB-063,ACC67110154,C882169,27542.04,EUR,2026-09-01T23:27:32,sepa,RU,Marcus Thompson,Key now pick.,
F48EBD8C-7F4,ACC49392920,C555884,39997.19,USD,2026-09-01T23:49:20,sepa,CU,Sharon Gamble,Project investment listen situation billion.,
834C586D-BBE,ACC44188276,C146542,363996.54,CHF,2026-09-02T00:09:10,swift,BG,Duane Bailey,Kid always soldier quite hand.,domestic
D3E179CA-399,ACC67110154,C882169,11965.2,GBP,2026-09-02T00:19:01,crypto,LR,Rebecca Rogers,Management development baby own father.,
B098A35F-7A4,ACC73083727,C464863,31362.88,EUR,2026-09-02T00:19:18,wire,IR,Michael Morrison,Hour direction watch between administration east.,cross_border
CBE97861-BE1,ACC75181648,C604740,9989.62,GBP,2026-09-02T00:25:41,crypto,CN,Theresa Rodriguez,End tell still range politics develop.,
EF234032-E74,ACC42614537,C922733,5367.13,CHF,2026-09-02T00:28:15,cash_deposit,CU,James Price,Senior eight cultural today hotel.,
8516D585-83F,ACC88183110,C679364,25988.82,GBP,2026-09-02T00:46:40,card,DK,Victoria James,Cultural learn customer reason camera because.,
D673C51D-9EA,ACC42614537,C922733,14118.35,EUR,2026-09-02T00:49:25,card,IT,Christina Adams,White could ready special yet.,
685A7DDC-DD6,ACC41068214,C402099,15615.44,GBP,2026-09-02T00:57:12,wire,NA,Ashley Miranda,Safe goal enough science week.,domestic
8C2D1431-7C9,ACC83932360,C114338,25577.39,CHF,2026-09-02T01:01:22,cash_deposit,PA,Monique Alvarez,Person project quite customer recognize table available.,
72A142BD-A25,ACC38408562,C576786,9975.57,GBP,2026-09-02T01:07:35,swift,EG,Evan Robinson,Anyone adult after back time least bill.,domestic
1714A7B8-4B5,ACC51098277,C796212,26683.32,GBP,2026-09-02T01:08:49,card,VE,Robert Werner,Today her food rest.,
4E426D14-E72,ACC82498004,C184491,36844.07,EUR,2026-09-02T01:22:19,card,NA,Jennifer Gould,Behind seat first laugh she green.,
01595023-ABE,ACC90014570,C835244,28906.04,CHF,2026-09-02T01:43:22,card,AG,Tyler Wood,Right dog response catch shake beat fight.,
8D4B6004-B0A,ACC61410126,C827659,32518.58,USD,2026-09-02T01:55:13,card,YE,Daniel Wright,Bring adult how similar forget window.,
6AC373E8-464,ACC96098221,C634150,3445.35,GBP,2026-09-02T02:03:30,card,FR,Daniel Lambert,Air bag development.,
37DE4976-802,ACC81691040,C864544,4385.17,EUR,2026-09-02T02:25:43,crypto,DO,Lindsey Anderson,If research blood news.,
8E283E52-769,ACC58884978,C552248,11426.76,GBP,2026-09-02T02:33:31,sepa,AR,Karen Gentry,Carry treat door child.,
8E58ACF9-A34,ACC95758349,C632323,5954.92,USD,2026-09-02T02:45:58,card,MK,Kathryn Edwards,Rise wind reflect best imagine scientist.,
0DBAE7C1-ADF,ACC89864260,C171262,13922.99,CHF,2026-09-02T03:39:57,card,IR,Joy Dorsey,According anyone cell why less fill name.,
6D8633AA-A23,ACC45551614,C246413,17403.03,EUR,2026-09-02T04:03:07,card,BA,Anthony Jones,High human concern whole tend become system clear.,
ADE12596-3AE,ACC67062156,C329471,23705.34,GBP,2026-09-02T04:10:51,swift,UY,Julie Smith,Business determine agency kitchen personal.,domestic
8A7B1628-EB6,ACC32775593,C790855,15604.96,USD,2026-09-02T04:13:17,swift,BI,Tiffany Steele,Everybody market up standard argue.,domestic
4E959357-E98,ACC76344695,C992288,20709.38,CHF,2026-09-02T04:26:19,wire,CM,Stephen Hayes,Single mother site.,cross_border
1487F5CA-C3A,ACC82383095,C891952,270845.79,GBP,2026-09-02T04:36:45,card,LR,Monica Coleman,Move get prove wife agree those.,
73DDDCB3-728,ACC68942178,C230394,9007.58,USD,2026-09-02T04:39:07,swift,IQ,Julia Smith,Marriage over century describe test popular.,domestic
1E9E9531-305,ACC25228493,C583863,581.09,EUR,2026-09-02T04:59:21,cash_deposit,SC,Amanda Ayala,Language recent news whose because.,
1FFA3EF9-28F,ACC46361787,C421517,7179.17,EUR,2026-09-02T05:05:57,card,DJ,Benjamin Klein,Pay child from describe tonight after across.,
691F96EC-10A,ACC73771720,C740967,2500.03,CHF,2026-09-02T05:41:26,card,CY,Regina Taylor,Consumer get those join specific.,
83960799-443,ACC83932360,C114338,42028.27,EUR,2026-09-02T05:46:39,crypto,CR,Donna Walters,Fill believe administration occur.,
3B71B30B-5CF,ACC67062156,C329471,42323.03,GBP,2026-09-02T05:49:03,swift,KR,Justin Miller,Draw treat learn cost bag group.,cross_border
33AF27C4-E9C,ACC90267122,C141797,40001.54,CHF,2026-09-02T05:50:55,swift,ZA,Devin Oneal,Republican open if major.,cross_border
14DADFD4-B3F,ACC81503856,C549186,24970.69,USD,2026-09-02T05:50:58,cash_deposit,SD,Jordan Cook,Each share simple leg.,
A55740E2-EEB,ACC31980274,C426147,17469.6,EUR,2026-09-02T05:57:47,card,SG,Morgan Craig MD,They that newspaper serve material whatever act.,
85DE269A-DEF,ACC76500726,C402218,38145.37,GBP,2026-09-02T06:15:09,card,PL,James Bowen,Manage road treat control sign.,
A85BA258-BB0,ACC21819185,C429795,44448.23,EUR,2026-09-02T06:38:05,swift,VN,Kathryn Stanton,Late model quite himself on impact world.,cross_border
8E8FCDEB-A7C,ACC76481885,C138817,42276.61,EUR,2026-09-02T06:45:10,swift,KR,Eric Glover,Tough leg development chair no clear discuss window.,domestic
F538AD64-FAA,ACC99038526,C208618,12667.68,EUR,2026-09-02T07:03:30,wire,AU,Kristy Robinson,Admit might offer focus.,domestic
52073639-2EA,ACC31980274,C426147,35297.03,CHF,2026-09-02T07:12:03,sepa,GT,Paul Davis IV,Reveal represent second boy.,
75D8A1E0-A43,ACC94120751,C350867,3761.92,CHF,2026-09-02T07:14:07,cash_deposit,VE,Erik Sharp,Against arrive government against.,
C8B7484B-0C1,ACC77834855,C612262,42296.67,EUR,2026-09-02T07:17:44,card,MX,Mrs. Brittney Ayala,Year right character campaign last level.,
43F69FF2-647,ACC53536830,C934816,42515.39,GBP,2026-09-02T07:21:40,swift,RU,Anthony Clark PhD,Decade perhaps total voice medical return.,cross_border
887FD437-117,ACC86483924,C739979,35178.26,CHF,2026-09-02T07:32:55,card,SA,Timothy Crawford,Bit arm nation several resource debate music.,
5ECCE486-265,ACC97225156,C491559,31871.81,EUR,2026-09-02T08:36:56,card,GD,Jason Smith,Price ever leg so play best.,
71573BBF-30E,ACC45551614,C246413,37386.46,USD,2026-09-02T08:40:12,card,NA,Tiffany Moore,Make it south financial rate.,
1AE05E08-3F2,ACC41348220,C997594,43014.15,USD,2026-09-02T08:57:33,card,AU,Philip Wright,Deal region give no more teacher assume.,
F20FDEF6-798,ACC84093639,C407419,11169.63,EUR,2026-09-02T09:08:20,swift,BZ,Stephanie Stewart,Foreign process really charge note space when.,domestic
AB73E01B-009,ACC71070189,C399105,28048.66,CHF,2026-09-02T09:18:06,crypto,MN,Gina Thomas,Suddenly baby cause cover various.,
B2C06816-621,ACC49392920,C555884,14582.92,GBP,2026-09-02T09:33:29,swift,GH,Terry Garcia,Edge man free born.,cross_border
DBD4FB05-A8D,ACC42614537,C922733,9885.25,USD,2026-09-02T09:42:32,cash_deposit,CF,Jeremy Faulkner,Show daughter both hold blood value day.,
39E5BEDE-453,ACC99788677,C608993,34399.64,EUR,2026-09-02T09:45:31,wire,DZ,David Cooper,Most pressure why edge senior.,domestic
E25249A1-BE2,ACC75181648,C604740,46997.59,USD,2026-09-02T09:52:53,card,KN,Anthony Smith,Traditional if many trial policy happy.,
B8E301F6-0CC,ACC71070189,C399105,30828.26,CHF,2026-09-02T09:54:19,crypto,PE,Lisa Doyle,Radio per spring be just similar shake.,
8D2D9FBE-92F,ACC94120751,C350867,12011.25,CHF,2026-09-02T10:19:56,card,NL,Dana Zhang,Law these through law.,
01E2CB24-5A0,ACC16150444,C793384,380164.85,USD,2026-09-02T11:09:53,crypto,SI,Richard Dixon,Past purpose growth pretty wish.,
8BC63475-296,ACC70467027,C564226,16826.14,GBP,2026-09-02T11:10:10,cash_deposit,BW,Joshua Baker,Station to pass between business main nothing.,
7AFB1F99-BF8,ACC68186525,C479781,11547.21,USD,2026-09-02T11:15:54,card,NE,Mr. Mark Taylor MD,Mission agency rest point on.,
1211F161-291,ACC68802946,C832168,9475.25,GBP,2026-09-02T11:32:46,cash_deposit,TR,Alec Miller,National bill stand star year president.,
7071EE58-5A2,ACC83089925,C335729,32866.85,USD,2026-09-02T12:10:12,card,OM,Nicole Austin,Discussion real move job personal mean behind.,
843DAE14-527,ACC76481885,C138817,48020.09,CHF,2026-09-02T12:27:14,card,NO,Brittany Lin,Despite second citizen her significant.,
ED750475-B8B,ACC90014570,C835244,34933.04,EUR,2026-09-02T12:44:53,cash_deposit,PT,Barbara Williams,On trouble tree scientist toward occur.,
D9CF49DB-D57,ACC52091325,C159942,3836.04,USD,2026-09-02T13:20:21,sepa,TT,Rachel Turner,Kid issue woman.,
F33B96BA-5F5,ACC38408562,C576786,33316.19,EUR,2026-09-02T13:27:41,card,GD,Kendra Evans,Listen look fill near sing.,
8AF3552E-846,ACC35714784,C299448,46885.81,GBP,2026-09-02T13:54:29,card,QA,Thomas Jones Jr.,May small fire light medical.,
A5D13DA2-E67,ACC94560158,C738448,29004.48,EUR,2026-09-02T14:00:36,cash_deposit,FR,Melissa Castro,Pressure provide onto general believe detail today plant.,
FA79994C-C3B,ACC19289546,C897549,49347.87,GBP,2026-09-02T14:06:43,cash_deposit,TW,Jeremy Wright,Break let five box recent relate.,
0C33CD77-865,ACC17275149,C296694,15686.04,GBP,2026-09-02T14:27:15,sepa,NR,Jennifer Smith,Quite station full material many marriage door.,
E6196FD1-4F9,ACC98231132,C712024,37760.93,EUR,2026-09-02T14:34:28,wire,CU,Gregory Garcia,Argue scientist hour probably water us attention response.,cross_border
CB1C7398-D2E,ACC65692629,C456385,5757.2,EUR,2026-09-02T14:35:18,card,RU,Michael Melton,Head back camera condition there citizen will.,
AB720ED6-B9C,ACC64038913,C863587,3899.66,GBP,2026-09-02T14:46:41,swift,TG,Sarah Frost,Night forget nation customer rate bag.,domestic
E0BD0777-29C,ACC31980274,C426147,20686.85,USD,2026-09-02T14:49:05,cash_deposit,CH,Amy Shaw,Again degree able heart girl outside natural page.,
C585FE90-69E,ACC35583290,C728492,18149.1,GBP,2026-09-02T15:10:14,cash_deposit,SG,Michele Shelton,Mouth many follow security.,
6C61547B-44C,ACC45551614,C246413,37307.96,CHF,2026-09-02T15:43:17,card,IQ,Janet Reynolds,Outside yet executive quality industry.,
70D2CEE0-FCE,ACC45935572,C169403,9147.39,EUR,2026-09-02T16:09:03,wire,MR,Amber Gomez,What peace claim movement consider compare remain.,domestic
58DCBBAF-9C4,ACC39958838,C246316,17557.66,USD,2026-09-02T16:19:03,card,RU,Jennifer Hodges,Lawyer fire follow.,
EF6931AC-3F8,ACC21267237,C773971,49320.81,EUR,2026-09-02T16:37:03,wire,SL,Sherri Jackson,State call direction color.,domestic
F59DB8DF-FBD,ACC98231132,C712024,27.68,USD,2026-09-02T17:08:48,swift,SR,Erika Harper,Join color summer stand move fine major bank.,domestic
E6868DA3-8FF,ACC39958838,C246316,11220.0,EUR,2026-09-02T17:13:58,cash_deposit,TN,John Torres,Wall matter management ball always it.,
2E71CA16-2D1,ACC55176955,C207175,40762.57,EUR,2026-09-02T17:22:19,cash_deposit,SO,Jim Newton,Near both box simple statement happen state.,
15C2E8CD-D10,ACC25480907,C373903,9995.03,EUR,2026-09-02T17:58:42,cash_deposit,VE,Robert Sullivan,Audience street admit cold service.,
2B23E0F4-F93,ACC68461818,C965845,10091.14,EUR,2026-09-02T18:04:56,sepa,EG,Russell Jones,She year specific let.,
548068D5-88C,ACC76481885,C138817,6323.54,USD,2026-09-02T18:05:38,sepa,CV,Sharon Thomas,Speech color join difficult.,
51B41204-301,ACC90585882,C944657,31653.27,CHF,2026-09-02T18:26:02,card,CD,Cheryl Zavala,Money employee black soon hospital.,
C4F3E95F-867,ACC32097220,C497382,27175.23,GBP,2026-09-02T18:29:41,sepa,FI,Richard Butler,Like science to use.,
7F3AC61A-0A0,ACC39587039,C571029,14396.59,GBP,2026-09-02T19:13:41,card,ER,Alexandra Bradley,Up friend lawyer political.,
2E17387D-DA5,ACC63121477,C237235,19070.72,EUR,2026-09-02T19:34:03,wire,ER,Ronnie Benson,Common between move perform along.,cross_border
3DCF309A-EC4,ACC34627347,C392075,23053.1,GBP,2026-09-02T19:45:44,wire,AZ,Amy Farrell,Daughter democratic wide station create.,domestic
9CE7F30F-B7C,ACC17774584,C352572,17958.62,CHF,2026-09-02T20:13:44,wire,GR,Danielle Warner,Their citizen explain move.,cross_border
10982C4D-FC8,ACC96098221,C634150,10117.21,USD,2026-09-02T20:38:20,swift,MR,Alexander Brown,Fast yeah medical season already nor.,domestic
6204CE72-743,ACC83089925,C335729,2852.91,EUR,2026-09-02T20:51:27,card,EC,Jeffrey Rhodes,Two away find impact hot hold nothing.,
F1E27674-0DF,ACC42194159,C282256,22547.35,USD,2026-09-02T20:59:43,wire,CN,Joshua Hess,Hundred heart our about.,cross_border
3755C794-7B4,ACC88183110,C679364,26499.13,EUR,2026-09-02T21:05:36,wire,GQ,Stephen Brandt MD,Support reality language like serious strong situation.,domestic
2D0683B7-40D,ACC83089925,C335729,13046.5,EUR,2026-09-02T21:08:29,wire,MD,Jennifer Moore,North shake lose cover.,cross_border
66BFC366-29D,ACC39587039,C571029,22057.52,CHF,2026-09-02T21:31:30,swift,CY,Tyler Miller,Pretty section degree still even no.,domestic
9E6E411B-B83,ACC99038359,C989208,40805.08,EUR,2026-09-02T21:46:49,swift,QA,Robert Johnson,Reveal site age thought eat.,domestic
D6ABE2AF-75E,ACC71662963,C662275,45793.58,USD,2026-09-02T21:47:31,crypto,BB,Michael Simmons,Believe serve animal system.,
4FCCB1B3-7C6,ACC71662963,C662275,4745.32,EUR,2026-09-02T21:49:14,wire,BY,Tammy Anderson,Mean reason follow break.,domestic
B6C751D1-27D,ACC34627347,C392075,45835.7,CHF,2026-09-02T21:52:12,card,IT,Toni Moreno,Sign room happy.,
81192DE1-611,ACC73900135,C777278,46851.52,USD,2026-09-02T22:18:15,card,MD,Angela Garcia,Five drop laugh.,
CBAC8256-61A,ACC82160068,C323508,49102.0,EUR,2026-09-02T22:20:18,swift,MC,Robert Hall,Television discussion nearly behavior for star they everybody.,cross_border
008641CF-55F,ACC38408562,C576786,9861.72,USD,2026-09-02T23:02:47,card,BZ,Courtney Howard,Bad decide decade.,
2694E842-234,ACC88961459,C680828,6286.79,USD,2026-09-02T23:02:58,card,RU,Brian Bright,Where ten drop sure manager reduce it arm.,
9D73C0CE-051,ACC20099059,C824586,9821.52,USD,2026-09-02T23:04:20,cash_deposit,US,Timothy Charles,Policy TV cause hit animal after.,
93CDAE7D-37B,ACC21490777,C353080,9084.89,CHF,2026-09-02T23:11:43,card,UG,Pamela Anderson,Center give national audience kitchen so long up.,
A7606622-D03,ACC90585882,C944657,35532.76,EUR,2026-09-02T23:18:45,cash_deposit,KH,Tony Jones,Be culture year require.,
220D6BCF-555,ACC46817443,C147726,19822.56,EUR,2026-09-02T23:25:40,cash_deposit,RU,Robert Wong,Law course agent heart.,
104C6AA5-A20,ACC20200074,C720859,4358.41,EUR,2026-09-03T00:17:06,swift,OM,Shawn Mckee,Serve though help example environmental.,cross_border
D76BB86B-1DF,ACC81691040,C864544,38740.6,GBP,2026-09-03T00:33:20,card,BF,Lori Mitchell,Camera baby six edge.,
47E79A2F-53B,ACC20099059,C824586,38604.12,EUR,2026-09-03T00:36:10,crypto,LS,John Cobb,Resource thus politics must any weight safe.,
C4065C73-886,ACC19528530,C842225,28646.22,GBP,2026-09-03T00:40:39,cash_deposit,DE,Courtney Burton,Price keep the attorney early more.,
4989C216-676,ACC35848226,C430876,26234.7,GBP,2026-09-03T00:45:18,card,WS,Daniel Bauer,Room thousand example cup safe.,
B3C8F9B5-C31,ACC39958838,C246316,17265.19,GBP,2026-09-03T00:48:29,crypto,VC,Denise Davenport,During necessary himself two meet these tell.,
0EC559B6-595,ACC99889098,C850981,26646.06,GBP,2026-09-03T00:53:41,wire,ZW,David Curtis,Star dream maintain control get theory.,domestic
20EE167E-BB1,ACC73083727,C464863,31585.57,EUR,2026-09-03T01:09:50,wire,BZ,Anthony Brown,Part forget deal again.,domestic
68CCE889-2FC,ACC87267850,C498858,9993.1,EUR,2026-09-03T01:16:11,swift,MH,Kristine Dean,Quickly now remain network place special some.,cross_border
FEB1E7A2-082,ACC64038913,C863587,45209.53,USD,2026-09-03T02:46:35,wire,SM,Jared Garza,Explain eat task by inside possible marriage within.,cross_border
EC665119-56E,ACC84903294,C901577,10117.21,GBP,2026-09-03T03:21:54,card,AM,Eric Patel,Somebody subject until continue improve.,
46C3764F-CD7,ACC99038359,C989208,7786.04,CHF,2026-09-03T03:48:59,crypto,RW,Michael Steele,Cover themselves commercial life outside accept official.,
94261234-195,ACC41329612,C377405,6744.45,CHF,2026-09-03T04:12:36,cash_deposit,GD,Judith Brown,Lay bank doctor make paper.,
8838876D-4B0,ACC33640702,C869440,26888.91,GBP,2026-09-03T04:23:11,crypto,ER,Vicki Mitchell,Question above win general occur always to.,
89A65BDC-88D,ACC71115319,C437408,13614.63,CHF,2026-09-03T04:25:59,card,ZW,John Hanna,Land power case down rich.,
C7AB8AA6-E69,ACC69096899,C204555,25271.27,EUR,2026-09-03T04:27:37,card,MV,Patricia Short,Someone painting chair perform since until.,
9FC83FBE-B8A,ACC71070189,C399105,12608.67,CHF,2026-09-03T04:33:20,wire,HN,Meghan Jackson,Air test never here.,domestic
3AA6A4AA-50F,ACC31682744,C665579,26118.26,GBP,2026-09-03T04:33:51,wire,NE,Sherry Clements,Good air conference follow so group authority.,cross_border
00C51DF5-11F,ACC49172995,C633590,40624.27,GBP,2026-09-03T04:42:38,swift,BR,Samantha Garcia,Rule not their his much despite.,cross_border
83A829E7-D14,ACC97260863,C171951,32429.16,CHF,2026-09-03T04:44:01,card,CD,David Delgado,Move pay often theory.,
B16D11A0-F55,ACC68812137,C974244,36001.26,CHF,2026-09-03T04:51:32,card,BY,Jonathan Knox,Every lead how heart my.,
8154EC95-195,ACC25480907,C373903,45466.04,USD,2026-09-03T05:08:58,wire,JO,Wesley Kelly,Institution evidence discussion program million professional room world.,domestic
0518D84B-732,ACC61642594,C500156,26735.97,EUR,2026-09-03T05:28:18,cash_deposit,MV,Michelle Kane,Size respond all marriage beautiful strategy you.,
830F7151-3EE,ACC22130508,C555052,20057.55,CHF,2026-09-03T05:34:57,swift,LK,Troy Cortez,Win loss ever.,cross_border
64DB32F8-6FD,ACC50071487,C978157,43556.04,GBP,2026-09-03T05:36:17,wire,TV,Susan White,Door perhaps of project three wrong fast.,domestic
AAF5DB4E-F1F,ACC33763566,C532322,35941.04,EUR,2026-09-03T05:39:53,card,PS,Kathy Wood,Least model serve any democratic foreign chair.,
72660989-3F7,ACC32775593,C790855,6074.69,USD,2026-09-03T05:39:56,wire,ER,Ralph Graham,Everything road including ever air leg next.,cross_border
3929E3A2-3ED,ACC73083727,C464863,25281.78,CHF,2026-09-03T06:13:03,sepa,KI,Jessica Compton,For list still no huge year.,
0DCB7ED1-87A,ACC23492385,C973074,39924.18,EUR,2026-09-03T06:33:12,swift,UZ,Tonya May,Better spring manager many.,cross_border
BB8F4424-CC0,ACC86460539,C358175,39931.56,EUR,2026-09-03T06:47:15,sepa,JP,Shawn Bass,Maybe million meet oil former.,
51014CC9-CA1,ACC69476001,C947272,28337.45,EUR,2026-09-03T06:47:48,wire,RU,Paula Jordan,Nice visit imagine record wrong list huge.,cross_border
7D56B90C-B89,ACC50785405,C400850,36308.71,USD,2026-09-03T06:56:21,crypto,GR,Kyle Diaz,Red sport response phone safe model begin.,
8A991454-79B,ACC86320155,C751194,27188.44,CHF,2026-09-03T06:59:49,wire,LY,Samantha Tucker,List do phone move.,cross_border
002026AC-633,ACC81691040,C864544,42007.1,GBP,2026-09-03T07:13:51,card,MH,Andrew Livingston,Risk nor article list college.,
23505187-128,ACC73900135,C777278,46485.54,GBP,2026-09-03T07:33:17,wire,GQ,Ana Gonzales MD,Whom throw herself upon crime give land be.,cross_border
43FDC77E-397,ACC99889098,C850981,5882.49,CHF,2026-09-03T07:40:34,card,DO,Noah Robertson,Father seem too prove right old just.,
4E26D448-AA6,ACC22660194,C201639,9994.0,USD,2026-09-03T08:09:24,card,FM,Michael Marquez,Fly something ok community right then police.,
1A1E20C1-B92,ACC68571795,C735656,47457.69,CHF,2026-09-03T08:09:35,wire,LS,Holly Suarez,For soldier nor.,domestic
74126DD1-838,ACC30514014,C757924,34227.05,GBP,2026-09-03T08:13:59,swift,BS,Gregory Silva,Mention from later it happen marriage event.,cross_border
56E02748-DC2,ACC46540265,C624783,45063.83,EUR,2026-09-03T08:26:56,card,LR,Angela Stewart,Article once black analysis.,
047CB757-4E4,ACC71662963,C662275,9976.1,USD,2026-09-03T08:56:22,sepa,NE,Joshua Lozano,Former able public trade structure protect chance.,
10477CAE-F06,ACC68186525,C479781,29336.57,USD,2026-09-03T09:05:25,card,TH,Michael Sanchez,Edge camera indeed five laugh can.,
EE1DC1B5-394,ACC65177213,C589710,37159.31,USD,2026-09-03T09:05:43,cash_deposit,BZ,Gregory Blankenship,Back family start necessary American wonder.,
790329B8-CD3,ACC22534217,C958179,5368.07,GBP,2026-09-03T09:13:16,wire,TD,Pamela Cox,Again suggest list reflect goal per believe both.,cross_border
280BFF3B-235,ACC22489409,C408528,7225.82,GBP,2026-09-03T09:15:24,wire,PS,Amy Thompson,Office hospital past region dog.,domestic
9E45A7D6-686,ACC87342561,C142185,46087.82,EUR,2026-09-03T09:25:37,wire,IE,David Lee,Present technology raise available democratic security address.,cross_border
513B4C55-A49,ACC61410126,C827659,12642.02,CHF,2026-09-03T09:35:15,card,PS,Michael Moore,True reach decision natural beyond training imagine huge.,
E459AB62-130,ACC25228493,C583863,19802.23,CHF,2026-09-03T09:41:08,sepa,TV,Michael Shaw,Everything so source information quite south team.,
FD367FD5-69D,ACC82498004,C184491,25306.54,CHF,2026-09-03T09:43:26,crypto,JM,Thomas Rush,Loss hotel either other option.,
F34188D5-720,ACC73083727,C464863,37889.99,EUR,2026-09-03T10:53:30,sepa,CV,Jennifer Stephenson,Wide believe describe end country.,
57039CEE-E30,ACC17275149,C296694,40687.04,EUR,2026-09-03T11:28:23,wire,KP,Katherine Gonzalez,Agency more good future president nice class event.,cross_border
E8FA1B2A-893,ACC43273328,C335612,36898.29,GBP,2026-09-03T11:36:29,wire,MZ,Joseph Fisher,Life carry visit a edge new find.,domestic
05C5D685-1F4,ACC77834855,C612262,43085.8,EUR,2026-09-03T11:50:48,swift,NZ,Carlos Walker,Either herself candidate church nature region they south.,domestic
ED247365-0B2,ACC73900135,C777278,42052.0,CHF,2026-09-03T12:13:02,cash_deposit,DE,Sarah Moore,Build life shake remain event.,
D9023B9C-FF5,ACC73380266,C355570,31741.84,CHF,2026-09-03T12:17:38,sepa,FM,Alison Garza,Have all call significant participant.,
AF4B516D-922,ACC99038526,C208618,9993.62,USD,2026-09-03T12:26:07,sepa,CR,Erin Montes,Area consumer front discussion.,
0F0D54DD-914,ACC31682744,C665579,16127.84,CHF,2026-09-03T12:36:03,card,GN,Ryan Barber,Side process ever various physical point.,
6BE2FB9D-18E,ACC68812137,C974244,44221.77,USD,2026-09-03T12:37:45,card,MN,Anita Watson,Second number voice chance little receive officer.,
C3893141-C0E,ACC73380266,C355570,22028.97,GBP,2026-09-03T13:34:42,cash_deposit,IT,John Nguyen,Federal reality single indicate thank.,
7119C058-017,ACC58181396,C988662,16189.44,USD,2026-09-03T13:42:54,swift,JM,Anthony Armstrong,Child guess into far product outside current.,domestic
5B1642C6-C55,ACC30514014,C757924,35170.67,EUR,2026-09-03T13:49:37,card,ME,Rodney Horn,Eat tonight run leader treat contain.,
39DBF530-DF4,ACC15614174,C423232,39282.53,USD,2026-09-03T14:35:56,cash_deposit,MZ,Scott Thomas,Size down east car.,
E666376A-145,ACC46361787,C421517,44393.95,USD,2026-09-03T14:39:28,wire,NI,Linda Hancock,Point support run training general left.,domestic
3CFBEA8F-8ED,ACC82160068,C323508,9979.95,EUR,2026-09-03T14:40:42,wire,GE,Karen Wilson,Seek many between state.,cross_border
A4D8F6BF-523,ACC94525678,C703634,8794.31,EUR,2026-09-03T14:44:22,crypto,NI,Jacqueline Davis,Truth can may.,
13E979C2-C88,ACC38470244,C472060,46861.91,EUR,2026-09-03T15:16:01,crypto,MG,Jeffery Hamilton DVM,Rich with mention wear.,
8FEE6402-5C2,ACC82160068,C323508,44281.34,GBP,2026-09-03T15:33:31,wire,NE,Jasmine Smith,Design hair without.,cross_border
C8AB65A6-1B2,ACC50079111,C890075,19432.92,GBP,2026-09-03T15:34:34,swift,ML,Lauren Townsend,Become consider onto painting participant over benefit.,domestic
0FE98121-DD5,ACC68802946,C832168,14345.64,EUR,2026-09-03T15:52:48,wire,KE,Carl Shaw,Expert behavior win compare smile effect too.,cross_border
9CD088B1-FA6,ACC49392920,C555884,31026.56,GBP,2026-09-03T15:55:43,crypto,LS,Aaron Zamora,I across issue culture.,
8792C8B4-618,ACC76500726,C402218,38236.03,GBP,2026-09-03T15:56:21,swift,CU,Eric Smith,Away new western while.,domestic
906111B1-468,ACC31980274,C426147,143.11,EUR,2026-09-03T16:08:50,wire,TG,Charles Bennett,Analysis require issue drop building hospital.,domestic
23A3EAE8-354,ACC34391257,C152727,32588.6,EUR,2026-09-03T16:24:11,card,CN,Devin Mendoza,Growth smile fly should.,
70BE84E1-A28,ACC90014570,C835244,42284.52,GBP,2026-09-03T16:26:30,wire,TM,Sydney Bruce,Ability ask report despite.,cross_border
F39ED7B4-ADD,ACC32097220,C497382,38344.43,EUR,2026-09-03T16:46:26,crypto,CR,Lauren White,Turn your radio ever total.,
5FEA4ED9-653,ACC71662963,C662275,42396.13,CHF,2026-09-03T16:57:18,crypto,TD,Joseph Allen,South sort outside produce.,
14518477-0B4,ACC58884978,C552248,30826.77,GBP,2026-09-03T16:59:37,wire,LB,Scott Rivera,Heavy government for street bag us.,domestic
3D0845F7-0AD,ACC83932360,C114338,19759.06,EUR,2026-09-03T17:07:28,cash_deposit,IR,Jeffrey Payne,Color commercial Mr wife.,
3BDE3AB3-FB4,ACC24508349,C501124,26102.1,GBP,2026-09-03T17:14:17,sepa,MC,Amy Greene,Report start give know.,
16F5E78F-F4A,ACC19584466,C162535,21743.7,GBP,2026-09-03T17:17:24,crypto,VU,Michael Huff,Learn level carry.,
F89076D4-55F,ACC85543051,C418594,44543.72,CHF,2026-09-03T17:47:43,card,MA,Rachel Barker,Between take religious plan left music rock public.,
19928086-739,ACC54058573,C392136,8144.31,GBP,2026-09-03T17:48:00,crypto,KP,Jennifer Jones,Per he head because fly member spend walk.,
8619E268-6C7,ACC46540265,C624783,7101.66,USD,2026-09-03T18:08:58,cash_deposit,VE,Kristy Colon,Foot require western daughter.,
250EC690-168,ACC90267122,C141797,9976.85,EUR,2026-09-03T18:13:26,cash_deposit,VE,Mr. Keith West,Prove item cold north nature despite.,
9AF6012F-09D,ACC71115319,C437408,6370.26,EUR,2026-09-03T18:18:27,cash_deposit,DJ,Tiffany Ramirez,Actually like better stand.,
0A2C1D66-19A,ACC76500726,C402218,19503.73,GBP,2026-09-03T18:20:16,card,GB,John Wilson,Heart catch admit seat professional cover by yeah.,
28993786-0C9,ACC39958838,C246316,26202.89,EUR,2026-09-03T18:31:40,swift,DM,Amber Flynn,Grow issue each include radio.,domestic
15F2542B-D26,ACC38408562,C576786,24745.96,CHF,2026-09-03T18:57:37,card,QA,Ronald Reynolds,Serious everything example need.,
77B2C0CB-D88,ACC15614174,C423232,36303.8,USD,2026-09-03T19:06:16,wire,MX,Cynthia Johnson,List modern above meet participant during significant.,domestic
E61A14BE-732,ACC64038913,C863587,33388.83,USD,2026-09-03T19:21:10,card,KP,Alexander Mitchell,Republican thank use owner.,
D66644CA-78C,ACC12614124,C217301,9454.11,CHF,2026-09-03T19:35:39,cash_deposit,CM,William Wilkins,Employee partner keep probably but chair against.,
4DEFFBD2-FDD,ACC66722344,C456778,48924.75,EUR,2026-09-03T19:42:46,cash_deposit,GR,Sarah Valdez,Behavior here need.,
B5D06226-08F,ACC95132217,C544151,46872.44,EUR,2026-09-03T19:58:20,wire,EC,Scott Doyle,Nearly phone effect easy.,cross_border
CA799FCF-6FF,ACC19289546,C897549,44517.06,CHF,2026-09-03T20:00:23,card,EG,Sheri Contreras,Someone hot ground loss benefit both thing.,
D29F17B7-63B,ACC61642594,C500156,4877.24,GBP,2026-09-03T20:18:41,card,BS,Brittany Barber,Herself figure exist no lose.,
4C5A0441-327,ACC83534128,C567574,18934.83,GBP,2026-09-03T20:21:57,crypto,YE,Jonathan Nolan,Claim born without impact.,
8360E1B5-D63,ACC97971488,C623481,417756.16,EUR,2026-09-03T20:24:51,crypto,AE,Jennifer Dalton,Plant suffer environment expert.,
C556375F-D2B,ACC82498004,C184491,22967.74,CHF,2026-09-03T20:49:00,crypto,WS,Elizabeth Cochran,Mother work follow result pressure way of.,
65D897C3-75C,ACC70467027,C564226,9241.45,USD,2026-09-03T21:00:23,card,PS,Tyler Sanchez,Road range someone reach.,
20C80545-CB2,ACC65177213,C589710,34121.88,EUR,2026-09-03T21:05:52,sepa,SE,Dr. Jared Crane MD,Blood challenge difference situation thing.,
E59943CC-A73,ACC84903294,C901577,47408.78,GBP,2026-09-03T21:06:51,crypto,OM,Jason Gonzalez,Probably back why adult attack Mr system.,
B70AA81A-409,ACC43273328,C335612,33518.08,CHF,2026-09-03T21:23:24,wire,NZ,Michael Santos,Then administration who role today animal.,domestic
EAAE1312-363,ACC66722344,C456778,23914.31,CHF,2026-09-03T21:29:16,cash_deposit,GR,Brianna Ford,None whose newspaper care.,
7A0901EF-C71,ACC44392446,C904150,44140.94,CHF,2026-09-03T21:29:53,swift,GM,Sandra Baxter,Live front here recently meeting put.,cross_border
E237B7F5-131,ACC63121477,C237235,9997.72,EUR,2026-09-03T21:34:45,crypto,NZ,Jamie Mclaughlin,Value shoulder wall cut part room campaign.,
A4FB437E-3E4,ACC50071487,C978157,35553.21,USD,2026-09-03T21:36:52,cash_deposit,SY,Michele Lyons,Sense admit head floor.,
C523716A-B06,ACC87342561,C142185,23103.36,USD,2026-09-03T21:39:56,card,DE,Angel Lawson,Data argue heavy citizen style fall.,
1E5C3D90-ADA,ACC31682744,C665579,44839.69,EUR,2026-09-03T22:05:53,cash_deposit,RS,Paul Ross,Simple management another fear worker management political.,
12DFFF3B-318,ACC67110154,C882169,34850.75,CHF,2026-09-03T22:14:03,crypto,JM,Jason Owen,Finally attention factor fish first reflect memory.,
6BD12349-D10,ACC97971488,C623481,17761.9,CHF,2026-09-03T22:16:14,card,LA,Michael Cox,Oil statement actually million health machine future.,
80E47EEB-EAE,ACC76500726,C402218,11889.48,CHF,2026-09-03T22:17:40,wire,LR,Emily Knapp,Address quality series recently adult reality.,cross_border
6C175297-862,ACC99038526,C208618,30184.4,CHF,2026-09-03T22:21:12,crypto,AL,David Thompson,Way space time spend believe customer month.,
9114DC29-EF6,ACC44188276,C146542,28438.16,CHF,2026-09-03T22:31:06,card,PK,Amber Cox,Past hospital meeting every open.,
F67B1BB1-890,ACC40742311,C961722,309016.25,EUR,2026-09-03T22:34:03,crypto,BT,Aaron Young,Worry with peace television.,
072737FB-A53,ACC81621574,C498468,36469.97,EUR,2026-09-03T23:04:06,card,GN,Jessica Owens,Rest civil front thus.,
A69452FE-D15,ACC55728776,C293319,8239.74,EUR,2026-09-03T23:13:25,wire,KP,Clinton Fischer,Defense thing reach store.,cross_border
94BB9AEA-233,ACC32775593,C790855,19657.98,EUR,2026-09-03T23:19:08,card,AF,Natasha Davis DDS,Family bag become.,
8F9DD8B6-1AC,ACC99508850,C528231,21578.91,GBP,2026-09-03T23:48:58,card,RU,Ann Mccall,Community relationship PM threat early.,
1F79ADDC-ED9,ACC65026398,C786587,32783.58,USD,2026-09-03T23:57:04,swift,GW,Alfred Collins,Movie mention none customer whether ago relate itself.,domestic
E453446B-20E,ACC41329612,C377405,1305.23,CHF,2026-09-04T00:22:58,wire,SC,Shawn Cooke,Start lead bill from single evidence impact.,domestic
85244639-8DE,ACC12614124,C217301,34345.75,USD,2026-09-04T00:29:06,card,IL,Carrie Graham,Source cause should economic indicate current.,
CBD2947D-D5F,ACC81691040,C864544,45550.22,CHF,2026-09-04T00:42:27,cash_deposit,BN,Jennifer Gutierrez,During city lot at decade really issue woman.,
50676EFE-11C,ACC73900135,C777278,1847.03,GBP,2026-09-04T01:27:06,wire,CD,Nicholas Morgan,Describe military its skill increase.,cross_border
D66535BA-D29,ACC13471527,C195763,15675.33,EUR,2026-09-04T01:32:51,card,SY,Evan Price,See decide crime relationship project box.,
7E7AFB04-DD6,ACC40547349,C333752,35760.62,CHF,2026-09-04T02:01:28,swift,PS,Holly Owen,News wife interest morning whether name agree.,cross_border
E542DAEB-10B,ACC54058573,C392136,39845.01,GBP,2026-09-04T02:04:21,swift,PK,Ashley Conner,Trip federal specific step old.,domestic
238C3947-ACC,ACC96098221,C634150,113605.72,GBP,2026-09-04T02:10:15,sepa,JM,Adrian Moore,Really chance Mr student course.,
736BBAFC-000,ACC97971488,C623481,9436.66,CHF,2026-09-04T02:11:09,swift,DE,Anne Jones,Should society dark product make energy gas.,cross_border
E53863D6-915,ACC41348220,C997594,11503.19,EUR,2026-09-04T02:15:13,card,ME,Ronald Swanson,Arrive away with town lay share.,
E893A826-DD6,ACC38408562,C576786,39876.39,USD,2026-09-04T02:22:24,wire,AU,Bradley Stewart,Two remain occur foreign whom.,cross_border
F1ED2979-B0A,ACC12614124,C217301,12315.41,USD,2026-09-04T02:35:57,swift,KM,Andrea Franco,Heavy line probably office until simple moment.,cross_border
C2F5C302-144,ACC22517517,C890170,13996.39,EUR,2026-09-04T03:13:30,sepa,DZ,Juan Young,Foot hair who smile.,
4CB9C110-E25,ACC34391257,C152727,38518.02,USD,2026-09-04T03:16:43,card,BR,Hannah Soto,Hold long number.,
CE7BBCBF-DC0,ACC22517517,C890170,23884.85,USD,2026-09-04T03:22:26,swift,JM,Joseph Jensen,Only yet make matter sure wrong.,domestic
49B14967-8F9,ACC41068214,C402099,41683.2,GBP,2026-09-04T03:40:15,wire,SC,Teresa Morgan,Already meeting generation range enter card.,domestic
23913343-7C6,ACC17774584,C352572,28431.1,CHF,2026-09-04T03:44:14,crypto,QA,Sherri Perez,Ago site cultural part.,
27749363-255,ACC76500726,C402218,8684.74,CHF,2026-09-04T03:59:34,swift,BY,Rachel Smith,Tend commercial film during concern.,cross_border
3A966005-7FA,ACC45551614,C246413,24238.26,USD,2026-09-04T04:16:53,wire,SA,Justin Kidd,Thing ground city still thus allow.,domestic
3D10C006-924,ACC44392446,C904150,41573.62,GBP,2026-09-04T04:30:30,swift,VA,Julie Baker,Particular operation successful tell.,domestic
DF656E7D-AC3,ACC71115319,C437408,24419.24,CHF,2026-09-04T04:40:00,card,GB,Lawrence Taylor,Discover Democrat debate total support read.,
77FA1BE1-583,ACC26941092,C596564,5140.43,USD,2026-09-04T04:46:31,cash_deposit,BE,Eric George,Show radio national forget.,
7F0D43EC-2CA,ACC68802946,C832168,36793.31,USD,2026-09-04T05:06:50,swift,BW,Susan Moore,Spring by while some.,cross_border
41F054BE-878,ACC23492385,C973074,3101.82,CHF,2026-09-04T05:09:28,card,KH,Kayla Terry,Report recognize account return center her teacher I.,
E47D8C6D-B54,ACC95132217,C544151,41741.76,EUR,2026-09-04T05:11:55,card,PK,Susan Hamilton,Cell speak spend body himself.,
4B9DE990-EEF,ACC90267122,C141797,27407.33,GBP,2026-09-04T05:33:00,card,ES,Lisa Castillo,System box detail poor finally soon.,
B5063B4B-C95,ACC84411983,C233470,47680.88,CHF,2026-09-04T05:34:28,crypto,KR,Jillian Mack,Physical culture light group guy vote before.,
6C45F9DA-9B0,ACC15614174,C423232,14245.18,CHF,2026-09-04T06:06:34,card,TL,Hunter Campos,Read recognize under individual listen.,
AD5D1D75-DA2,ACC61410126,C827659,1301.26,CHF,2026-09-04T06:26:42,card,WS,Gary Luna,Public pressure task already set.,
7194B25F-DCE,ACC71662963,C662275,29042.72,USD,2026-09-04T06:29:09,cash_deposit,UY,Kristina Pena,Wear guy approach development lawyer nice people.,
39130805-001,ACC30514014,C757924,24719.81,USD,2026-09-04T06:35:48,card,PG,Brian Tran,Step owner agree.,
B647A6D0-9A6,ACC88961459,C680828,32729.51,EUR,2026-09-04T06:37:59,cash_deposit,GQ,Kelly Liu,Certain much race fire according participant.,
239F417D-BE0,ACC84093639,C407419,48028.33,GBP,2026-09-04T06:42:11,cash_deposit,BS,Patrick Swanson,Include position mention claim determine.,
FAD8EA1A-BFD,ACC76500726,C402218,40452.04,USD,2026-09-04T07:47:21,card,YE,Megan Byrd,Defense chance man eight third require clearly.,
C39987A6-BB6,ACC35848226,C430876,38916.49,CHF,2026-09-04T07:51:15,crypto,DK,Lawrence Gaines,Wall myself cost something future reality ago.,
C9243CAE-C1F,ACC20200074,C720859,9993.99,GBP,2026-09-04T08:09:57,swift,NI,Timothy Lee,Sing mention force computer.,cross_border
2DEEBC19-442,ACC12614124,C217301,9976.25,EUR,2026-09-04T08:10:41,card,QA,Melissa Jackson,Coach forward lay while.,
5B74104D-AD9,ACC21819185,C429795,23536.77,CHF,2026-09-04T08:50:05,crypto,CU,Craig Owens,Director do poor involve wall.,
45D6A4FC-74E,ACC72363359,C800005,48545.16,EUR,2026-09-04T08:50:56,swift,GQ,Stephanie Hawkins,Leave it position.,domestic
664A4E30-451,ACC90585882,C944657,32070.97,USD,2026-09-04T09:08:40,wire,UY,Michael Livingston,Relate third everyone fear nice say catch.,cross_border
828E1EAC-892,ACC67110154,C882169,32219.39,GBP,2026-09-04T09:14:36,swift,DO,Jonathan Combs,Type budget career.,cross_border
AC93DDBE-86B,ACC86483924,C739979,34639.59,USD,2026-09-04T09:31:44,crypto,PE,Gabriela Garza,Performance song enter court remain.,
1E2F0306-2D0,ACC82498004,C184491,43113.99,GBP,2026-09-04T09:48:58,sepa,LB,Paul Ferguson,Law trial table her clear offer.,
8B68C1D9-CAB,ACC43273328,C335612,22038.49,CHF,2026-09-04T09:54:14,card,GA,Jake Skinner,Fly situation former threat alone the trial another.,
0108DF1F-C75,ACC52091325,C159942,19101.83,CHF,2026-09-04T10:08:53,sepa,LA,Chelsea Walker,Gas few page cold couple suffer.,
A7249CD2-4C5,ACC87282128,C810250,7605.73,EUR,2026-09-04T11:00:02,cash_deposit,PS,Michael Johnson,Opportunity write break finally member sometimes.,
2BF539B1-832,ACC14216175,C446479,23980.12,CHF,2026-09-04T11:14:07,crypto,GY,Zachary Morgan,Seek service leader bag necessary.,
590AD72D-021,ACC97225156,C491559,37567.89,GBP,2026-09-04T11:17:50,cash_deposit,JP,Brooke Walters,Require pull child source campaign parent teacher.,
AF5F1788-1D3,ACC40547349,C333752,6404.56,GBP,2026-09-04T11:19:20,swift,MX,Heidi Nunez,Industry leave memory so charge hold.,cross_border
4C1DB707-558,ACC73481797,C839485,20171.82,USD,2026-09-04T11:25:19,cash_deposit,HU,Douglas Mitchell,Win wrong pass sense live wind star.,
05337708-BB2,ACC54769200,C908577,19369.91,USD,2026-09-04T11:29:39,wire,SN,Kenneth Lee,Hair military western bring.,cross_border
E26365EE-7B9,ACC13471527,C195763,8584.38,EUR,2026-09-04T11:52:41,swift,CU,Pamela Lindsey,Decide dinner hospital away partner none call rule.,domestic
144BA10F-B9E,ACC46540265,C624783,47737.63,CHF,2026-09-04T12:00:48,swift,CU,David Horton,Several claim camera around the decade.,cross_border
A0D4B59A-845,ACC71662963,C662275,127013.03,CHF,2026-09-04T12:16:54,swift,KP,Stephen Watson,Family surface like term on want author threat.,cross_border
75BCCD79-338,ACC73771720,C740967,6849.42,USD,2026-09-04T12:36:15,sepa,KI,William Palmer,Hospital hair father available my leg vote.,
36A6A6CE-8AB,ACC65259205,C941204,47829.89,GBP,2026-09-04T12:48:35,cash_deposit,BH,Jerry Patel,Throw pattern thousand imagine.,
559DF512-065,ACC58181396,C988662,5477.38,CHF,2026-09-04T13:16:23,wire,LK,Joseph Allen,Which win central evidence analysis discuss suddenly.,cross_border
0DAD013E-A80,ACC22130508,C555052,44027.92,GBP,2026-09-04T13:26:38,swift,SM,Alyssa Stewart,Writer brother bag age I.,cross_border
70BDF342-AF5,ACC39587039,C571029,40200.25,GBP,2026-09-04T13:39:45,card,TV,Molly Watts,Others enter pretty.,
212E7182-04A,ACC35487660,C411120,15383.26,EUR,2026-09-04T13:44:59,cash_deposit,GN,Brandon Smith,Number poor throughout.,
6DDE9B2B-0C1,ACC57683626,C319684,658.13,EUR,2026-09-04T13:53:00,card,BJ,Joshua Wang,Rate game right pattern.,
E1BF3BF3-688,ACC41348220,C997594,6767.25,GBP,2026-09-04T14:06:12,crypto,WS,Adam Ayala,Sure throw nearly green instead try help.,
41DB7CE1-983,ACC72409658,C563246,41917.57,CHF,2026-09-04T14:17:34,wire,IR,April Campbell,Include economy peace serve end.,cross_border
B28CD1BC-DEE,ACC90014570,C835244,12719.42,CHF,2026-09-04T14:29:34,sepa,NA,Olivia Curry,Just child season site age.,
7A37A4E9-F31,ACC81691040,C864544,23321.9,GBP,2026-09-04T15:04:08,sepa,GB,Emily Johnson,Beautiful theory he stop few modern.,
AD96F26E-3BD,ACC44392446,C904150,34717.77,GBP,2026-09-04T15:06:50,card,JP,Jessica Fowler,Benefit local level charge participant clear.,
1AA9C8B4-E3D,ACC22130508,C555052,31019.99,GBP,2026-09-04T15:08:00,wire,IQ,Regina Ryan,Fast as time appear already appear trouble.,domestic
69A62B43-A92,ACC99038526,C208618,41384.55,GBP,2026-09-04T15:12:09,cash_deposit,FM,Henry Hale,Eight senior record spring smile single.,
81D3F328-9B3,ACC88183110,C679364,47664.89,EUR,2026-09-04T15:24:11,card,CM,Jay Hall,Safe green agreement rock if magazine.,
33B757C3-0C4,ACC68942178,C230394,9684.38,CHF,2026-09-04T15:35:50,crypto,KE,Joshua Phillips,Travel enter bring sea act natural task.,
6186CE6E-C76,ACC98231132,C712024,38585.18,CHF,2026-09-04T15:36:38,cash_deposit,ML,Deanna Gibson,Likely share police ground center.,
7779ECEE-CD6,ACC67110154,C882169,28056.3,CHF,2026-09-04T16:02:34,wire,ET,Drew Byrd,Shoulder know personal establish.,domestic
B9511B3A-B7E,ACC77834855,C612262,49521.41,CHF,2026-09-04T16:11:25,wire,RU,Steven Rojas,Return cut may senior can paper skill.,domestic
85469083-F55,ACC89864260,C171262,26171.64,CHF,2026-09-04T16:12:05,card,MD,Lance Soto,Forget could west public size PM.,
AA552A9F-C7C,ACC61410126,C827659,29486.38,GBP,2026-09-04T16:41:54,card,KP,Denise Olson MD,Step himself level.,
6A492445-472,ACC50785405,C400850,14177.52,CHF,2026-09-04T17:24:43,swift,KM,Dr. Heather Moore,Consider ahead home dog newspaper.,domestic
C310FE09-9A2,ACC72363359,C800005,19064.16,GBP,2026-09-04T17:26:06,card,TM,Jason Moore,Town administration force often free plan.,
9D3AF867-E42,ACC21267237,C773971,36945.58,USD,2026-09-04T17:57:06,card,BZ,Alexandra King,Keep draw loss.,
3B4CC5AE-EBB,ACC94120751,C350867,9223.41,EUR,2026-09-04T18:06:44,card,BG,Julia Mccullough,Stock manager establish.,
4FC46D2D-257,ACC69476001,C947272,9536.73,CHF,2026-09-04T18:07:33,card,SC,Rebecca Vincent,Three board stuff southern.,
4280B0BE-4C3,ACC73481797,C839485,3727.01,USD,2026-09-04T18:40:36,card,TW,Desiree Mckenzie,At more about discussion.,
AE355B40-CE6,ACC81621574,C498468,9975.96,GBP,2026-09-04T18:58:34,wire,LV,Michael Conway,Get popular upon street professor.,cross_border
FF741184-FB0,ACC84813739,C361303,18986.89,EUR,2026-09-04T19:02:16,crypto,LI,Ashley Mcdonald,Conference hope into fund.,
E3A2CAB4-E9D,ACC67062156,C329471,1031.49,GBP,2026-09-04T19:20:44,card,SZ,Matthew Vasquez,Sell human head listen item husband edge.,
58FFB5F3-34D,ACC38470244,C472060,41239.58,EUR,2026-09-04T19:54:31,card,AZ,Sarah Smith,Radio recent thank minute bad red.,
E6B139C2-161,ACC41068214,C402099,27192.52,USD,2026-09-04T19:58:51,wire,LK,Gary Lyons,Brother happy cell sea.,domestic
24B20EE1-EEB,ACC78387461,C617488,34294.93,EUR,2026-09-04T20:57:05,card,IR,Mario Johnson,Space or phone free economy blue.,
B408DD7F-5E0,ACC86320155,C751194,19191.6,EUR,2026-09-04T21:10:43,wire,SB,Peter Green,Phone at evening more adult artist seem.,cross_border
4ED4FAE9-7BB,ACC13895645,C507746,47509.61,CHF,2026-09-04T21:15:44,sepa,CV,Kathleen Fowler,Certain type front point.,
37D13C91-E92,ACC39587039,C571029,20351.3,GBP,2026-09-04T21:21:09,cash_deposit,MA,Margaret Shepard,Pass despite card check security paper.,
77213517-799,ACC82160068,C323508,45018.71,EUR,2026-09-04T21:24:31,cash_deposit,MN,Paul Miller,East ahead remain anything.,
A26CFC11-D84,ACC25480907,C373903,3693.65,EUR,2026-09-04T21:40:33,swift,BG,Rebecca Silva,Phone woman Democrat history born science.,cross_border
BE181E7C-9F0,ACC23492385,C973074,27045.84,USD,2026-09-04T22:09:09,wire,CZ,Stephen Gonzales,Occur lot step class avoid lose think.,cross_border
735B6733-8B5,ACC68186525,C479781,23244.76,GBP,2026-09-04T22:20:36,wire,MH,Robert Garcia,Pretty allow between purpose leg develop political quite.,cross_border
2DA88BCD-7C0,ACC24366125,C878480,28312.21,EUR,2026-09-04T22:31:40,card,AL,Eric Ryan,Yes eat type.,
F38C2FCD-1B0,ACC88961459,C680828,40844.19,GBP,2026-09-04T22:57:15,cash_deposit,SY,Ashley Vega,Million too marriage page young turn visit up.,
3201A51B-915,ACC95613415,C889359,27106.7,EUR,2026-09-04T23:06:20,wire,AM,Janice King,Door production help.,domestic
0BC3639D-3F4,ACC83534128,C567574,36044.44,GBP,2026-09-04T23:07:23,wire,GW,Teresa Mccoy,System in create establish.,cross_border
BBCC357A-E26,ACC83534128,C567574,2092.58,CHF,2026-09-04T23:27:40,wire,PW,Ariana Wood,Painting role movement first sign.,cross_border
83D5A8D4-F07,ACC46361787,C421517,45565.07,USD,2026-09-04T23:28:11,swift,NZ,Linda Meadows,Either resource but.,domestic
EB576E1D-A6A,ACC64038913,C863587,25382.97,CHF,2026-09-04T23:28:58,swift,BB,Jennifer Barrett,Scientist carry behind war about.,domestic
FA824A98-A41,ACC38470244,C472060,34726.59,EUR,2026-09-04T23:30:16,card,SV,Stephanie Romero,Air identify west seem.,
05D2486A-C34,ACC19584466,C162535,39320.05,GBP,2026-09-04T23:52:42,crypto,ET,Jacqueline Perry,Up table relationship final wind.,
48531404-225,ACC77834855,C612262,20924.61,GBP,2026-09-05T00:09:03,card,ET,Darren Elliott,Professor likely mouth least participant western.,
381DC059-A4D,ACC64247457,C639593,29591.12,GBP,2026-09-05T00:18:17,sepa,SI,Brendan Rhodes,Source ok page represent city enough.,
98E209FE-C38,ACC18357162,C316881,7713.26,EUR,2026-09-05T00:24:52,card,HN,Amanda Robinson,Plant understand subject push listen.,
361F8944-F19,ACC84813739,C361303,10755.33,EUR,2026-09-05T01:09:08,sepa,PT,Erik Travis Jr.,Hand skin successful matter notice hit region.,
4DDB254C-8DA,ACC69096899,C204555,7820.27,CHF,2026-09-05T01:28:07,wire,PG,Kristina Garcia,Person seven off which.,cross_border
3B792EC8-244,ACC45570755,C455007,7036.54,EUR,2026-09-05T02:13:52,card,GT,Matthew Fields,Special stay care somebody lawyer nearly.,
F04E8B5D-E90,ACC73771720,C740967,1375.55,GBP,2026-09-05T02:22:41,cash_deposit,CU,Ruben Todd,City Mr kid always large.,
61EB442F-004,ACC12614124,C217301,278.0,EUR,2026-09-05T02:40:16,sepa,PA,Melinda Howard,Into inside improve agree next whatever.,
A56E0861-F3E,ACC60929647,C383060,9993.28,EUR,2026-09-05T02:41:34,swift,EG,Megan Decker,In moment rate.,cross_border
D2EAE124-F7E,ACC73771720,C740967,12987.27,CHF,2026-09-05T02:53:27,wire,CM,Chase Wilson,Throughout better article.,domestic
61451428-68F,ACC38195995,C815198,29103.03,GBP,2026-09-05T02:57:24,card,GH,David Kaiser,Stop collection leave western strategy.,
C9F5018E-FC6,ACC42614537,C922733,2652.7,CHF,2026-09-05T03:08:10,card,AM,Anna Christensen,Focus more leg too water road at hope.,
A6D4A1CF-516,ACC92874006,C171744,47086.89,EUR,2026-09-05T03:19:24,cash_deposit,NL,James Crawford,Possible chance machine general operation.,
DB7AE449-520,ACC75529051,C330080,11108.43,USD,2026-09-05T03:51:17,crypto,PW,Samantha Lambert,Now young choose.,
0ED7A7BB-242,ACC89864260,C171262,16507.98,GBP,2026-09-05T04:00:01,card,BI,Rachel Williams,Edge authority company phone attack beat.,
8012017F-363,ACC43273328,C335612,8599.57,CHF,2026-09-05T04:18:14,wire,SZ,Heather Mejia,Contain life leave four question.,cross_border
8C843658-61B,ACC21819185,C429795,28134.77,CHF,2026-09-05T05:06:51,swift,MX,Susan Payne,Crime need no step successful.,cross_border
CB43E7B1-6C0,ACC21267237,C773971,14121.61,CHF,2026-09-05T05:29:50,wire,TT,Andrew Morris,Billion real degree woman up.,cross_border
65A9F40B-B68,ACC90585882,C944657,23985.07,CHF,2026-09-05T05:39:57,card,LU,Joseph Garrett,Break occur according agreement it.,
2122B741-D59,ACC63640499,C355836,47208.26,CHF,2026-09-05T05:45:15,swift,LS,Phillip Barajas,Movement child morning rest person art.,cross_border
F20A88F4-61B,ACC83534128,C567574,3820.05,GBP,2026-09-05T06:15:14,cash_deposit,RU,Michael Little,Task listen back become any.,
7B10E8AD-56C,ACC58181396,C988662,22294.47,GBP,2026-09-05T06:44:43,crypto,IL,Jenna Decker,Fish evening avoid dark sister once.,
DD8F798D-673,ACC82287061,C607868,46716.03,CHF,2026-09-05T06:49:45,sepa,SE,Kimberly Moore,Federal seven pick.,
A41138DB-E9D,ACC97260863,C171951,36186.0,USD,2026-09-05T06:59:52,card,SZ,Linda Sparks,Weight necessary bring all myself floor.,
E1FDD91F-045,ACC89864260,C171262,5190.11,EUR,2026-09-05T07:19:10,crypto,SV,Justin Torres,President food add process.,
57C2B910-E74,ACC83932360,C114338,32856.34,GBP,2026-09-05T07:37:46,wire,FI,Amanda Brown,Beyond peace night institution away fall ok.,cross_border
0050F163-105,ACC19233013,C356150,3355.6,GBP,2026-09-05T07:40:06,card,IQ,Debra Lee,Artist reality team great.,
AAE22D95-D5B,ACC99889098,C850981,42237.55,EUR,2026-09-05T08:10:33,card,MN,Scott Middleton,Debate statement health physical prevent season Mrs again.,
3C8C8A2E-189,ACC81691040,C864544,25061.15,EUR,2026-09-05T08:19:45,wire,GD,Melanie Williams,Pm what it truth teach friend environment.,domestic
BE9D6CE8-651,ACC38195995,C815198,390.04,USD,2026-09-05T08:24:40,card,BG,Sean Rodriguez,Book national important from.,
72243E2B-D65,ACC99038526,C208618,3268.12,EUR,2026-09-05T08:28:07,cash_deposit,HR,Anne Williams,Many politics available wrong glass difficult beat.,
1E2545D1-C6D,ACC71662963,C662275,44865.4,USD,2026-09-05T09:11:53,cash_deposit,PE,Jonathan Valdez,Idea along near stay.,
7FEA65EA-9C1,ACC58884978,C552248,8970.52,EUR,2026-09-05T09:17:06,wire,BB,Lisa Price,Moment financial Mr three year subject wrong large.,cross_border
3FD64165-892,ACC77827638,C731262,9983.47,GBP,2026-09-05T09:22:42,wire,YE,Barry Ramos,Someone option goal avoid left.,domestic
0A20B332-7A2,ACC78387461,C617488,12728.33,USD,2026-09-05T09:37:06,crypto,PE,Cory Miller,Space wrong difficult ready when true culture.,
91E11C03-089,ACC25374874,C814825,8911.26,GBP,2026-09-05T09:53:39,wire,DE,Jessica Johnson DDS,Establish mother range image.,domestic
58EEF136-4F2,ACC33640702,C869440,9991.35,CHF,2026-09-05T09:57:48,card,RU,Amy Carter,Smile increase fish rise.,
174EA7F8-AE6,ACC88961459,C680828,47014.85,USD,2026-09-05T10:17:57,cash_deposit,GT,Ashley Bowen,Fine market control him enter religious.,
235EC41C-565,ACC82498004,C184491,37185.29,USD,2026-09-05T10:53:39,card,PS,Nicolas Jones,Try term reason fall serve concern accept.,
8C370599-0C4,ACC36786211,C956253,17020.85,EUR,2026-09-05T11:26:40,card,MR,Tim Rodriguez,Something reach program share.,
9124C124-641,ACC67062156,C329471,23674.34,CHF,2026-09-05T11:27:26,crypto,KP,John Jones,Everything defense such issue.,
92794366-73D,ACC21267237,C773971,24191.8,CHF,2026-09-05T11:49:59,cash_deposit,CF,Carlos Ross,Report their need where.,
9A9B68BD-784,ACC95822412,C216739,22744.75,GBP,2026-09-05T12:04:45,crypto,UG,Stephanie Salazar,Interview trade knowledge city technology late seem.,
E3D97DF0-81A,ACC21267237,C773971,25757.43,EUR,2026-09-05T12:30:05,swift,KR,Kimberly Alvarez,Court account business.,domestic
745D1289-1EA,ACC19289546,C897549,22662.83,EUR,2026-09-05T12:49:32,sepa,IL,Robert Coleman,Treatment environmental rock fund stand.,
6DAF0B71-15D,ACC83793389,C273148,35363.36,USD,2026-09-05T12:59:17,card,AG,Chris Jones,Find could really.,
B07FF195-2AF,ACC68571795,C735656,7657.05,GBP,2026-09-05T13:22:05,cash_deposit,VE,Martha Brandt,Past within indeed room significant business.,
6A2F9006-044,ACC35487660,C411120,23022.85,EUR,2026-09-05T13:31:38,swift,EE,Janet Jarvis,Why fear trip music former apply staff until.,domestic
3AEDC3D0-45E,ACC19528530,C842225,40424.29,EUR,2026-09-05T13:31:54,wire,GE,Adrian Hernandez,Two glass customer popular hospital.,domestic
035C4CEB-E30,ACC41329612,C377405,35541.54,CHF,2026-09-05T13:43:51,card,PE,Melanie White,General ground few land child.,
B1AAB132-F8D,ACC41348220,C997594,9993.28,USD,2026-09-05T13:51:34,card,SA,Amy Knight,Dinner wide much dream us assume city.,
CF83B4A3-3DC,ACC55728776,C293319,3960.73,EUR,2026-09-05T14:04:39,cash_deposit,BZ,Angela Peterson,Dog key career suffer time.,
B55BCD12-1A7,ACC77834855,C612262,3397.11,EUR,2026-09-05T14:21:41,crypto,KP,Sharon Cross,After early create think fear view child.,
FA3FF2DA-CB1,ACC69476001,C947272,49134.99,CHF,2026-09-05T14:44:39,crypto,KZ,George Armstrong,Where age size open rest investment race.,
2AFBE73D-F4B,ACC63121477,C237235,48209.71,EUR,2026-09-05T15:01:21,card,NG,Cody Klein,Collection young current.,
0AB886B3-6C4,ACC14216175,C446479,3205.94,EUR,2026-09-05T15:08:44,card,BS,Stephanie Johnson,South blood avoid health.,
CDF2688C-6FD,ACC46817443,C147726,19014.67,CHF,2026-09-05T15:37:21,sepa,IE,Jeffrey White,Camera field win worry.,
016FB39A-BEC,ACC68812137,C974244,47805.72,GBP,2026-09-05T15:46:14,crypto,DZ,Angela Richards,New common thank across.,
3D6457E9-A9A,ACC73380266,C355570,48139.96,GBP,2026-09-05T16:50:20,wire,IE,Miguel Taylor,Food when perform eight by meeting.,domestic
53F67922-85D,ACC76481885,C138817,42591.5,EUR,2026-09-05T17:07:02,swift,GH,Vincent Watkins,Toward experience loss tax church.,cross_border
6D9ACFD8-94F,ACC46540265,C624783,16925.51,GBP,2026-09-05T17:07:12,swift,AO,Edward Harvey,Natural develop believe grow.,cross_border
E5B88FBA-F70,ACC82498004,C184491,39337.53,USD,2026-09-05T17:25:10,crypto,PA,Debra Howard,Sell control quickly actually individual her major lot.,
24EE5174-1CA,ACC87342561,C142185,29416.09,USD,2026-09-05T18:20:16,card,CL,Stephanie Guerra,Ago among participant indicate agency half industry.,
A4C2E62F-6E1,ACC94525678,C703634,5329.78,CHF,2026-09-05T18:44:31,cash_deposit,KZ,Tiffany Wilson,Kid first ok each.,
D2C8DE5B-BCA,ACC44788100,C888295,21163.79,USD,2026-09-05T18:45:23,wire,PW,Michael Peterson,Put part lot relate free.,cross_border
A1C12490-FD4,ACC45935572,C169403,42402.05,GBP,2026-09-05T18:52:59,card,PK,Wayne Payne,Former relate listen face want wonder off.,
A0B3EBB7-732,ACC95758349,C632323,1431.84,GBP,2026-09-05T18:58:19,sepa,CY,Jeremy Robles,Spring both into risk certain follow camera.,
67574B99-750,ACC19528530,C842225,36716.54,USD,2026-09-05T19:05:56,wire,GN,Dalton Clark,Administration two deal ready under above drive sport.,domestic
3224AF96-122,ACC26941092,C596564,30001.42,USD,2026-09-05T19:31:33,swift,BH,Stephanie Moore,Position budget air course.,cross_border
FBA2FA9C-473,ACC71070189,C399105,26128.78,EUR,2026-09-05T19:32:13,card,BA,Kyle Thomas,Whether mention eight much history performance often.,
7DE2E487-F07,ACC42194159,C282256,9464.94,CHF,2026-09-05T19:37:10,card,MR,Mikayla Daniels,Inside stand book probably evening determine.,
05C004A0-C62,ACC19528530,C842225,38888.76,GBP,2026-09-05T20:00:11,swift,FJ,Ricky Buchanan,Owner son administration through individual college.,domestic
3CB5B8B0-DEA,ACC90267122,C141797,18535.45,CHF,2026-09-05T20:06:00,card,RS,Christopher Price,Couple table ok the choose decade me.,
B497A81E-534,ACC34391257,C152727,3307.67,USD,2026-09-05T20:17:21,wire,ME,William Garcia,Send smile sure much song various enjoy focus.,domestic
CF34ACCB-BA9,ACC55728776,C293319,11322.07,GBP,2026-09-05T20:41:35,cash_deposit,SE,Samantha Larson,Nothing Republican other image wind lay near your.,
3ACD59C5-A20,ACC20099059,C824586,18958.46,GBP,2026-09-05T21:03:36,card,KH,Anthony Bates,Art car attorney box long natural until agency.,
B1B5D8E0-61B,ACC17774584,C352572,40079.88,CHF,2026-09-05T21:04:35,card,EC,Jerry Anderson,News cultural make quickly different score its.,
B36639CC-175,ACC16927215,C313446,13419.66,CHF,2026-09-05T21:06:04,wire,GY,Dennis Yang,Charge movement remember leader.,cross_border
65E6507D-2EB,ACC68571795,C735656,31977.11,CHF,2026-09-05T21:06:49,card,PA,Kyle Haas,Blood could last or.,
3F5035D4-601,ACC98231132,C712024,48168.23,EUR,2026-09-05T21:14:20,wire,LC,Carolyn Silva,Color success cause teacher big.,domestic
F7D35ED2-980,ACC19233013,C356150,41208.58,USD,2026-09-05T21:29:19,crypto,IE,Kimberly Rodriguez,Save wide few my.,
63789292-C39,ACC50785405,C400850,41671.39,CHF,2026-09-05T21:51:15,cash_deposit,UY,Andrew Hobbs,Face deal brother.,
B2C12120-B76,ACC19233013,C356150,23465.83,USD,2026-09-05T22:15:52,card,LK,Anthony Wells,Think matter fund effort job baby relate agree.,
4EF1B9C3-733,ACC51098277,C796212,8554.06,USD,2026-09-05T22:19:15,cash_deposit,CF,William Duncan,Assume bed property.,
ECC7B7B2-800,ACC61410126,C827659,34268.6,USD,2026-09-05T22:20:36,card,ZM,Jill Ayers DDS,Student reduce vote whose during project travel.,
54BF36CA-C31,ACC19584466,C162535,46323.54,GBP,2026-09-05T22:27:35,card,BN,Chris Gibson,Us general want him.,
DE0F9906-62C,ACC13471527,C195763,6454.17,EUR,2026-09-05T23:29:41,swift,GH,Angel Davenport,Change president city system notice.,domestic
32D41063-6C6,ACC73481797,C839485,20058.2,GBP,2026-09-05T23:31:26,wire,MR,Misty Nelson,Wear close already discussion while him amount.,domestic
E654BC3C-8FF,ACC45570755,C455007,8460.83,USD,2026-09-06T00:22:46,wire,NL,Gregory Anderson,Five than trial subject lot evening.,domestic
7F60FE78-858,ACC61410126,C827659,1326.03,USD,2026-09-06T00:28:03,sepa,BH,Kevin Dominguez,Positive operation someone really many build.,
9D83A2D5-AD6,ACC25228493,C583863,36836.12,EUR,2026-09-06T00:33:27,card,LU,Claire Patrick,National body like a.,
07D3B9E6-B9E,ACC87267850,C498858,15125.15,USD,2026-09-06T00:35:56,wire,RO,Max Smith,Join begin a tree avoid time physical test.,cross_border
E8BB38FE-F93,ACC36757737,C979995,4699.86,CHF,2026-09-06T00:36:57,card,BY,Kimberly Logan,Tax people score decide real.,
027A29C1-AAE,ACC19584466,C162535,46892.17,CHF,2026-09-06T01:13:39,wire,SE,Joel Woodard,Age always show some scene need medical.,domestic
AFCDC1C0-36A,ACC71115319,C437408,49766.45,CHF,2026-09-06T01:16:30,wire,RU,Clayton Baird,Inside street American live someone.,domestic
D6E288AE-64D,ACC36726767,C254511,41304.25,CHF,2026-09-06T01:21:05,cash_deposit,CU,Kimberly Johnson,Better parent couple hot half easy.,
7575734D-23A,ACC54058573,C392136,7973.69,USD,2026-09-06T01:27:49,crypto,KH,Melinda Buck,Skin something bar good tell after collection.,
33FB008A-294,ACC41244663,C205907,15826.01,EUR,2026-09-06T01:30:47,cash_deposit,KR,Nicholas Garner,Minute education police cup thought tell design.,
8C319D07-204,ACC69302158,C678478,10951.46,GBP,2026-09-06T01:46:25,sepa,DM,Matthew Singh,Ability plan executive result.,
CC2A1569-611,ACC83534128,C567574,14770.48,GBP,2026-09-06T01:51:07,sepa,GA,Terry Montgomery,Hear population speech growth take article firm.,
90459B81-9BB,ACC16927215,C313446,32740.76,USD,2026-09-06T02:01:45,wire,MH,Heidi Williams,Personal begin region together.,domestic
EB8497EB-695,ACC22130508,C555052,9984.11,CHF,2026-09-06T02:06:45,card,CH,Zachary Joseph,Anyone policy remain charge race win.,
45A7E9A6-F28,ACC67062156,C329471,4351.31,EUR,2026-09-06T02:10:45,wire,KP,Patricia Anderson,Away foreign per sister perhaps.,cross_border
3A4427B7-351,ACC95132217,C544151,827.01,USD,2026-09-06T02:14:34,card,SY,Christopher Solis,As reveal decade view why single.,
B409144F-13B,ACC83932360,C114338,39309.06,EUR,2026-09-06T02:24:36,card,GH,Victor Rodriguez,With also rise parent fear why.,
273A6497-2AF,ACC35848226,C430876,20709.43,CHF,2026-09-06T02:53:55,cash_deposit,IR,Stacey Lewis,Race base argue glass start Mrs side.,
42FECA47-4D1,ACC83793389,C273148,6477.97,CHF,2026-09-06T03:03:33,wire,KR,Patrick Turner,Dark enough prevent likely fact behavior whom.,domestic
DC7F8D65-6B6,ACC67062156,C329471,6869.47,GBP,2026-09-06T03:35:09,swift,IR,Melanie Barker,Certainly main history production upon painting.,domestic
1FB26717-8AF,ACC17774584,C352572,5312.44,CHF,2026-09-06T03:52:28,cash_deposit,CO,Lauren Silva,Attack ahead run discuss professor material.,
0FEA5D31-BEE,ACC35583290,C728492,40513.66,EUR,2026-09-06T04:32:34,wire,IS,Jesse Montoya,Present common indicate design general.,domestic
DAF2CDC3-919,ACC69476001,C947272,29109.58,USD,2026-09-06T04:34:23,swift,TJ,Frank Freeman,Station difference create physical build.,cross_border
CA3B0634-508,ACC88961459,C680828,18763.59,EUR,2026-09-06T04:53:24,wire,BE,William Baker,Decide side natural focus.,domestic
5CF65D9B-ADF,ACC68571795,C735656,44104.39,CHF,2026-09-06T05:08:59,wire,DJ,Michael Davenport,Knowledge myself Mrs I determine work everybody.,domestic
7619719D-603,ACC82383095,C891952,31271.18,USD,2026-09-06T05:10:12,wire,SY,Andrew Rodriguez,Most how compare.,domestic
3B1C8692-4B8,ACC45351479,C624902,16940.83,USD,2026-09-06T05:10:33,wire,KE,Miss Alexandra Kelly,Computer will Mr without sing.,cross_border
95A96DBA-AFD,ACC73083727,C464863,41688.85,EUR,2026-09-06T05:14:02,wire,CA,Michael Butler,Lawyer ball moment owner politics citizen.,domestic
DEE0F5D2-5C9,ACC73771720,C740967,39469.21,CHF,2026-09-06T05:54:41,cash_deposit,BT,Amanda Lopez,Hard apply begin within include success these.,
934C7C71-BB0,ACC19233013,C356150,2144.55,CHF,2026-09-06T06:08:33,cash_deposit,SY,Larry Rojas,Camera red yard manage must.,
97F23E58-07C,ACC14265799,C131244,33099.84,EUR,2026-09-06T06:27:30,crypto,SY,Kyle Phillips,Painting between reduce table prepare shoulder result.,
C15AA22E-6B9,ACC31980274,C426147,211295.79,CHF,2026-09-06T07:05:41,cash_deposit,CO,Amanda Cameron,Evening voice magazine along thus program special.,
3F03835F-816,ACC61642594,C500156,16678.65,GBP,2026-09-06T07:15:00,sepa,BD,Cynthia Washington,Soldier give voice walk live probably record beyond.,
7D7E7AC9-7D9,ACC46361787,C421517,25130.01,USD,2026-09-06T07:25:24,swift,CV,Deborah Warren,Receive way pay wife ability they.,domestic
907014C7-8B6,ACC21631697,C392477,47940.03,CHF,2026-09-06T07:27:46,swift,NL,David Terry,Cost fish democratic support along customer to.,domestic
1C5A4561-2BA,ACC83089925,C335729,20203.13,USD,2026-09-06T07:30:42,wire,AM,Ronald Smith,Travel be actually allow sure likely door.,domestic
5ACE5C82-D20,ACC22517517,C890170,47330.57,GBP,2026-09-06T08:18:24,wire,CI,Andrea Smith,Lose miss plant international scene radio.,cross_border
27CD5A9D-CE4,ACC54058573,C392136,34424.82,USD,2026-09-06T08:25:22,cash_deposit,BW,Tracey Nielsen,Simply product music line modern low turn mind.,
D583C844-F24,ACC63121477,C237235,32050.21,EUR,2026-09-06T08:26:19,wire,FJ,Diana Adams,Establish war although citizen difference whole.,cross_border
BAEF8CD5-7E3,ACC72363359,C800005,48.45,GBP,2026-09-06T08:30:51,cash_deposit,CN,Derek Gomez,Plant stuff cup political discover however and audience.,
50CA4AC5-D5F,ACC51098277,C796212,3379.61,GBP,2026-09-06T08:52:37,swift,TT,Casey Elliott,Experience wait us either even treatment once.,cross_border
124F7030-EEC,ACC92874006,C171744,44454.63,GBP,2026-09-06T09:04:47,swift,ET,Allison Marshall,Arm operation coach visit.,cross_border
D3A2C73C-A0F,ACC13895645,C507746,3656.73,USD,2026-09-06T09:12:35,card,SG,Joann Mills,Successful pattern as collection direction bring form.,
B203795C-B6F,ACC61642594,C500156,24330.31,EUR,2026-09-06T09:31:24,wire,KP,Pamela Robinson,Program week provide program two.,cross_border
77790998-2FB,ACC73900135,C777278,9876.59,CHF,2026-09-06T09:54:05,wire,PH,Matthew Garza,Music rock force media day collection.,cross_border
633E8855-7E0,ACC98231132,C712024,31069.41,GBP,2026-09-06T09:54:38,swift,AG,Bailey Clay,Clearly cause learn.,cross_border
E13E7889-7A2,ACC90014570,C835244,20697.22,USD,2026-09-06T10:17:12,card,LB,Melissa Cruz,Success issue even big choice which.,
9625B3B3-23E,ACC20099059,C824586,41746.56,GBP,2026-09-06T10:39:56,crypto,RU,Timothy Trevino,Stand approach instead call.,
DF43033C-641,ACC24508349,C501124,4762.95,EUR,2026-09-06T11:20:29,sepa,BS,Marissa Moore,Certain modern service social Democrat.,
7087305B-5E9,ACC96098221,C634150,9695.87,EUR,2026-09-06T11:24:01,sepa,PG,Amy Martin,Also difference west although him.,
F6493861-6F7,ACC19736572,C109767,21911.05,EUR,2026-09-06T11:32:05,wire,ZM,Albert Wade,Boy all let common area interview.,domestic
711D42C7-7CE,ACC69476001,C947272,23203.55,CHF,2026-09-06T11:36:04,swift,CU,Tracy Fischer,Newspaper move radio.,domestic
8EDA55FE-66D,ACC81691040,C864544,14083.06,EUR,2026-09-06T11:38:16,card,IR,Matthew Davis PhD,Tough player a chair chance most hope official.,
A98F1F89-493,ACC32775593,C790855,22744.86,EUR,2026-09-06T11:39:32,sepa,DZ,Ronald Brooks,Movie magazine teacher could.,
1CD7784E-1F7,ACC32097220,C497382,6469.47,GBP,2026-09-06T12:12:36,wire,IL,Anthony Washington,Agent prevent occur.,cross_border
0E557CA7-95E,ACC16927215,C313446,41684.45,CHF,2026-09-06T12:40:56,wire,MC,Logan Khan,Pick ground lot.,cross_border
589F2449-E82,ACC73380266,C355570,34746.96,GBP,2026-09-06T12:42:53,sepa,BI,Caitlin Moore,Person so defense lawyer admit raise although dog.,
9A37DB40-E6E,ACC50071487,C978157,17252.96,CHF,2026-09-06T12:44:02,swift,FR,Gregory Berry,Because speak site value fact middle.,domestic
572CE2B8-155,ACC95132217,C544151,33306.25,USD,2026-09-06T12:47:32,swift,RW,Lucas Atkins,You course great land song.,domestic
9E65E50F-7F8,ACC32329103,C827712,39836.59,USD,2026-09-06T12:48:19,cash_deposit,LA,Brandon Cox,History yes could raise market final.,
4862D395-979,ACC87267850,C498858,10930.36,EUR,2026-09-06T13:05:08,wire,DZ,Laurie Padilla,Boy night security common.,cross_border
48B5BD5C-8AE,ACC35487660,C411120,6503.24,EUR,2026-09-06T13:13:49,sepa,LT,Christopher Bailey,Authority defense here.,
0B7D18A1-542,ACC99889098,C850981,9988.61,CHF,2026-09-06T13:24:14,sepa,AL,Kendra Moon,Understand specific so some deal.,
445E5B02-B3D,ACC50071487,C978157,43482.62,EUR,2026-09-06T13:33:00,card,GA,Sara Chan,Into science production guy.,
1FF03E30-810,ACC58884978,C552248,14992.49,GBP,2026-09-06T13:48:20,card,AZ,David Santiago,Sport music term least.,
E931F6CB-342,ACC32775593,C790855,7104.38,GBP,2026-09-06T13:49:12,card,VN,Deborah Shaw,Billion son address remember family never.,
78EA2197-B4B,ACC72363359,C800005,17620.39,GBP,2026-09-06T13:59:55,cash_deposit,UA,Anthony Gardner,Value process prevent seem idea reach agency.,
19A7B699-467,ACC61642594,C500156,39970.61,EUR,2026-09-06T14:37:27,wire,PA,Evan Buchanan,Minute within possible.,cross_border
2315824A-291,ACC88961459,C680828,29763.22,CHF,2026-09-06T15:15:32,swift,AR,Thomas Pham,Support effect stand general wind eat land.,cross_border
8EEDE101-136,ACC75529051,C330080,37809.74,CHF,2026-09-06T16:07:04,wire,SA,Pamela Vazquez,Hair score full.,cross_border
E244919A-82F,ACC81621574,C498468,35828.05,USD,2026-09-06T16:07:59,sepa,MX,Richard Smith,Consumer both notice.,
D9F8D4D5-CA9,ACC17275149,C296694,14085.56,EUR,2026-09-06T16:19:43,wire,GE,Tanya Cummings,Trouble wish box course attorney resource.,domestic
7AE0170A-76A,ACC86320155,C751194,33414.8,GBP,2026-09-06T16:31:04,sepa,IQ,Gordon Wilson,If left yourself your join amount prepare.,
32AB5518-2BF,ACC77834855,C612262,37584.05,USD,2026-09-06T17:16:32,crypto,BG,Valerie Roberts,Mission his baby rule recently eight.,
A44555D2-972,ACC70467027,C564226,46689.25,USD,2026-09-06T17:19:22,wire,CN,Matthew Hayes,Leader story region room.,domestic
A36EF1DC-FA5,ACC31980274,C426147,24794.81,EUR,2026-09-06T17:53:54,swift,MW,Paul Kirk,Society home southern forward citizen foreign himself.,cross_border
B9FD098A-E4D,ACC21490777,C353080,5357.67,USD,2026-09-06T18:01:28,crypto,AU,Frank Osborne,Down later cost send.,
902E8E52-33B,ACC88183110,C679364,543.49,GBP,2026-09-06T18:15:42,sepa,KP,Debra Coleman,Machine than above themselves dark charge middle.,
07EF1112-88D,ACC61642594,C500156,25774.0,USD,2026-09-06T18:16:18,cash_deposit,MK,April Harrell,Rise thousand catch own than evidence.,
36330DF4-24D,ACC47346970,C888539,29234.17,GBP,2026-09-06T18:25:12,card,SV,John Hawkins,Man nature sure for another establish.,
F63B9D59-B7E,ACC81691040,C864544,32331.59,GBP,2026-09-06T18:26:28,wire,TL,Sonya Chavez,Assume both long.,domestic
55683E57-2D7,ACC42194159,C282256,28434.18,USD,2026-09-06T18:27:56,swift,SC,Ana Cole,Get their husband newspaper.,domestic
45F474E5-F6C,ACC50785405,C400850,24136.72,USD,2026-09-06T18:44:39,wire,GT,Brandon Ball,Evening truth admit partner stop discover professional.,cross_border
0E5197A6-59A,ACC70467027,C564226,6218.65,CHF,2026-09-06T18:44:50,sepa,IR,Nathan Mathews,Get beat as throughout.,
5DCCDEF4-557,ACC63640499,C355836,22222.11,EUR,2026-09-06T19:05:01,swift,FM,Charles Davis,Day authority from body.,domestic
AE8406B6-FAC,ACC68802946,C832168,23002.75,USD,2026-09-06T19:09:37,sepa,JM,Brett Sullivan,Ball example fact still natural administration.,
D31EB0F9-F31,ACC35848226,C430876,3815.64,GBP,2026-09-06T19:31:58,card,SY,Nathan Webb,Interesting exactly pull dark by bar child popular.,
8E72742C-B16,ACC71662963,C662275,20996.59,USD,2026-09-06T19:45:44,wire,GY,Amber Walker,Idea dog learn soon large task.,domestic
D39DF37C-D88,ACC36726767,C254511,24563.54,EUR,2026-09-06T19:48:55,sepa,YE,Laura Thomas,Fight task present.,
CB91A79A-281,ACC78387461,C617488,25304.67,CHF,2026-09-06T20:20:46,wire,US,Kylie Rogers,Industry class lawyer smile among.,cross_border
75FFD8A9-B6A,ACC68942178,C230394,28043.14,GBP,2026-09-06T20:21:22,wire,GD,Teresa Holmes,Consumer pay well poor.,cross_border
5D9C1621-AAC,ACC73481797,C839485,14552.62,CHF,2026-09-06T20:25:04,sepa,RU,Zachary Nelson,Project about this tend indicate note.,
424831DE-A34,ACC65692629,C456385,33737.44,GBP,2026-09-06T20:33:40,cash_deposit,TR,Dustin Smith,Mouth now chance field.,
BA8EB6CE-68B,ACC96098221,C634150,43261.57,USD,2026-09-06T20:39:05,swift,NP,Cindy Townsend,Lot drop quality between manager newspaper board.,cross_border
38060E73-642,ACC22489409,C408528,2817.26,CHF,2026-09-06T20:53:11,swift,CU,Jesus Collins,Interesting help particular pay.,cross_border
202A0880-960,ACC68571795,C735656,38942.36,CHF,2026-09-06T20:58:41,wire,DK,Michael Horton,Produce woman very food.,domestic
D3FDB996-98B,ACC69302158,C678478,13489.28,CHF,2026-09-06T21:09:49,wire,GM,Kyle Hamilton,Home image education general.,cross_border
5396C902-11E,ACC76344695,C992288,22755.15,GBP,2026-09-06T21:37:23,card,AU,David Glenn,Mean remember cut product short take.,
1EACCD44-6D3,ACC95613415,C889359,40801.55,USD,2026-09-06T22:13:18,card,BD,Debbie Hall,Force cell industry station treat.,
07604B11-FE7,ACC99943797,C209680,27760.39,EUR,2026-09-06T22:44:30,sepa,BB,Kelly Nelson,Choose decision argue north toward special enjoy.,
83242224-FE0,ACC87267850,C498858,39265.51,GBP,2026-09-06T22:46:35,card,ZM,Amber Montgomery,Degree maintain institution husband cultural trip on.,
32B7B545-CC7,ACC65259205,C941204,11099.63,GBP,2026-09-06T23:07:48,swift,BS,Heather Gonzalez,Weight fly although.,cross_border
50386B99-24B,ACC41329612,C377405,18068.69,USD,2026-09-06T23:15:37,card,HT,Kathryn Porter DVM,Continue move us.,
0AEF4D89-814,ACC51098277,C796212,12071.21,CHF,2026-09-06T23:57:27,sepa,RS,Scott Garcia,Eight paper my read worker.,
0289B2DE-496,ACC65177213,C589710,42654.46,CHF,2026-09-07T00:02:03,cash_deposit,CU,Lauren Higgins,Important upon property public role few.,
D59CC8B3-3DB,ACC16927215,C313446,9980.4,USD,2026-09-07T00:15:45,swift,BF,David Orr,Opportunity learn scientist.,domestic
84AEF899-EBF,ACC19584466,C162535,24846.99,GBP,2026-09-07T00:22:13,card,MU,Ronald Burgess,Night audience police number space.,
ADC46DE5-810,ACC45935572,C169403,48164.75,USD,2026-09-07T00:26:56,wire,MV,Elizabeth Mullins,My some skin ball thing save area war.,cross_border
4554F8D6-EE6,ACC68461818,C965845,34442.84,USD,2026-09-07T00:32:02,card,GE,Richard Carlson,Start cut many area day let plant.,
A3CEE66A-B70,ACC42194159,C282256,6072.84,EUR,2026-09-07T00:34:13,wire,HU,Melissa Stevenson,Up collection smile discussion subject.,cross_border
0B26D928-957,ACC95613415,C889359,32857.1,GBP,2026-09-07T00:43:00,wire,AE,Brian Reid,Law whom Republican event unit turn sometimes.,domestic
E58E319C-54F,ACC87049595,C398151,9981.19,USD,2026-09-07T00:58:10,swift,SV,Christina Lopez DDS,Get law decision same bad camera.,cross_border
9758C42F-CBA,ACC36786211,C956253,15587.67,GBP,2026-09-07T01:00:34,card,CY,Sharon Long,Later enough pick help head Democrat.,
803B7BD0-2E6,ACC81691040,C864544,5744.95,EUR,2026-09-07T01:20:34,card,BT,Angel Meyer,Against serve police decide customer.,
6F129331-38C,ACC77827638,C731262,49041.15,CHF,2026-09-07T01:30:40,wire,CZ,Matthew Rangel,Whose recognize hot organization visit.,domestic
6537C70A-AB4,ACC95613415,C889359,16512.57,USD,2026-09-07T02:12:40,cash_deposit,SY,Amanda Williams,Traditional office glass they send name.,
DA53D0F1-AC4,ACC41068214,C402099,46865.31,CHF,2026-09-07T02:13:33,wire,SC,William Russell,Light voice send unit.,domestic
64E794CF-D82,ACC31682744,C665579,10527.22,CHF,2026-09-07T02:23:26,card,SE,Dominic Davis,Rule institution family idea order morning.,
CCE1212A-7AB,ACC50079111,C890075,48487.94,CHF,2026-09-07T02:24:19,cash_deposit,OM,Edward Walker,On as painting.,
203B32BC-398,ACC13471527,C195763,4531.89,CHF,2026-09-07T03:10:51,sepa,GR,Devin Stuart,High book suffer worry somebody.,
79DD19B6-173,ACC41244663,C205907,18017.13,USD,2026-09-07T03:54:20,wire,BG,Robert Butler,Thank dinner present own.,domestic
90D0D79C-B79,ACC25312516,C962050,8966.02,USD,2026-09-07T04:24:05,wire,ZA,Barbara Nguyen,Use somebody decision glass sort doctor.,cross_border
2A1EFCB4-AA9,ACC51098277,C796212,49059.61,EUR,2026-09-07T04:33:53,wire,BR,Lisa Pennington,Pattern need yourself identify ball history later.,domestic
4E8DFAFD-04D,ACC73481797,C839485,14144.82,CHF,2026-09-07T05:03:50,card,SK,Sarah Watkins,Argue lead board finish.,
C5FAB0E8-196,ACC58181396,C988662,23955.7,CHF,2026-09-07T05:21:13,swift,AT,Denise Brown,Physical many member area teacher cold church.,domestic
ED87C016-466,ACC41068214,C402099,39796.88,EUR,2026-09-07T05:27:52,wire,CY,Paula Huff,Common white station soldier kid team.,domestic
D6EA9EEB-CB3,ACC15614174,C423232,17243.61,EUR,2026-09-07T05:31:12,crypto,KP,Heather Gomez,Ready player feel gas.,
0D4B3ECF-ED8,ACC16927215,C313446,44469.62,GBP,2026-09-07T05:41:15,crypto,MZ,Juan Hughes,Establish evening teach town season toward.,
9B1B4771-76B,ACC86460539,C358175,9450.48,USD,2026-09-07T05:51:03,wire,BO,Loretta Johnson,Fund create rich development Mrs surface analysis.,domestic
74677EEF-817,ACC67062156,C329471,32955.15,EUR,2026-09-07T05:55:44,swift,KI,Luke Kerr,Top hospital perform quality.,cross_border
37084ADC-966,ACC24366125,C878480,42770.39,EUR,2026-09-07T05:59:37,card,BY,Kristen Hoffman,Clear human cost budget order idea.,
BE645EEB-C71,ACC77827638,C731262,47639.94,EUR,2026-09-07T06:00:16,card,KP,Brenda Mitchell,Receive catch relationship large accept bad eight.,
037F8D0B-614,ACC39042654,C874483,12736.38,EUR,2026-09-07T06:06:04,wire,HN,Kayla Woods,Try magazine reach TV.,domestic
2D438930-3CC,ACC42194159,C282256,39050.93,GBP,2026-09-07T06:17:56,swift,LR,Kimberly Miller,Practice close key industry third surface nation last.,domestic
6FCA773B-7E8,ACC58181396,C988662,27106.75,CHF,2026-09-07T07:04:27,cash_deposit,KN,Derek Wright,Go skin result answer.,
486D27A2-5E2,ACC75529051,C330080,15397.63,USD,2026-09-07T07:35:35,sepa,NO,Amber Ross,He value nor large during trial so.,
AE99AE39-CF1,ACC68461818,C965845,36988.68,CHF,2026-09-07T07:40:58,cash_deposit,KI,Kimberly Schmitt,Interest fly north style policy indeed.,
A2E8ED05-8E3,ACC64830300,C572387,12313.54,GBP,2026-09-07T08:09:51,cash_deposit,BY,Wayne Morrow Jr.,Way send beyond billion.,
6CCE3476-5C3,ACC98231132,C712024,18259.75,CHF,2026-09-07T08:10:35,wire,SD,Sophia Richmond,Computer lawyer easy need whole board.,cross_border
455EABB5-F62,ACC94525678,C703634,44409.73,EUR,2026-09-07T08:11:23,swift,GW,Tyler Gibson,Card result service your range.,cross_border
57768FCA-9C8,ACC35583290,C728492,32124.12,EUR,2026-09-07T08:39:44,card,SK,Jose Kelley,Cell allow stuff care see because.,
CE10BA3B-1A8,ACC99508850,C528231,8891.29,CHF,2026-09-07T08:46:51,cash_deposit,ST,Cathy Crawford,Wife nice stuff road learn argue night.,
9E2F8820-560,ACC73083727,C464863,25282.89,GBP,2026-09-07T09:10:58,sepa,SY,Alisha Robertson,Never month mouth best hour.,
2F7E4F02-AF3,ACC55728776,C293319,12853.66,CHF,2026-09-07T09:12:24,card,ER,Laura Morton,Knowledge edge top course town.,
A8CED40C-8A6,ACC77827638,C731262,13668.1,CHF,2026-09-07T09:26:21,cash_deposit,HR,Lisa Harper,Class story side speak.,
D5B288F4-BF0,ACC69096899,C204555,28834.37,EUR,2026-09-07T09:26:36,card,VE,Daniel Farmer,Both simple religious drug employee.,
A441DBC9-F6B,ACC35487660,C411120,36550.43,CHF,2026-09-07T09:32:50,card,TD,Lisa Thompson,Grow service during health note chair guess.,
748F2E52-50C,ACC87049595,C398151,30230.53,EUR,2026-09-07T09:38:29,crypto,ML,Ryan Murphy,Town together TV decision daughter coach.,
C53A031E-0F5,ACC88961459,C680828,9997.12,CHF,2026-09-07T09:59:28,crypto,MG,Stephanie Fischer,Follow born ok training.,
B5BF16B5-02D,ACC82383095,C891952,42026.97,GBP,2026-09-07T10:15:28,sepa,AF,Michelle Scott,Spend road lawyer any example business majority.,
5139D5A8-121,ACC68802946,C832168,42662.96,USD,2026-09-07T10:22:40,cash_deposit,BI,Donna Lyons,Vote human size newspaper become myself.,
D1529892-D20,ACC68812137,C974244,18053.31,GBP,2026-09-07T10:29:31,crypto,SC,Emily Harmon,Company hospital everything fly operation.,
42522DE8-3E2,ACC64247457,C639593,203131.01,EUR,2026-09-07T11:03:32,sepa,MG,Barbara Robinson,Somebody remain color glass.,
E3F5C349-163,ACC68812137,C974244,37094.91,USD,2026-09-07T11:03:44,card,AU,Crystal Wright,Trip option early agree low.,
F68BF1B4-EFB,ACC39042654,C874483,35924.41,USD,2026-09-07T11:17:48,wire,NO,Daniel Rodriguez,Light should edge really.,cross_border
3F12C0BF-9F7,ACC66722344,C456778,9980.23,USD,2026-09-07T11:18:11,cash_deposit,TD,Roberto Levy,Leave run goal cause national contain threat.,
C78DCE2F-08E,ACC82160068,C323508,444899.71,GBP,2026-09-07T11:36:45,wire,GR,Michelle Johnson,Newspaper put student mission.,cross_border
3FA0A609-36C,ACC69476001,C947272,17448.22,GBP,2026-09-07T11:40:05,wire,UZ,Lisa Spencer,Positive exist later nation.,cross_border
1E969F80-12A,ACC45551614,C246413,12377.13,GBP,2026-09-07T11:42:01,cash_deposit,BI,Luke Martinez,Main year size show show.,
C2902346-D9C,ACC58181396,C988662,44108.57,GBP,2026-09-07T12:00:23,card,AO,Elizabeth Ramirez,Teach range win direction feel season similar.,
D6463807-C32,ACC71662963,C662275,5291.83,EUR,2026-09-07T12:09:49,wire,ET,Jason House,But through leader operation mean white above save.,cross_border
D1A6B918-876,ACC25374874,C814825,9255.44,USD,2026-09-07T12:13:19,card,RU,Danielle Ryan,Face low enter able.,
5888718D-B4F,ACC33357554,C745414,48412.36,EUR,2026-09-07T12:23:11,crypto,CI,Paul Acosta,Recognize without necessary impact me unit.,
5D649A54-27D,ACC50785405,C400850,7001.65,CHF,2026-09-07T12:26:10,swift,ZA,Tammy Rojas,Southern report of election available east off.,domestic
56B6FC7C-3B2,ACC83534128,C567574,46143.23,GBP,2026-09-07T12:42:13,wire,MV,Billy Mejia,Base ok bill too five catch.,domestic
A5779AA0-3E6,ACC97260863,C171951,44359.88,CHF,2026-09-07T12:49:57,card,SV,Chad Castillo,Every reveal east strong market name last reveal.,
61C5B515-D5E,ACC78387461,C617488,38641.63,USD,2026-09-07T13:12:41,wire,CG,Elizabeth Allen,Produce wait with young think there.,domestic
53D029F7-4CA,ACC35848226,C430876,44930.32,USD,2026-09-07T13:15:34,cash_deposit,TN,Tammy Simon,Allow public thus.,
5D0282BB-AAC,ACC25374874,C814825,23805.86,EUR,2026-09-07T13:27:01,swift,SG,Tracy Sims,Each budget however few other common.,domestic
7FBE1191-914,ACC63640499,C355836,39288.92,USD,2026-09-07T13:30:24,wire,JP,Carolyn Shah,With water kind use information loss evening.,domestic
FDE5F329-8D7,ACC45570755,C455007,22218.7,USD,2026-09-07T13:32:40,card,MN,Robert Bass,But but his audience move expect second.,
906A711D-FDF,ACC87049595,C398151,43929.72,EUR,2026-09-07T13:35:30,sepa,BY,Walter Crosby,Join sing picture according consider democratic involve.,
AE98DC81-520,ACC39958838,C246316,30754.27,USD,2026-09-07T13:59:06,crypto,KE,Julie Jones,Team right woman whose source.,
107E6D97-91E,ACC84903294,C901577,31013.35,CHF,2026-09-07T14:05:37,card,SM,Jessica Watson,Happen simply ok everyone large.,
FB496C06-2CC,ACC87282128,C810250,20973.36,USD,2026-09-07T14:19:39,cash_deposit,BB,Wesley Burns,Safe must speech.,
3D0BBA33-ADD,ACC44392446,C904150,42973.98,EUR,2026-09-07T14:20:53,wire,KW,Lance Osborne,Thank bill performance several gun happy.,domestic
89F2C4BA-C32,ACC47333543,C290305,17691.82,GBP,2026-09-07T14:26:56,cash_deposit,ME,Angela Wilson,World door about their by charge week.,
7EBFB5A1-DEE,ACC87267850,C498858,32125.79,CHF,2026-09-07T14:49:40,sepa,GQ,Zachary Barrett,Moment general behavior very example finally yet.,
2598F933-5FD,ACC45551614,C246413,28161.6,CHF,2026-09-07T15:03:37,sepa,SA,Bonnie Stewart,Item employee finish without material wind exactly.,
D0694E79-B62,ACC97971488,C623481,9617.69,EUR,2026-09-07T15:54:20,card,TL,Elijah Montes,Market suggest skin subject movie.,
12657AB9-845,ACC76500726,C402218,43729.89,CHF,2026-09-07T15:54:44,card,BE,Amy Carey,Second we run politics.,
E1ADCBF6-067,ACC87049595,C398151,6957.81,CHF,2026-09-07T16:06:01,cash_deposit,TW,Austin Brown,Quite expert here watch again.,
C428805E-6B2,ACC83534128,C567574,15532.34,CHF,2026-09-07T16:22:43,card,BB,Crystal Murphy,Base total kind.,
A1A305C9-D99,ACC42194159,C282256,48547.01,CHF,2026-09-07T16:25:59,sepa,FM,Tammy Larson,Sort bank ok keep thank market.,
DBD34FE1-129,ACC77827638,C731262,48313.74,CHF,2026-09-07T16:34:12,wire,KR,Christopher Thomas,Attorney scientist will begin most heavy.,cross_border
C572AD87-48E,ACC68571795,C735656,32364.69,EUR,2026-09-07T16:39:29,wire,EC,Megan Larson,Sign beautiful trip.,cross_border
23347CC8-687,ACC34627347,C392075,38026.79,EUR,2026-09-07T16:49:02,wire,MN,Chelsea Lee,Protect like film.,domestic
8E3F7861-19C,ACC53536830,C934816,19345.63,USD,2026-09-07T17:11:23,card,CR,Amy Davis,Agent life almost dinner summer.,
BC663972-807,ACC81691040,C864544,47849.82,CHF,2026-09-07T17:14:55,wire,ET,Morgan Mills,Century the state visit quality car.,domestic
F4FA5294-8AA,ACC67110154,C882169,29204.14,GBP,2026-09-07T17:31:17,sepa,SB,Daniel Lewis,Low yourself security you scene your edge.,
FFF376E4-719,ACC39042654,C874483,31998.94,CHF,2026-09-07T18:00:28,card,BI,Eric Ortega,Approach relate indeed really people turn.,
FA0143B2-A7B,ACC41068214,C402099,33726.36,USD,2026-09-07T18:10:52,swift,GD,Stacy Cummings,General western safe allow company deep yet.,cross_border
D9C670CB-835,ACC66722344,C456778,25199.75,GBP,2026-09-07T18:21:36,card,BO,Lisa Larson,Ahead event yeah make green wait.,
0FA2F9CE-BCE,ACC94560158,C738448,42523.2,EUR,2026-09-07T18:33:09,cash_deposit,ER,Mary Baker,Agency operation democratic reality method business nation.,
81CDA58A-35E,ACC51098277,C796212,16650.24,EUR,2026-09-07T18:37:57,crypto,CV,Leslie Smith PhD,Control far card share material religious much sit.,
D0A76697-100,ACC58181396,C988662,24487.2,USD,2026-09-07T18:44:51,cash_deposit,SY,Tamara Richard,Arrive challenge relate center book money.,
E29000FF-78F,ACC78387461,C617488,16532.44,EUR,2026-09-07T18:50:51,sepa,GY,Samantha Stone,Want simply people shake personal.,
500C9654-EC9,ACC77827638,C731262,27731.49,EUR,2026-09-07T19:03:59,card,PH,Eric Nguyen,Other third choose senior anyone bank kitchen.,
1633FBE7-201,ACC36786211,C956253,42715.87,GBP,2026-09-07T19:08:29,card,CU,Jennifer Smith,Both number upon agent.,
F80BAB20-33E,ACC19289546,C897549,40090.42,GBP,2026-09-07T19:34:55,cash_deposit,SA,Joseph Fox,Such interview follow five condition century sport.,
AE38AA42-92E,ACC13895645,C507746,30698.31,EUR,2026-09-07T19:58:58,card,BF,Nancy Myers,Someone lot plan world very manage.,
E8063190-13E,ACC88961459,C680828,9995.88,EUR,2026-09-07T20:11:16,wire,WS,Tiffany Williams,Both letter one then reality.,domestic
85A5E84F-FA5,ACC81503856,C549186,45709.51,GBP,2026-09-07T20:14:39,cash_deposit,RU,Mary Martinez,Hundred thus treat though wonder.,
8849A106-84F,ACC17634247,C632496,31517.48,CHF,2026-09-07T20:19:39,card,NG,Samantha Walker,Leg car involve radio image crime.,
DCD3D2FC-47C,ACC92874006,C171744,11739.03,CHF,2026-09-07T20:20:26,card,ID,Lauren Dixon,Growth treatment heavy miss few economic rise technology.,
9A66BDE9-3C3,ACC17275149,C296694,39354.46,EUR,2026-09-07T20:20:36,crypto,NP,Ronald Wade,Investment but safe baby start attorney blue.,
20245240-6B3,ACC67110154,C882169,446984.3,GBP,2026-09-07T20:24:24,sepa,SM,Chelsea Bowman,Ground up throughout size wide want.,
4D37CD58-3D1,ACC22660194,C201639,9978.91,USD,2026-09-07T20:26:00,cash_deposit,CF,Joseph Murphy,Talk like maintain serious style.,
F89173E7-544,ACC81503856,C549186,3787.19,USD,2026-09-07T20:49:37,card,PA,Chad Haynes,Myself blood range.,
04D01A41-CBC,ACC64830300,C572387,46317.63,GBP,2026-09-07T21:19:03,wire,MC,Sonya Woodard,Up sense heavy gas in street.,domestic
2D67EDD3-2A1,ACC81691040,C864544,33668.2,USD,2026-09-07T22:06:25,card,TN,Cynthia Bates,School Republican student boy.,
03648B6F-3CD,ACC54058573,C392136,19600.94,USD,2026-09-07T22:12:00,crypto,SN,Ariel Walters,Believe and blood.,
6BD947C1-7B5,ACC90014570,C835244,151837.57,GBP,2026-09-07T22:44:15,wire,TO,Ryan Howell,Arrive run institution girl.,domestic
FF6C7829-293,ACC73900135,C777278,33829.96,CHF,2026-09-07T22:47:13,card,GH,Faith Rowland,Especially hard answer program miss front sing campaign.,
DDA74C01-048,ACC36786211,C956253,36121.86,GBP,2026-09-07T23:03:28,card,MC,James Cole,Whom reach certain deal stay poor beyond.,
93800002-B60,ACC53536830,C934816,17712.51,CHF,2026-09-07T23:21:29,cash_deposit,TD,Traci Williams,Dinner despite usually somebody study with each.,
62084F1F-7CF,ACC90014570,C835244,44404.29,GBP,2026-09-07T23:28:21,card,AE,Brandy Rhodes,Capital hold small you.,
A26A4891-CD3,ACC45351479,C624902,7425.43,GBP,2026-09-07T23:43:53,card,ST,John Juarez,Result analysis court nearly education theory table.,
C782707A-110,ACC64038913,C863587,9989.43,CHF,2026-09-07T23:52:59,sepa,LC,Jacqueline Smith,Sign wide cut challenge quite tax season.,
1771BB33-C40,ACC71662963,C662275,12061.68,GBP,2026-09-08T00:21:30,card,SY,Courtney Nichols,Trade public medical suddenly subject theory Congress.,
5A957A08-46D,ACC86460539,C358175,28640.93,USD,2026-09-08T00:32:00,crypto,FM,Peter Campbell,Trip right challenge easy eat.,
101F5335-F05,ACC99889098,C850981,37840.96,USD,2026-09-08T00:33:15,card,BJ,Rebecca Schmidt,Here I trip bad real.,
ECA6F980-1D4,ACC32329103,C827712,8561.83,GBP,2026-09-08T00:58:29,sepa,ST,Tonya Padilla,Language start various task get south major statement.,
EE6627EB-9EC,ACC52091325,C159942,41844.3,GBP,2026-09-08T01:11:13,wire,SZ,Kristen Flores,Big method message though.,domestic
5E3EFDFA-D16,ACC65682626,C527398,47103.86,EUR,2026-09-08T01:32:13,wire,IR,Laurie Monroe,Operation pretty usually fish however character human.,domestic
FD634F6A-A69,ACC38195995,C815198,19935.7,USD,2026-09-08T02:34:20,swift,SY,Rodney Greene,Into back keep same specific read put.,cross_border
7CBC9889-8B8,ACC21819185,C429795,1098.06,EUR,2026-09-08T02:47:42,wire,OM,Robert Stewart,Start executive evidence include charge.,cross_border
393B7FD0-4CE,ACC40547349,C333752,11406.52,USD,2026-09-08T03:19:16,cash_deposit,BW,Scott Bruce,Low lawyer single on.,
E45BC25D-D7C,ACC23492385,C973074,45953.25,EUR,2026-09-08T03:20:37,card,CL,Taylor Hendricks,Course these next strong office only term each.,
53B7AE0B-CA3,ACC39587039,C571029,32098.95,CHF,2026-09-08T03:29:56,card,SI,Ronald Arnold,Consider whom item treat area buy check clearly.,
19CE6954-8FA,ACC11698142,C990844,9399.53,CHF,2026-09-08T03:37:36,cash_deposit,MA,Lori Hall,Similar before call series raise often win.,
429732A5-96B,ACC45570755,C455007,16854.6,EUR,2026-09-08T04:09:58,cash_deposit,WS,Tina Williams DDS,Although himself discussion do actually population remember herself.,
31E1F82C-11A,ACC73900135,C777278,20017.47,USD,2026-09-08T04:28:16,crypto,SA,Randy Edwards,Executive carry him crime statement early together.,
2428D557-329,ACC84093639,C407419,27356.84,CHF,2026-09-08T04:42:17,crypto,MH,Mr. Larry Shaw,Key discover method exactly.,
58C56AB1-410,ACC25374874,C814825,14796.56,CHF,2026-09-08T04:46:15,cash_deposit,AE,Patrick Tapia,Range amount large collection us shake tough.,
BE528E28-1C1,ACC75181648,C604740,30032.94,EUR,2026-09-08T05:11:09,cash_deposit,UG,Michael Crawford,Simply director law.,
8CE56565-AC8,ACC97225156,C491559,9989.07,USD,2026-09-08T05:19:36,wire,TJ,Paul Moreno,Factor firm purpose ahead person.,cross_border
166BF976-D63,ACC21490777,C353080,34836.86,CHF,2026-09-08T06:05:05,crypto,VE,Ashley Kent,Turn professor agent son standard air.,
9C475EF6-A31,ACC73900135,C777278,38410.34,EUR,2026-09-08T06:14:50,sepa,JM,Robert Chen,Family election green process artist good cultural quality.,
CED650DC-28C,ACC61410126,C827659,35264.62,GBP,2026-09-08T06:19:16,card,SO,Kyle Hansen,They face ten behavior effect special major.,
CD83D134-90A,ACC84813739,C361303,23802.94,CHF,2026-09-08T06:22:02,cash_deposit,BJ,Martin Clark,Store development economic anything citizen.,
1D8B2B94-02B,ACC93955206,C321275,22961.81,CHF,2026-09-08T06:28:56,sepa,BS,Courtney Parker,Bad step financial sure able national threat must.,
AED2F1E5-752,ACC19943140,C705050,44186.57,CHF,2026-09-08T06:33:05,wire,GM,Danielle Ball,Southern fight always.,cross_border
EAD96DBE-095,ACC82383095,C891952,5556.22,EUR,2026-09-08T07:11:54,wire,CV,Christopher Smith,Customer common film continue.,domestic
AA7757FE-AEE,ACC70467027,C564226,23097.64,EUR,2026-09-08T07:24:57,card,FI,Haley Joseph,Her race reason list.,
622F6558-A5A,ACC21267237,C773971,39013.84,EUR,2026-09-08T07:27:49,wire,BY,Michael Whitaker,Surface wall throughout but company leave break.,cross_border
0FA25F50-D74,ACC95613415,C889359,30383.2,GBP,2026-09-08T07:31:44,sepa,DO,Glenda Arroyo,Product build play seem recent.,
01EC7903-A2D,ACC82383095,C891952,267.91,EUR,2026-09-08T07:37:41,crypto,RU,Ashley Huffman,Claim can medical.,
B3185707-B18,ACC35848226,C430876,19650.81,CHF,2026-09-08T07:54:48,wire,TD,Terri Larson,Term hard really lawyer.,cross_border
0CD1CC20-F13,ACC25312516,C962050,31348.68,CHF,2026-09-08T08:11:06,wire,GN,Michael Crawford,Family west eye century upon war.,domestic
0C5B81DF-48E,ACC73481797,C839485,36824.92,EUR,2026-09-08T08:27:41,cash_deposit,CL,Adam Glass,Bad management cup you form learn trade.,
F6F4BC23-BDB,ACC65682626,C527398,31836.5,GBP,2026-09-08T08:37:44,card,RS,Sharon Sanders,Appear stand environment meeting.,
CAB203D4-FCA,ACC99038359,C989208,4552.44,USD,2026-09-08T08:42:47,card,PH,Brittany Zimmerman,Charge away help second brother ago cultural.,
BC196532-E69,ACC31682744,C665579,35888.17,CHF,2026-09-08T08:47:09,swift,LV,Mr. Joshua Moore,Unit cover ahead age memory.,cross_border
570D1AF6-61D,ACC54058573,C392136,19260.98,EUR,2026-09-08T08:55:08,crypto,GT,Thomas Ross,Eat car benefit agreement.,
9A4E3863-ACE,ACC58884978,C552248,37651.54,CHF,2026-09-08T09:11:37,card,IQ,Nicole Irwin,Lose garden interesting cover practice teach.,
EE798775-939,ACC35487660,C411120,6999.37,USD,2026-09-08T09:20:49,cash_deposit,EG,Mary Parks,Key three fund just analysis.,
FA8B95CA-49B,ACC46540265,C624783,49109.01,GBP,2026-09-08T09:37:02,wire,BZ,Heather Pratt,Management federal organization.,domestic
A08A5051-186,ACC41244663,C205907,32773.47,USD,2026-09-08T09:40:55,cash_deposit,KR,Mr. Brandon Parker,Employee field a spring summer gas.,
0E135D42-DED,ACC41244663,C205907,101649.53,GBP,2026-09-08T10:01:49,card,TW,Jessica Lee,Group care together magazine join far.,
C2048348-D28,ACC45351479,C624902,9122.2,EUR,2026-09-08T10:04:52,sepa,TJ,Joan Love,Attack industry use mean against out.,
2E930340-CD8,ACC25228493,C583863,16921.77,EUR,2026-09-08T10:43:55,wire,ZA,Tiffany Martinez,Enjoy stock dinner father quickly likely official budget.,domestic
5D416D72-959,ACC12614124,C217301,34927.12,GBP,2026-09-08T10:45:54,card,GA,Michele Roberts,Behind me red.,
B3289D61-B09,ACC90014570,C835244,602.35,CHF,2026-09-08T10:49:49,sepa,GH,Jerome Hamilton,Peace herself collection language idea.,
3946F752-AF8,ACC25228493,C583863,9060.1,GBP,2026-09-08T11:27:55,wire,VE,Madison Monroe,Somebody school day executive man.,cross_border
49220579-CD5,ACC65692629,C456385,42120.03,CHF,2026-09-08T11:28:20,card,IN,Charles Garrett,Agent natural place relationship couple short certain ready.,
2FB8164E-1FD,ACC86320155,C751194,42346.06,CHF,2026-09-08T11:35:28,swift,SI,Donna Grant,Drive be part senior cost right clear.,cross_border
30883193-306,ACC41348220,C997594,39370.39,CHF,2026-09-08T11:39:35,card,BE,Amanda Sellers,At pick left focus.,
CAEE3B90-331,ACC38195995,C815198,11915.06,GBP,2026-09-08T11:45:27,wire,SA,Michael Jackson,Develop worker create TV sort drug.,domestic
336AF5B7-D28,ACC94525678,C703634,27652.71,GBP,2026-09-08T12:11:06,crypto,CF,Nicole Nunez,Executive service along serve truth.,
0D7D255F-2FA,ACC70467027,C564226,10184.83,CHF,2026-09-08T12:31:05,cash_deposit,GY,Michael Yoder,Administration state weight call leg structure.,
EB9B7FFD-068,ACC88961459,C680828,218.99,CHF,2026-09-08T12:52:35,cash_deposit,MZ,Carolyn Porter,Free pattern science structure.,
C792AE6F-8FD,ACC31682744,C665579,10011.85,EUR,2026-09-08T12:54:34,cash_deposit,BW,Marissa Owens,Job watch two economic cup suffer response.,
B7DFC776-4B5,ACC99943797,C209680,6774.41,CHF,2026-09-08T13:01:45,swift,UZ,Rachel Moore,Black recent others former.,cross_border
D9E84DAE-D22,ACC71662963,C662275,4343.53,CHF,2026-09-08T13:16:21,crypto,MT,Daniel Turner,Station however bill memory production successful hear.,
45927462-C07,ACC39587039,C571029,7397.31,USD,2026-09-08T13:29:30,sepa,QA,Taylor Griffith,Business quality here woman stand.,
EE9DDC76-F12,ACC33640702,C869440,12462.83,GBP,2026-09-08T14:14:04,sepa,SE,Derek Sims,Experience lawyer expert brother recognize head forget.,
98D6F443-092,ACC98231132,C712024,1720.8,EUR,2026-09-08T14:42:49,wire,GR,Julia Greene,More foot visit save.,domestic
CDFD089F-71C,ACC42194159,C282256,24804.5,CHF,2026-09-08T14:43:20,swift,GR,Ashley Mahoney,Dark action full place.,cross_border
E4B431D7-CA0,ACC70467027,C564226,20743.91,GBP,2026-09-08T15:02:55,card,BH,Terry Melendez,Part either short sea issue feel.,
5D584BF3-19C,ACC94560158,C738448,4522.92,EUR,2026-09-08T15:12:54,sepa,CZ,Laura Barajas,Data international budget accept not task.,
F0EC06F7-107,ACC95613415,C889359,28131.25,EUR,2026-09-08T15:13:23,swift,FM,Alicia Fuentes,Party everybody wait body rate federal.,cross_border
C1C5F3B5-833,ACC88183110,C679364,28579.64,GBP,2026-09-08T15:18:13,swift,RW,Wendy Sims,Similar operation adult.,cross_border
2AA7C249-0B4,ACC45551614,C246413,17789.23,GBP,2026-09-08T15:21:30,crypto,CM,Sean White,Seek state none production.,
975A8EFD-75F,ACC76500726,C402218,26324.58,USD,2026-09-08T15:57:47,swift,MX,Shannon Lawrence,Step lot book she.,cross_border
E8C3BFC8-9B2,ACC95822412,C216739,49046.58,EUR,2026-09-08T16:11:17,card,SY,Barry Bernard,Senior wear current.,
8E327986-BB2,ACC83534128,C567574,15953.47,EUR,2026-09-08T16:17:46,sepa,MA,Elizabeth Wagner,Key price follow couple.,
07735E86-B65,ACC21631697,C392477,35722.79,EUR,2026-09-08T16:28:13,wire,GB,Manuel Adams,Science west herself guy new.,domestic
FED39249-8A3,ACC15614174,C423232,7051.15,GBP,2026-09-08T16:30:26,sepa,TG,Gordon Miller,Series with sometimes statement personal once food bad.,
2B0EEBF9-05A,ACC63640499,C355836,15264.13,USD,2026-09-08T16:46:53,card,AM,Chad Booth,Mother owner also simple.,
7D40892F-DD9,ACC83089925,C335729,10490.61,CHF,2026-09-08T17:00:52,swift,PY,John Tanner,Watch election both say big other herself.,domestic
DA9A8491-5F4,ACC72732043,C233827,14637.32,EUR,2026-09-08T17:10:50,sepa,QA,Mark Diaz,Exactly truth name.,
B19C7D69-4BF,ACC96098221,C634150,322.29,USD,2026-09-08T17:29:09,sepa,BD,Mary Reyes,Serve movie civil long model activity.,
1D734210-C53,ACC25480907,C373903,23190.14,GBP,2026-09-08T17:39:43,card,PG,Austin Brewer,Girl understand however.,
06348EDA-E90,ACC99508850,C528231,4863.83,USD,2026-09-08T17:41:21,card,LC,Rachel Eaton,Dark degree college movement line grow if.,
FC8B6BE4-E09,ACC50079111,C890075,43058.68,USD,2026-09-08T17:43:29,crypto,KR,Nicole Morgan,Practice floor action ability.,
E1558E52-0F1,ACC95613415,C889359,43640.38,GBP,2026-09-08T17:55:08,cash_deposit,BO,Crystal Alvarez,Establish rich become environment picture medical administration.,
C36CFED1-7AB,ACC55176955,C207175,42268.04,USD,2026-09-08T18:10:50,sepa,TN,Linda Jackson,Eye environment teach world quickly.,
FA5FFE5C-6B7,ACC34391257,C152727,45568.92,GBP,2026-09-08T18:37:35,card,OM,Jared Campbell,Ok center example interesting first instead bar.,
2277C9FB-7FC,ACC26941092,C596564,20573.52,CHF,2026-09-08T18:41:30,wire,AF,Calvin Nguyen,Today apply power instead believe record former.,domestic
3C5F75A9-2F1,ACC21819185,C429795,22702.99,USD,2026-09-08T18:47:28,crypto,MX,Katherine Lopez,Blue member under road record.,
51E59689-8AF,ACC16150444,C793384,33887.99,USD,2026-09-08T18:49:17,wire,CM,Tracey Gonzalez,Practice Mrs without expect foot member simple.,cross_border
7EA834D2-A0B,ACC95822412,C216739,1106.76,USD,2026-09-08T18:57:04,wire,IT,Jennifer Zavala,Former agree theory end oil worker although.,cross_border
7A004A39-D65,ACC81503856,C549186,37901.34,GBP,2026-09-08T19:21:34,cash_deposit,LC,Anthony Jensen,Popular board person site give option despite keep.,
7EA54174-9D3,ACC68812137,C974244,28045.89,USD,2026-09-08T19:32:56,card,PG,Dawn Gutierrez,Capital theory sense identify under top site.,
DCA0A4B4-1F3,ACC86483924,C739979,30186.99,GBP,2026-09-08T19:44:24,crypto,AZ,Dr. Stephanie Reilly,Son one see simple such.,
85FD3B78-498,ACC97225156,C491559,17197.37,CHF,2026-09-08T20:04:12,swift,IR,Jennifer Hubbard,News make doctor TV capital.,cross_border
29275834-FE6,ACC65259205,C941204,35218.15,EUR,2026-09-08T20:13:48,wire,ZW,Peter Arnold MD,Citizen air whether produce tree.,domestic
B97081C8-879,ACC97260863,C171951,26937.01,EUR,2026-09-08T20:36:26,sepa,AZ,Lisa Ortiz,Allow final add treat.,
F83E8B60-615,ACC90014570,C835244,35272.42,GBP,2026-09-08T20:42:14,wire,ZW,Jeffrey Bryant,Rich over rest.,domestic
D6AC2AAE-998,ACC13895645,C507746,27376.52,EUR,2026-09-08T21:38:55,card,IR,Christopher Gomez,Beat culture stage involve check because.,
5651A286-9F3,ACC33357554,C745414,30751.24,USD,2026-09-08T21:51:56,sepa,TM,Jared Garza,Stock treatment alone still realize lead.,
FEBEA81B-C66,ACC39587039,C571029,35849.51,EUR,2026-09-08T22:14:38,cash_deposit,BB,Jessica Fowler,Avoid point guy song.,
677BBEDE-AED,ACC52091325,C159942,2221.95,EUR,2026-09-08T22:16:22,cash_deposit,BJ,Kelly Martinez,Travel reveal rather not its significant me.,
7B732DEA-9AF,ACC95758349,C632323,29057.48,USD,2026-09-08T22:21:33,card,MV,Jeff Steele,Own PM catch want TV himself.,
71EE1F98-6F7,ACC95132217,C544151,38750.55,CHF,2026-09-08T22:40:14,cash_deposit,BI,Erica Morrison,Ok hard would several phone cold step.,
0EE4AAB8-353,ACC97971488,C623481,9976.19,GBP,2026-09-08T22:43:13,wire,GD,Diane Brown,And student give score agree through game best.,domestic
105C73A5-F2F,ACC94120751,C350867,1728.74,EUR,2026-09-08T22:46:16,card,SY,James Oliver IV,Minute song ability fear across window along talk.,
C4CA1B33-FB1,ACC18357162,C316881,14897.53,CHF,2026-09-08T22:58:07,card,SM,Tanya Martinez,Address partner health party.,
C5ECE718-29E,ACC34391257,C152727,24864.76,USD,2026-09-08T23:02:50,crypto,MV,Matthew Brown,Happy form against drive.,
CC30A47D-AF2,ACC36786211,C956253,45501.39,GBP,2026-09-08T23:07:57,card,HU,Dr. Katelyn Allen DVM,Reflect organization animal around campaign move.,
502A25CD-550,ACC69476001,C947272,37793.14,USD,2026-09-08T23:19:02,card,CU,Lisa Lopez,Plant card mouth office especially.,
ED5E2C68-663,ACC87267850,C498858,3704.93,USD,2026-09-08T23:21:32,wire,SY,Karen White,Probably low pull political.,domestic
EA85ADFA-FDF,ACC35848226,C430876,12939.3,GBP,2026-09-08T23:42:26,wire,LK,Jonathan James,Law around still term.,domestic
47B976F0-B59,ACC48349783,C345884,37592.09,CHF,2026-09-09T00:08:22,sepa,SY,Shannon Smith,Coach officer as consider north.,
A78C8C3F-8F7,ACC43273328,C335612,20963.17,GBP,2026-09-09T00:41:49,card,NE,Brenda Bryant,Affect region decade respond far.,
1D7727D9-3C0,ACC73900135,C777278,132.2,CHF,2026-09-09T00:45:10,wire,MA,Tracy Garcia,Age college son direction week.,domestic
2897788F-B28,ACC95822412,C216739,44946.44,GBP,2026-09-09T00:51:08,crypto,SY,Stacey Russell,See understand door class son computer include conference.,
CAE5AB21-462,ACC88961459,C680828,32548.81,GBP,2026-09-09T01:08:03,swift,BY,Thomas Garcia,Party wife food different step.,domestic
36D740BE-5E0,ACC25228493,C583863,33874.73,CHF,2026-09-09T01:14:49,crypto,LK,Heather Gallegos,Country other hear store hotel including.,
C042922D-D4A,ACC57683626,C319684,37123.21,GBP,2026-09-09T01:15:33,card,TR,Lisa Crawford,Marriage space this discussion fact cover brother let.,
D48C765C-88D,ACC77834855,C612262,9993.7,CHF,2026-09-09T01:27:19,crypto,IR,Jamie Vazquez,Write wind add focus policy.,
FF585A9A-016,ACC63640499,C355836,17021.26,GBP,2026-09-09T01:41:32,sepa,VU,Morgan Liu,Large cover body report.,
ED3AE131-7A0,ACC19233013,C356150,14915.87,CHF,2026-09-09T02:16:38,wire,NR,Shane Bender,Future respond program whether.,domestic
C7332678-6CA,ACC96098221,C634150,43864.06,EUR,2026-09-09T02:21:17,card,KI,Gregory Lawson,Start debate field unit become any.,
E255A3AA-08B,ACC16927215,C313446,4703.42,USD,2026-09-09T03:04:03,wire,KW,Thomas Walker,Institution stay thousand above spend.,domestic
2252823A-8E7,ACC76500726,C402218,20231.05,CHF,2026-09-09T03:09:25,card,SD,Stephen Roach,Ability modern water spend attack fight both middle.,
A36AE9BD-0A2,ACC73083727,C464863,227943.45,GBP,2026-09-09T03:37:01,swift,NA,Robin Evans,Name morning culture number culture.,domestic
06E2A8AB-74A,ACC84411983,C233470,44101.89,EUR,2026-09-09T03:49:13,card,SN,Caitlin Potts,Discuss cause skill talk despite purpose control.,
1486188C-D7B,ACC53536830,C934816,17890.23,EUR,2026-09-09T03:56:58,wire,ML,Jonathan Mercer,Better top player not tree detail environmental learn.,domestic
C90016DA-F92,ACC82383095,C891952,10539.09,USD,2026-09-09T04:17:17,sepa,RW,Hannah May,Stop reach color wear one choose notice.,
B470688A-E79,ACC21490777,C353080,22527.47,USD,2026-09-09T04:23:04,cash_deposit,ML,Teresa Carpenter,Here station one image scientist case her work.,
127E7EDD-AA9,ACC43273328,C335612,34905.22,USD,2026-09-09T04:44:04,cash_deposit,GM,Shawn Blackburn,Street heart know season.,
12D30769-32D,ACC16927215,C313446,14768.95,CHF,2026-09-09T05:02:54,card,LR,Kendra Smith,Dark fund explain even according fly.,
8BE862B8-0AD,ACC36757737,C979995,16140.34,GBP,2026-09-09T05:05:12,card,NO,Toni Harrison,Whose term conference.,
982D02C6-22A,ACC32097220,C497382,9528.03,USD,2026-09-09T05:15:45,card,DJ,Dana Mccoy,My by maybe off smile.,
BDAFBD07-922,ACC67110154,C882169,9992.44,CHF,2026-09-09T05:28:30,swift,BO,Taylor Clark,Value not manage office.,domestic
1FF2382F-0D9,ACC35848226,C430876,44709.33,EUR,2026-09-09T05:42:41,sepa,BF,Mary Green,So fall theory card meet operation song.,
5F616F05-8D9,ACC89864260,C171262,33895.35,EUR,2026-09-09T05:43:44,wire,LK,Richard Harris,Four hour green religious hot former front.,cross_border
83CEF4A5-203,ACC22534217,C958179,9996.71,CHF,2026-09-09T05:48:07,card,RU,Alex Farmer,Law forward change lead catch.,
97512768-507,ACC38195995,C815198,46316.67,GBP,2026-09-09T06:08:09,cash_deposit,VE,Anna Harvey,Yet through act baby.,
732408F8-37A,ACC76344695,C992288,5013.37,USD,2026-09-09T06:26:32,crypto,IR,Maria Reynolds,Congress development property long home lawyer.,
760A6916-1AA,ACC63121477,C237235,7220.21,USD,2026-09-09T06:29:35,swift,VE,Cesar Adams,At argue real ready stuff.,cross_border
B387C836-CD7,ACC90014570,C835244,9975.35,EUR,2026-09-09T06:40:57,cash_deposit,KM,Bethany Davis,This small low specific.,
BE779216-2CC,ACC67062156,C329471,30989.93,GBP,2026-09-09T07:07:59,card,IR,Linda Murillo,Word worry just address key.,
3821FB04-2D2,ACC84411983,C233470,35415.27,CHF,2026-09-09T07:31:30,wire,MN,Nicholas Vazquez,Happen program much development.,cross_border
58AEA30E-11F,ACC83932360,C114338,38711.6,USD,2026-09-09T07:52:17,card,SA,Lisa Woods,Our firm if green exactly.,
57D5E64F-58D,ACC31980274,C426147,41225.35,CHF,2026-09-09T08:08:14,card,MV,Jessica Hughes,Arm rather blood authority month.,
4E3F5094-326,ACC33357554,C745414,6395.01,CHF,2026-09-09T09:00:16,card,LR,Nichole Mack,Result career investment character boy expect production outside.,
85C0FF67-372,ACC95758349,C632323,9308.46,GBP,2026-09-09T09:18:32,wire,JM,Gene Ward,Time page concern most.,cross_border
852FA3FC-DBA,ACC97971488,C623481,35762.65,GBP,2026-09-09T09:26:40,wire,LY,Anthony Sanchez,Possible or travel assume figure.,cross_border
6005B294-007,ACC65259205,C941204,23999.79,EUR,2026-09-09T09:33:24,wire,HT,Angela Woods,Raise remember outside city me performance.,domestic
4775860F-001,ACC22489409,C408528,27292.34,EUR,2026-09-09T10:14:26,card,GY,Devin Brown,Paper race give travel.,
990FBEB0-11D,ACC68461818,C965845,48680.04,USD,2026-09-09T10:14:45,card,MM,Jordan Lawrence,Moment child end decide.,
63B9436C-993,ACC88320463,C518801,36206.47,GBP,2026-09-09T10:30:17,card,KN,Robert Garrett,Doctor management guy exactly toward.,
8A9461A2-222,ACC35848226,C430876,19866.68,EUR,2026-09-09T11:21:48,wire,CG,Sheri Calhoun,Although simply heavy together large point.,cross_border
C45CA323-2B3,ACC14265799,C131244,32304.78,EUR,2026-09-09T11:29:11,cash_deposit,AL,Cynthia Morris,Enter camera inside box.,
15E48F66-F22,ACC88961459,C680828,24328.7,EUR,2026-09-09T11:44:10,crypto,LC,Patricia Jones,Morning room run eat.,
7468AFC6-C7B,ACC94525678,C703634,311.26,EUR,2026-09-09T11:51:39,sepa,TT,Richard Scott,Science everyone commercial too old.,
DD3FFF99-FB5,ACC50079111,C890075,15090.26,GBP,2026-09-09T12:33:35,cash_deposit,BF,Jasmine Brown,Left scientist whether Republican possible that stuff.,
4294A6E0-2C4,ACC69476001,C947272,39265.31,GBP,2026-09-09T12:36:16,crypto,UA,Bridget Guerrero,Situation him her imagine.,
7B7E889F-E31,ACC41329612,C377405,9982.81,GBP,2026-09-09T12:44:21,wire,SZ,Carolyn Holloway,Serious mission plan final should material bit.,cross_border
3A3EC0A9-1A6,ACC45551614,C246413,9987.96,USD,2026-09-09T13:21:18,crypto,CO,Sandra Hunt,Knowledge hold environmental outside bed institution happy.,
95D49498-FF3,ACC63121477,C237235,33178.99,CHF,2026-09-09T13:27:44,crypto,MD,Heather Reyes,Black offer book western.,
4E39215F-FAF,ACC95613415,C889359,45256.72,USD,2026-09-09T13:35:00,card,FM,Raymond Daniels,Himself already the company hour.,
9D66A47F-08A,ACC46817443,C147726,49586.07,CHF,2026-09-09T13:39:24,card,IR,James Williams,Season number change impact enjoy.,
A952BCAF-749,ACC40742311,C961722,10837.5,CHF,2026-09-09T13:51:37,cash_deposit,CD,Dr. Jeffrey Lopez,Cover rest or.,
E85635A2-71C,ACC17275149,C296694,18691.94,USD,2026-09-09T14:07:39,card,MH,Rachel Trevino,Minute adult data entire.,
24EFAD24-056,ACC86320155,C751194,12890.28,CHF,2026-09-09T14:13:47,card,VA,Scott Garcia,Cost officer tell relationship would finish issue.,
C07D29E6-652,ACC16927215,C313446,28220.4,EUR,2026-09-09T14:18:48,card,TD,Nicholas Wells,Book resource whether chance always.,
4328D24C-F10,ACC82498004,C184491,6684.54,USD,2026-09-09T14:34:11,cash_deposit,KG,Randy Hayes,Baby tell them reveal table voice.,
BE7DCE37-3B5,ACC35487660,C411120,28313.8,EUR,2026-09-09T15:26:58,wire,ZA,Joseph Keith,Front truth inside art television.,cross_border
BF075EB2-86B,ACC33640702,C869440,9988.37,CHF,2026-09-09T15:47:28,cash_deposit,SR,Tyler Gill,Worry may modern price finally.,
8A66B461-41D,ACC72363359,C800005,35508.68,GBP,2026-09-09T16:06:36,sepa,PS,Tyler Howell,Indicate beautiful project event sure window.,
B995AD88-5A7,ACC81691040,C864544,10510.54,EUR,2026-09-09T16:15:10,swift,MV,Brittany Bright,Care author administration return.,domestic
152FC3F5-5C3,ACC82498004,C184491,11897.39,USD,2026-09-09T16:15:24,wire,MU,Jeffery Mcguire,Research pressure begin challenge school happen modern common.,cross_border
F5AB7299-382,ACC44392446,C904150,31462.96,CHF,2026-09-09T16:32:17,card,CH,Deborah Benson,Mrs consider drop plant bring.,
E7C8495D-765,ACC73123515,C120324,38807.93,USD,2026-09-09T17:16:46,swift,SO,Ryan Villanueva,Country church life begin.,domestic
CA04A080-0E0,ACC76481885,C138817,9980.87,CHF,2026-09-09T17:17:26,crypto,ES,Tyler Meyer,Unit product draw only order training statement maybe.,
ADDCE375-3BB,ACC38470244,C472060,18707.54,USD,2026-09-09T17:19:00,wire,GR,Michael Rojas,Spring because beyond front.,domestic
D6966567-346,ACC72363359,C800005,22931.88,CHF,2026-09-09T17:45:03,sepa,TM,Jennifer Mccormick,Among up TV.,
6A3263CE-148,ACC44188276,C146542,26711.28,GBP,2026-09-09T17:49:40,swift,LA,Jake Jennings,Stuff social be page.,domestic
FD0286AB-894,ACC86320155,C751194,29967.56,USD,2026-09-09T18:01:06,crypto,GN,Cynthia Richards,Development cup help both energy ten.,
33940E52-DF1,ACC88183110,C679364,40439.02,GBP,2026-09-09T18:03:16,card,BG,April Morrison,Especially region Congress way night.,
B34187FE-610,ACC76344695,C992288,47318.83,USD,2026-09-09T18:29:31,sepa,PE,Erin Ross,Pick college rate task energy.,
FED23075-A6B,ACC22660194,C201639,1209.8,CHF,2026-09-09T18:41:34,card,CM,Wendy Williams,Everyone nature environmental six.,
384C2B93-620,ACC82498004,C184491,25542.07,CHF,2026-09-09T19:04:43,card,DO,Cassandra Harper,House usually professor hotel back.,
6D5899AA-366,ACC16150444,C793384,9646.24,GBP,2026-09-09T19:18:57,swift,LR,Debbie Dunn,Especially when gas contain interest.,domestic
D7E7A972-D7F,ACC45551614,C246413,47207.39,EUR,2026-09-09T19:24:00,swift,GA,Edgar Alexander,Marriage that child hair standard but dark.,domestic
660AC3FE-529,ACC47333543,C290305,30176.83,GBP,2026-09-09T19:27:56,sepa,CG,Kristina Hunt,Real might fall determine.,
BC524F7F-E43,ACC69096899,C204555,603.97,CHF,2026-09-09T19:31:47,card,BW,Angie Fernandez,Smile difficult hand cold place.,
DDD2F3D5-11B,ACC72363359,C800005,34998.62,USD,2026-09-09T19:33:07,card,FR,Brittany Stafford,Paper coach point allow respond.,
153F326F-5BE,ACC66722344,C456778,20900.07,CHF,2026-09-09T19:44:28,wire,SM,Justin Brown,Total dark Mr clearly take kind quite.,domestic
0BA1CE07-D4A,ACC73771720,C740967,12986.24,CHF,2026-09-09T19:48:58,card,SG,Jennifer Ray,Oil expect collection focus accept.,
F53D4096-30A,ACC77827638,C731262,9976.9,CHF,2026-09-09T19:53:57,card,FM,Ryan Sanchez,Hundred bad that second develop single baby plan.,
28FF4B46-37D,ACC69096899,C204555,10491.27,GBP,2026-09-09T19:59:34,cash_deposit,BY,Abigail Perry,Surface outside space.,
2CEDF2BF-BFE,ACC41348220,C997594,36799.78,CHF,2026-09-09T20:13:41,cash_deposit,KM,William Greene,South wind per guy kid new benefit.,
01FF70F7-585,ACC13895645,C507746,19325.24,EUR,2026-09-09T20:18:26,swift,YE,Sharon Morgan,I must police member event theory.,domestic
76ECBD48-114,ACC71070189,C399105,28162.03,USD,2026-09-09T20:18:37,card,ID,Veronica Adams,Put investment figure.,
C09DAE69-350,ACC44188276,C146542,20257.32,EUR,2026-09-09T20:31:25,card,TH,Christopher Watson,Girl eye list rather.,
717F4C82-922,ACC22489409,C408528,27836.65,CHF,2026-09-09T20:41:34,card,TH,Misty Stevenson,Available quite born.,
5068C2F7-EAB,ACC19289546,C897549,42671.87,CHF,2026-09-09T20:56:04,wire,CU,Lisa Cole,Discover still would understand each training.,domestic
96222574-63C,ACC36757737,C979995,48731.3,EUR,2026-09-09T20:59:34,wire,SD,Nathan Carroll,Close speak score adult information truth bit.,cross_border
C904D86A-731,ACC22130508,C555052,2820.89,GBP,2026-09-09T21:07:41,cash_deposit,GB,William Jackson,Research list magazine question.,
3AB719FE-4A0,ACC44788100,C888295,7478.91,USD,2026-09-09T21:27:27,swift,KZ,Erica Kemp,Then edge speech sometimes good turn choice.,domestic
FC15E317-ECA,ACC64038913,C863587,9786.06,CHF,2026-09-09T21:28:57,sepa,BZ,William Tate,Thousand consumer defense song discuss everybody.,
5E63DAFA-740,ACC25312516,C962050,28500.31,CHF,2026-09-09T21:43:46,cash_deposit,SM,Sandra Park,Reason cause personal word.,
64101C9B-4C6,ACC16927215,C313446,42622.83,CHF,2026-09-09T22:05:04,wire,RU,Stacey Williams,Often eat market record off any.,domestic
2A6421C9-ACD,ACC41329612,C377405,12215.97,EUR,2026-09-09T22:39:17,swift,SI,Nicholas Ortiz,Clear ever quality quickly art.,domestic
1618290E-890,ACC41244663,C205907,377.31,GBP,2026-09-09T22:57:24,card,PA,Kelly Cole,Contain age road product.,
C41C768C-ED7,ACC71662963,C662275,21754.79,CHF,2026-09-09T23:15:32,swift,PY,Ashley Malone,Able great plant son natural.,cross_border
782FECCE-9F4,ACC24366125,C878480,40114.2,GBP,2026-09-09T23:16:35,card,AD,Adam Curry,Science feeling can main.,
8A2ADF7A-442,ACC73481797,C839485,4147.03,EUR,2026-09-09T23:26:39,wire,EG,Morgan Hensley,Shoulder others culture point enjoy kind action.,domestic
025E1924-F80,ACC83932360,C114338,45459.79,EUR,2026-09-10T00:18:19,wire,MD,Jason Foster,Loss sport among bed rule and debate government.,domestic
A863FA35-7E2,ACC67062156,C329471,1362.22,CHF,2026-09-10T00:20:10,swift,RW,Kenneth Medina,More order may you life federal every.,domestic
7CF302D0-DCC,ACC68461818,C965845,3875.49,EUR,2026-09-10T00:24:53,card,PY,Carmen Adams,Man sell industry some woman professor despite.,
61E7027C-C86,ACC58181396,C988662,29615.43,CHF,2026-09-10T00:50:53,crypto,PW,Chris Velazquez,Need trial scientist.,
763A44D9-310,ACC45935572,C169403,8759.99,USD,2026-09-10T00:52:50,crypto,GQ,Ashley Diaz,American hand possible relate night similar catch friend.,
56319F0F-051,ACC81503856,C549186,39372.87,EUR,2026-09-10T00:54:04,swift,VC,Jason Jones,Back film player visit yard.,cross_border
EEE3A938-640,ACC22489409,C408528,39592.24,GBP,2026-09-10T01:14:13,sepa,ZW,Elizabeth Parker,Man center land arm bit.,
FBF4EBBE-C32,ACC93955206,C321275,25514.53,EUR,2026-09-10T01:18:55,cash_deposit,LV,Jennifer Huerta,Second beautiful pretty image age.,
7042791C-FA9,ACC36786211,C956253,27339.75,EUR,2026-09-10T01:22:52,card,GT,Jessica Diaz,Hope agent company sure.,
EF86A27C-560,ACC69476001,C947272,41621.82,EUR,2026-09-10T01:25:26,cash_deposit,BT,Eric Nguyen,Blue still dark describe community people Democrat.,
4C1085E6-516,ACC41068214,C402099,29680.46,EUR,2026-09-10T01:28:14,card,GM,Colin Wilson,Develop range cup rock home ok.,
DB74FA46-D21,ACC99943797,C209680,41049.1,CHF,2026-09-10T01:32:03,card,MW,Carrie Odonnell,Voice employee magazine attack director.,
E2BD30E0-7FD,ACC81503856,C549186,35164.52,EUR,2026-09-10T01:36:50,wire,LS,Holly Reed,Standard thousand feeling marriage his generation.,cross_border
B4037BCD-1E4,ACC44188276,C146542,3342.79,CHF,2026-09-10T02:00:29,swift,PW,Rachel Kennedy,Purpose president team free discover out fly.,cross_border
32E95213-757,ACC32775593,C790855,28598.63,GBP,2026-09-10T02:09:15,crypto,JM,David Roberts,Performance from store type soon when.,
80E3A156-46E,ACC50071487,C978157,44434.81,CHF,2026-09-10T02:17:48,wire,VE,Robert Burgess,Simply side wall economy then.,domestic
DCE6E238-B9F,ACC65259205,C941204,21198.87,EUR,2026-09-10T02:29:13,cash_deposit,SO,Melissa Burns,Foreign theory southern around officer field though soldier.,
6A5478E1-577,ACC96098221,C634150,31609.59,USD,2026-09-10T02:29:47,swift,SO,Michelle Young,Across single leader vote.,cross_border
10A1D210-7AA,ACC13895645,C507746,18834.88,GBP,2026-09-10T02:50:49,cash_deposit,BY,James Nguyen,His child keep born tend despite.,
6D53E99A-68C,ACC61642594,C500156,37055.16,USD,2026-09-10T03:17:18,card,LB,Taylor Martinez,Opportunity blood across system firm staff father despite.,
C7CA369D-725,ACC20200074,C720859,9982.9,GBP,2026-09-10T03:20:05,card,ER,Kimberly Johnson,Because however as anything.,
FAA20721-9EF,ACC68461818,C965845,7171.04,CHF,2026-09-10T03:43:29,card,TV,Angela Bullock,Against drug allow police environmental no guess generation.,
6C9BF4CD-02C,ACC94120751,C350867,42516.94,EUR,2026-09-10T03:45:13,card,GA,Victoria Collins,Fire section agreement age heavy admit catch.,
8D581982-E75,ACC65692629,C456385,4378.36,CHF,2026-09-10T04:19:15,cash_deposit,AO,James Doyle,Stop explain their successful station sell thus.,
9E06ADBC-44D,ACC94120751,C350867,34505.28,CHF,2026-09-10T04:20:50,sepa,SO,Johnny Smith,Maybe like maintain reach.,
D5C12927-9F9,ACC73481797,C839485,18322.96,USD,2026-09-10T04:36:50,wire,LS,Philip Graham,Little yard reach amount attorney.,cross_border
FD6C5DE1-739,ACC52091325,C159942,262.5,CHF,2026-09-10T04:42:31,card,ER,Holly Young,End dark spring speak drive.,
056FD2AA-C99,ACC84411983,C233470,36656.48,USD,2026-09-10T04:58:25,sepa,HR,Kristin Smith,Seem sport respond industry which structure.,
960123A9-20F,ACC67110154,C882169,10924.02,EUR,2026-09-10T05:06:26,swift,DM,Robert Dunlap MD,World anyone field born writer structure probably likely.,domestic
6E25E93C-1E0,ACC84093639,C407419,41084.87,EUR,2026-09-10T05:08:26,swift,IR,Steven Lawrence,Card may bed hair action.,domestic
3DAB918F-4F1,ACC52091325,C159942,29957.98,EUR,2026-09-10T05:12:01,swift,SY,Kendra Sullivan,Woman environment tell sing hospital ready.,domestic
29A4D97E-449,ACC95132217,C544151,49911.3,GBP,2026-09-10T05:40:59,swift,SB,Thomas Guzman,Production do meeting which.,domestic
658F9DD3-CA8,ACC75181648,C604740,11552.23,CHF,2026-09-10T06:07:53,card,BY,Charles Johnson,Wind region less crime.,
57FAA694-E5A,ACC22534217,C958179,23237.77,EUR,2026-09-10T06:12:59,cash_deposit,KP,Andrew Jones,Seem today within board near lay fund very.,
5D4AF24F-1F9,ACC35487660,C411120,16429.29,USD,2026-09-10T06:35:29,crypto,SY,Carlos Morrow,Race health street animal itself media.,
2D514486-417,ACC75181648,C604740,3050.04,GBP,2026-09-10T07:15:27,swift,ME,Hannah James PhD,South Democrat project.,domestic
55BA46D7-580,ACC77834855,C612262,14419.27,USD,2026-09-10T07:28:58,wire,IR,Jessica Fisher,Notice able unit store add always.,domestic
771D950D-958,ACC69302158,C678478,83.01,GBP,2026-09-10T07:47:46,swift,NA,James Smith,Professional bar teacher.,cross_border
2D717909-8BB,ACC58884978,C552248,1683.94,EUR,2026-09-10T07:49:51,swift,CO,Timothy Dunlap,Population may simple avoid practice benefit attack.,domestic
C8FE454D-E19,ACC86483924,C739979,17481.0,EUR,2026-09-10T08:24:51,swift,PW,Patricia Nguyen,Thousand eat product wonder.,cross_border
CA594B3C-C29,ACC14265799,C131244,36189.45,EUR,2026-09-10T08:40:25,card,BZ,Vanessa Howard,Every why we station begin deep.,
5F607CAF-2F1,ACC22489409,C408528,9983.35,EUR,2026-09-10T09:07:11,cash_deposit,EE,Taylor Sanders,Oil commercial various for.,
23DF4197-965,ACC44188276,C146542,35307.29,GBP,2026-09-10T09:28:58,card,TR,Brianna Aguilar,Today they set you card.,
364C1825-527,ACC19289546,C897549,5705.64,USD,2026-09-10T09:32:40,wire,VE,Greg Hull,Discussion open dinner section thousand.,cross_border
9E09ABD2-2DC,ACC73083727,C464863,27323.76,CHF,2026-09-10T09:43:26,cash_deposit,ML,Adam Hansen,Remember well discuss matter.,
1CC8BDBA-F71,ACC55728776,C293319,6428.45,USD,2026-09-10T09:44:55,card,EG,Brandon Taylor,Follow drive agent current.,
39C22811-4C9,ACC85146293,C526117,29325.81,EUR,2026-09-10T09:53:14,cash_deposit,TW,Kyle Gonzales,Reduce visit brother save international assume.,
399B2C44-EC6,ACC84411983,C233470,44330.86,EUR,2026-09-10T10:13:34,cash_deposit,HR,John Palmer,All change system administration chair.,
5F2C2BEA-01A,ACC46361787,C421517,38744.35,EUR,2026-09-10T10:34:44,wire,RU,Margaret Lee,Soon nice magazine laugh.,domestic
82214F77-7DA,ACC87267850,C498858,39537.88,GBP,2026-09-10T10:48:41,card,GT,Jonathan Pacheco,Design give culture.,
83315CCB-24E,ACC36726767,C254511,219.52,CHF,2026-09-10T11:08:37,wire,GA,Scott Daniel,Value production someone room site particular goal.,domestic
A296EBE6-724,ACC49172995,C633590,7847.04,GBP,2026-09-10T11:29:41,card,CV,Jeffrey Mcdonald,Respond image resource capital health even hot air.,
BD356A5A-2D0,ACC38470244,C472060,255.08,CHF,2026-09-10T11:39:46,swift,AM,Elizabeth Walters,Agent now agree there avoid station.,domestic
F27B51B4-D0B,ACC69476001,C947272,11592.9,EUR,2026-09-10T11:48:36,card,GW,Derrick Johnson,Sense hope road forward lead although.,
3E764ED9-80B,ACC49172995,C633590,15607.42,USD,2026-09-10T11:52:32,sepa,SD,Trevor Mccormick,Back sense nor great movie.,
617F6909-5ED,ACC16927215,C313446,41985.66,USD,2026-09-10T12:04:12,card,BZ,Brent Hartman,Performance truth arm financial meeting painting.,
E69285C0-881,ACC21631697,C392477,31102.42,GBP,2026-09-10T12:30:48,crypto,KZ,Madison Mann,Billion book property throughout them great improve president.,
4B472CE3-DF0,ACC42194159,C282256,36058.23,EUR,2026-09-10T12:39:27,card,TZ,Aaron Pierce,Last fish speak management response six season protect.,
FB6AED79-287,ACC69096899,C204555,31072.72,GBP,2026-09-10T12:47:27,swift,VE,Luke Price,Summer season course reach by.,domestic
E7BA9B32-BFB,ACC35848226,C430876,2972.67,USD,2026-09-10T12:50:32,swift,AO,Samantha Jacobs,Building sort ask pretty.,cross_border
FCFA9003-CC0,ACC21490777,C353080,37387.58,EUR,2026-09-10T13:04:00,card,TZ,David Johnson,Speech machine half pattern.,
72C2F6AF-EA2,ACC36726767,C254511,44232.46,GBP,2026-09-10T13:51:38,wire,GE,Andrew Burton,Share long describe fly hotel.,domestic
918C681E-F47,ACC20099059,C824586,20565.47,USD,2026-09-10T13:55:52,crypto,IL,Anna Elliott,Hear station wide themselves back.,
2066E0DE-54C,ACC21267237,C773971,37871.99,CHF,2026-09-10T13:59:20,sepa,CG,Jordan Williamson,Explain garden within production you career where soldier.,
050E0C9D-D7F,ACC51098277,C796212,39998.93,GBP,2026-09-10T14:11:29,cash_deposit,IS,Kristina Allen,Finish today wrong dinner matter produce now.,
90101334-093,ACC22130508,C555052,43032.12,EUR,2026-09-10T14:22:29,crypto,KW,Alice Rivera DVM,Fill heavy easy simply consumer.,
8349F0C3-D87,ACC58436637,C288158,9320.06,CHF,2026-09-10T14:34:36,wire,KW,Maria Ramos,Expert now process interest.,domestic
D9D8FBD4-6A0,ACC34391257,C152727,27192.32,EUR,2026-09-10T14:39:35,card,RU,Mary Barnes,Act skin any role position.,
2A81270A-879,ACC87282128,C810250,8677.71,USD,2026-09-10T14:49:42,sepa,RW,Andre Price,Pass go near never network knowledge party.,
FF3AF38B-AB9,ACC46817443,C147726,17922.77,USD,2026-09-10T14:52:17,wire,IN,Danielle Ferguson,Debate history son.,cross_border
454C0050-055,ACC73900135,C777278,34296.5,USD,2026-09-10T15:00:50,crypto,AO,Michael Washington,Yeah so cut edge left herself spend.,
D1816DDD-8AE,ACC77834855,C612262,10352.58,CHF,2026-09-10T15:03:55,swift,BA,John Petty,Movie thank even agency quickly middle rather perhaps.,cross_border
63C26CD1-E9B,ACC26941092,C596564,10086.57,GBP,2026-09-10T15:12:53,card,PL,Marvin Carrillo,Guy leader court cause poor look.,
0DD8D758-4A5,ACC16150444,C793384,25110.05,USD,2026-09-10T15:22:48,card,EE,Karen Hinton,General relationship save talk process security land.,
EF60A34E-052,ACC19528530,C842225,39877.93,USD,2026-09-10T15:45:03,card,LI,Steven Sutton,High none sport.,
A61CE71A-797,ACC35583290,C728492,35774.54,USD,2026-09-10T15:53:24,cash_deposit,SZ,Casey Glass,Sport baby might air.,
52896B1C-B83,ACC18357162,C316881,47545.6,GBP,2026-09-10T15:56:46,swift,EE,Linda Patrick,Itself clear drive much bar community future.,cross_border
EBB289E6-D56,ACC33357554,C745414,15633.87,GBP,2026-09-10T16:16:40,wire,UA,Jessica Henry,Collection brother it story.,domestic
ED7DCF3D-640,ACC58436637,C288158,23273.0,EUR,2026-09-10T16:22:45,card,PK,Billy Martin,Fill draw something room able example.,
D1C02535-24F,ACC99943797,C209680,554.0,USD,2026-09-10T16:36:16,wire,RO,Katherine Brown,Republican between realize talk if.,cross_border
1CCFD58F-98F,ACC24508349,C501124,4584.27,GBP,2026-09-10T16:42:09,wire,UZ,Martin Adams,Able night since against lose gas.,domestic
F4DE770C-51D,ACC43273328,C335612,15285.54,EUR,2026-09-10T16:43:38,card,KI,Gene Gomez,Last interesting hour individual several identify.,
B21009A3-EA7,ACC19528530,C842225,45509.25,CHF,2026-09-10T16:59:07,card,VE,Charles Harper,Production mean window.,
47C9B9A8-653,ACC99889098,C850981,40766.02,CHF,2026-09-10T17:03:47,card,TJ,Stacy Murphy,Give mind watch score successful anything century.,
CB7E03B4-358,ACC21267237,C773971,15988.28,EUR,2026-09-10T17:22:26,swift,JO,Amanda Thomas,Hospital stock large realize.,cross_border
43765F07-441,ACC15614174,C423232,22684.15,CHF,2026-09-10T17:24:47,sepa,ML,John Obrien,Book former opportunity security.,
C10754D8-FC3,ACC21267237,C773971,37699.95,USD,2026-09-10T17:29:32,card,GR,Dr. Selena Harrison,Service local behind interview sign choose.,
FAEED18B-010,ACC76500726,C402218,29335.64,GBP,2026-09-10T17:37:16,crypto,MZ,Megan Jones,Music former hit case cut far difficult.,
166A0BC4-7AA,ACC83793389,C273148,27054.31,EUR,2026-09-10T17:48:15,card,LC,Danielle Ford,Until result system career modern stop.,
DB281AC3-589,ACC19289546,C897549,47990.57,EUR,2026-09-10T18:03:05,card,TO,Melanie Jones,Then central force small friend impact.,
55280244-208,ACC95758349,C632323,8618.64,EUR,2026-09-10T18:19:41,wire,BF,Chloe Rodriguez,Guy single friend dream.,domestic
ED0B111C-B1D,ACC31682744,C665579,20518.91,GBP,2026-09-10T18:45:09,card,KM,Richard Martinez,Read response degree nothing focus discussion.,
3CCA7B5A-293,ACC95758349,C632323,34275.33,USD,2026-09-10T18:48:30,crypto,NO,Brian Perkins,Study that air half bad baby notice.,
A15A2193-E64,ACC87267850,C498858,46311.88,USD,2026-09-10T18:52:47,swift,TO,Sophia Nguyen,Road threat majority floor action wide service.,domestic
E087B5B8-953,ACC32775593,C790855,3513.22,CHF,2026-09-10T18:56:39,crypto,SY,Ryan Summers,Interest person approach sea.,
D633FB8F-81F,ACC22534217,C958179,13893.93,GBP,2026-09-10T19:10:16,cash_deposit,MZ,Julia Cruz,Approach good attack.,
CBA50CA2-325,ACC82287061,C607868,36514.5,CHF,2026-09-10T19:35:04,wire,DM,Amanda Baker,Sit effect newspaper happen mention wear.,cross_border
99353F2E-5DA,ACC82383095,C891952,33615.57,EUR,2026-09-10T20:12:11,card,LI,Mary Valenzuela,Red picture thank account instead friend.,
6E351876-65E,ACC16150444,C793384,13706.14,USD,2026-09-10T20:15:56,card,NL,James Hayes,Capital office direction between establish dog it.,
A6506750-4F6,ACC58181396,C988662,203495.35,EUR,2026-09-10T20:41:26,crypto,NG,Paul Carpenter,Card star avoid nothing itself who door.,
98FDF5FF-9AB,ACC64038913,C863587,14258.55,USD,2026-09-10T20:47:47,card,TL,Jennifer Monroe,Television be successful organization no bring.,
DF841988-67B,ACC33763566,C532322,266233.76,CHF,2026-09-10T20:56:37,cash_deposit,NE,Nicholas Hernandez,Reveal gas moment when four.,
CA84E006-BAF,ACC46817443,C147726,20929.16,EUR,2026-09-10T21:18:41,swift,BF,Jim Moreno,From herself different.,domestic
CDCA9DD0-551,ACC36726767,C254511,9982.15,CHF,2026-09-10T21:30:36,card,GW,Kenneth Harrison,Concern certain already bag.,
7240D0AB-A6A,ACC84093639,C407419,1105.43,GBP,2026-09-10T22:10:42,card,ZA,Alexandra Baxter,But above others Mr.,
DA2660B7-687,ACC85146293,C526117,44983.58,EUR,2026-09-10T22:22:53,cash_deposit,SK,Sherry Morse,Tend eat interview toward them instead force follow.,
B52FCA9A-050,ACC51098277,C796212,44238.64,CHF,2026-09-10T22:29:32,swift,MA,George Eaton,Answer day hard language letter able structure kind.,domestic
9FA225BC-EAC,ACC87342561,C142185,31580.71,CHF,2026-09-10T22:47:18,sepa,AR,Katie Day,Scientist probably beautiful security add else southern service.,
B4C0BC2E-1E0,ACC23492385,C973074,41448.95,EUR,2026-09-10T23:11:05,wire,US,Anthony Joseph,Send individual ready yes music skill walk quickly.,domestic
B7568B7A-600,ACC19233013,C356150,707.37,EUR,2026-09-10T23:21:12,wire,TZ,Nathan Wagner,Itself staff industry manager guy include that.,domestic
71D61604-E3F,ACC71115319,C437408,22395.39,USD,2026-09-10T23:36:08,card,SE,Eric Donovan,Own treat meet office.,
F0634C1A-842,ACC95320121,C974628,43998.71,CHF,2026-09-10T23:47:13,cash_deposit,FR,Nicholas Miller,Drug per challenge.,
845C53C5-B01,ACC31682744,C665579,11809.7,GBP,2026-09-10T23:59:08,wire,CM,Ashley Walker,Catch year technology.,cross_border
030D1F0D-333,ACC25480907,C373903,20383.78,CHF,2026-09-11T00:15:51,wire,VE,Crystal Duke,Simply ago decision doctor during ability view.,domestic
BFF9AA5E-DB9,ACC70467027,C564226,40217.48,GBP,2026-09-11T00:20:15,wire,MV,Michael Mcconnell,Guess main laugh soldier value try boy myself.,domestic
968252E1-3DA,ACC49392920,C555884,32412.15,GBP,2026-09-11T00:55:32,card,MY,Jeffrey White,Board just style class government.,
5F23366A-1F5,ACC50079111,C890075,9977.54,CHF,2026-09-11T01:09:36,card,YE,Kevin Hogan,List project trade from.,
066DB510-071,ACC94560158,C738448,13735.99,EUR,2026-09-11T01:20:45,crypto,IE,Dr. Stephanie Vaughan,Data responsibility night catch employee but kind.,
5CE19280-CE7,ACC61642594,C500156,5667.09,GBP,2026-09-11T01:42:24,wire,HU,Christina Smith,Writer front court.,cross_border
DE9EECAF-3C6,ACC19289546,C897549,31095.9,EUR,2026-09-11T01:52:19,card,CF,William Howell,Happy fact change option.,
E6B23ECA-2F1,ACC72732043,C233827,19777.25,CHF,2026-09-11T01:58:28,wire,TW,Lauren Baker,Any fine all though.,domestic
FDEFC59D-640,ACC84093639,C407419,5015.72,USD,2026-09-11T02:26:13,card,SI,Katie Tucker,Together court message way cold.,
123080DF-B64,ACC42614537,C922733,20279.52,GBP,2026-09-11T02:36:08,card,KW,Lori Lucas,Concern party set poor food series.,
FC29777E-761,ACC35848226,C430876,10817.97,CHF,2026-09-11T02:41:54,card,AL,Keith Thomas,Pick network strong moment him culture.,
9635063E-968,ACC76500726,C402218,31947.2,GBP,2026-09-11T03:00:54,crypto,KW,Benjamin Foster,Identify east these agree civil.,
E2B72300-ADB,ACC25374874,C814825,9979.32,GBP,2026-09-11T03:24:02,sepa,CH,Wendy Lambert,Sing ten practice every.,
B75828B4-A9E,ACC58181396,C988662,10501.81,CHF,2026-09-11T03:36:06,card,DO,Benjamin Mcmahon,Full world throw relate.,
FBC22099-B69,ACC32775593,C790855,6353.82,GBP,2026-09-11T03:56:32,sepa,AO,Richard Pruitt,Make quickly however culture.,
790ECC9A-3BE,ACC26941092,C596564,32153.78,EUR,2026-09-11T03:57:07,swift,TM,Emily Gregory,Compare enjoy dark everyone whole way.,domestic
821B91C9-971,ACC65026398,C786587,42806.54,GBP,2026-09-11T04:04:58,card,LA,Victoria Nguyen,Lay international size nor try happen quality police.,
EBD169B9-95C,ACC25228493,C583863,28623.67,GBP,2026-09-11T04:11:05,wire,CH,Cristian Murillo,Should main able full look day.,domestic
30CE49C4-1FB,ACC33763566,C532322,39493.95,USD,2026-09-11T05:05:22,wire,MW,John Hayes,Degree opportunity bed law scientist.,cross_border
CC30B4A9-61A,ACC67110154,C882169,24022.13,CHF,2026-09-11T05:17:03,wire,CG,Casey Wong,Price pretty professor.,cross_border
34756042-145,ACC82383095,C891952,9600.66,GBP,2026-09-11T05:32:39,card,PW,Michelle Hines,Hold five very hundred.,
46CEF7AA-5AA,ACC32097220,C497382,9981.43,GBP,2026-09-11T06:06:14,card,YE,Kimberly Jensen,Pay trip recognize ok recent near find.,
DEF8E7E5-2FB,ACC61642594,C500156,171765.14,GBP,2026-09-11T06:09:35,wire,CY,Jessica Skinner,Benefit wind conference appear.,cross_border
B03A9475-1F1,ACC21819185,C429795,19281.51,GBP,2026-09-11T06:18:45,card,MN,James Guerra,Huge because color within on Congress health boy.,
8B8977EA-043,ACC22660194,C201639,20048.44,USD,2026-09-11T06:32:30,wire,EE,Clayton Peterson,Suffer director know red treatment big cause science.,cross_border
01AE4D75-E68,ACC68802946,C832168,9982.05,GBP,2026-09-11T06:57:49,swift,GD,Anna Moore,Catch figure in local relationship still.,cross_border
B242F92D-85C,ACC63121477,C237235,35623.4,USD,2026-09-11T06:58:11,swift,SI,Eddie Klein,Law order partner about minute should.,domestic
3123669F-C6F,ACC25228493,C583863,37027.45,GBP,2026-09-11T07:12:44,crypto,UA,Matthew Gomez,Card production election energy safe well win.,
52225B64-BCB,ACC73900135,C777278,32814.2,GBP,2026-09-11T07:13:41,swift,CD,Kristen Mcclure,Finish ready next real man election thousand.,domestic
642D53F0-126,ACC89864260,C171262,21931.67,USD,2026-09-11T07:15:28,card,BG,Stephen Haney,Decision prevent too drug today so.,
5BE1A01A-1C9,ACC22517517,C890170,45904.25,USD,2026-09-11T07:33:33,wire,BH,Stacey Stone,Energy civil response leg agency close.,domestic
AE0C7349-47D,ACC15614174,C423232,47654.81,EUR,2026-09-11T07:51:22,card,CO,Kelly Castro,Party thought seat finally get area organization.,
D104030D-EFB,ACC36786211,C956253,48217.06,GBP,2026-09-11T08:05:04,swift,ID,Patricia Mccarthy,Ago clear bank another.,domestic
8685E621-09B,ACC94120751,C350867,2468.31,CHF,2026-09-11T08:18:08,card,PH,Gregory Rivera,Debate tonight mean party.,
BA768384-E29,ACC20200074,C720859,40264.9,CHF,2026-09-11T08:26:15,crypto,IN,Todd Gardner,Shake its cut energy crime.,
BD79BAE6-EAC,ACC68186525,C479781,15581.8,GBP,2026-09-11T08:39:22,swift,DE,John Harris,Technology cost miss candidate.,domestic
0B4FC741-E2D,ACC98231132,C712024,27045.67,GBP,2026-09-11T09:07:43,swift,CU,Richard Wilson,Particularly job local firm international condition.,cross_border
7F61BE97-32E,ACC73481797,C839485,13239.46,EUR,2026-09-11T09:18:45,cash_deposit,NZ,Danielle Burns,Successful stock medical.,
9228C3EE-62F,ACC87267850,C498858,42123.97,USD,2026-09-11T10:36:04,swift,GT,David Wilcox,Major strategy their computer six serve somebody.,cross_border
7EBF6CB7-1F9,ACC72409658,C563246,9986.89,USD,2026-09-11T10:41:43,card,SC,Mrs. Sandra Knapp,Fall defense recent create talk event this anything.,
BBAAD8BD-17A,ACC70467027,C564226,22343.11,EUR,2026-09-11T11:17:43,cash_deposit,BB,Samantha Riley,Able safe piece none identify piece environment seat.,
DAE6D2E5-545,ACC36757737,C979995,35336.35,GBP,2026-09-11T11:38:03,card,MG,Bruce Hernandez,Expert try every respond level.,
3AA82D27-B1B,ACC39958838,C246316,2629.43,GBP,2026-09-11T11:49:49,card,VA,Johnny Nguyen,Deep something future they red everybody act.,
7EC5D699-A33,ACC51098277,C796212,442.51,CHF,2026-09-11T12:01:38,card,TT,Alyssa Mathews,Begin prove only both set staff.,
516F2A9A-9EF,ACC99038359,C989208,9995.57,GBP,2026-09-11T12:03:02,wire,IR,Susan Thompson,May east media eight support single.,cross_border
A9A0457C-C54,ACC95822412,C216739,1645.49,USD,2026-09-11T12:05:50,sepa,IL,Jesse Rogers,Everything week instead strong like see.,
5D9FAC69-B0C,ACC73380266,C355570,10901.8,GBP,2026-09-11T12:23:41,card,CZ,Jessica Kaiser,Us difficult people three miss whether.,
1F1108EB-71C,ACC99038359,C989208,8918.36,EUR,2026-09-11T12:25:31,card,GH,Angel Ryan,Bill hit all cup.,
A33D52DE-3ED,ACC38408562,C576786,47302.39,CHF,2026-09-11T12:38:07,cash_deposit,BW,Margaret Velez,Brother population company suggest inside enjoy easy yard.,
23ED5D37-0F9,ACC92874006,C171744,9660.3,CHF,2026-09-11T13:24:39,wire,MZ,Peter Brown DDS,Imagine ready oil American.,domestic
330C22ED-939,ACC99889098,C850981,16198.58,GBP,2026-09-11T13:47:29,swift,BZ,James Shelton,Process stuff treat.,domestic
B128656E-767,ACC11698142,C990844,16151.83,GBP,2026-09-11T13:47:30,card,BY,Sandra Bowman,Response specific determine stop hear hold too.,
B447A90A-979,ACC88320463,C518801,2455.45,GBP,2026-09-11T14:32:35,wire,ID,Dr. Christy Pittman MD,School none feel house.,cross_border
E3A8B87B-B6E,ACC89864260,C171262,22337.18,EUR,2026-09-11T14:33:04,card,MC,Daniel Neal,Letter account happy body more leg purpose interview.,
751B6E81-16E,ACC40547349,C333752,32644.53,USD,2026-09-11T14:42:40,card,IL,Hannah Butler,Her opportunity our two west responsibility.,
084A1E3E-4B2,ACC96098221,C634150,44475.27,CHF,2026-09-11T14:47:20,wire,DE,Lynn Burnett,Small page eat off according.,domestic
6BA0FDBA-2FD,ACC52091325,C159942,13849.92,GBP,2026-09-11T14:48:21,sepa,TO,Curtis Morgan,Thought result while example leave.,
C38FD8EA-DB3,ACC15614174,C423232,3726.06,GBP,2026-09-11T14:53:39,swift,IR,Renee Cooper,Model many more.,domestic
53ECD446-6AC,ACC65259205,C941204,10368.9,CHF,2026-09-11T15:25:59,cash_deposit,BA,Anna Brown,Player civil economic son but movie individual.,
28F16CA7-441,ACC73481797,C839485,4689.88,GBP,2026-09-11T15:40:50,wire,BD,Catherine Thomas,Play listen just really whose cup vote nothing.,cross_border
6E3C1828-C25,ACC21267237,C773971,44429.98,EUR,2026-09-11T15:46:17,cash_deposit,TZ,Ryan Green,As as simple.,
655AA214-EE1,ACC11698142,C990844,9051.36,USD,2026-09-11T16:00:09,swift,VE,James Jordan,Man laugh mother peace authority.,cross_border
5CF60FAB-34A,ACC72409658,C563246,31733.95,CHF,2026-09-11T16:15:34,card,TO,David Hayes,Once hour and.,
FCF2885E-0BF,ACC21819185,C429795,10296.69,GBP,2026-09-11T16:24:08,swift,TO,Lindsey Green,Create far natural reason however serious worker.,cross_border
938B6A4C-E9D,ACC55728776,C293319,4843.27,GBP,2026-09-11T16:28:19,swift,MK,Christina Wilkins,It because husband industry trade cultural.,cross_border
9F3A59CC-6EF,ACC66722344,C456778,34517.62,EUR,2026-09-11T16:52:33,cash_deposit,BA,Emma Butler,Feel contain Mrs drive.,
7E3FCC17-04E,ACC32097220,C497382,13087.65,USD,2026-09-11T16:53:39,cash_deposit,SD,Melissa Delacruz,Future end finish process book party.,
B6FEC248-12B,ACC21267237,C773971,23462.44,GBP,2026-09-11T17:03:01,wire,WS,John Lucas,Ago with you seat approach maybe cut several.,domestic
D52A58A4-885,ACC84093639,C407419,40324.21,USD,2026-09-11T17:28:45,card,OM,Matthew Wells,Detail section someone support far plant fear.,
8F7EC480-258,ACC31682744,C665579,19187.66,GBP,2026-09-11T17:49:42,cash_deposit,VE,Matthew Frazier,Reduce visit town between because.,
E15AF073-B05,ACC76344695,C992288,419333.6,EUR,2026-09-11T17:49:55,card,DO,Samuel Mills,Surface include return once total.,
BC1C2587-775,ACC93955206,C321275,21055.11,CHF,2026-09-11T18:29:20,card,FJ,Jose Espinoza,Hundred affect land far decade conference sound.,
2E707688-DCD,ACC97225156,C491559,9984.21,GBP,2026-09-11T18:38:35,card,BZ,Molly Morgan,Institution against wear either present.,
164B4CCE-1B0,ACC36786211,C956253,21129.88,CHF,2026-09-11T18:51:00,crypto,IL,Carol Shah,Product during drug environment arrive.,
A47D4FE2-EB6,ACC32329103,C827712,28613.01,CHF,2026-09-11T19:06:55,card,FI,Ricky Smith,Data election play.,
43EBDD99-437,ACC41244663,C205907,42601.42,GBP,2026-09-11T19:58:50,cash_deposit,AG,Joseph Flores,Change maybe determine anything rule hotel knowledge.,
5C8DDF85-718,ACC25312516,C962050,17137.93,CHF,2026-09-11T20:07:12,card,CU,Charles Davis,On leg to never ever life sign.,
F8DAD94B-BC4,ACC63121477,C237235,43954.44,USD,2026-09-11T20:10:42,cash_deposit,KP,Annette James,Little chance human.,
C24525D2-AA7,ACC48349783,C345884,17609.73,USD,2026-09-11T20:51:12,cash_deposit,NI,Reginald Powers,Alone most movement yet just a.,
01A069C0-B11,ACC50785405,C400850,5617.16,EUR,2026-09-11T20:51:52,cash_deposit,TN,Eric Mcpherson,Year mind pattern south specific quickly.,
764F86E1-AB0,ACC39958838,C246316,19016.57,USD,2026-09-11T21:06:29,card,TO,Reginald Williams,Relate specific history professional star wonder manager.,
854E5169-D39,ACC19233013,C356150,19213.33,GBP,2026-09-11T21:23:51,crypto,ID,Taylor Haynes,International large short ago number citizen score mouth.,
9C84BCD9-A46,ACC49172995,C633590,38438.87,EUR,2026-09-11T21:29:56,cash_deposit,MV,Alexandria Sawyer,Himself act apply gas.,
20036409-F30,ACC25312516,C962050,48343.91,USD,2026-09-11T21:37:16,cash_deposit,UA,Norma Huff,Bit eight employee meeting full establish.,
9EDEB262-246,ACC82160068,C323508,40539.65,EUR,2026-09-11T21:55:40,wire,EG,Justin Cook,Rate idea challenge late never street.,domestic
615855FA-FE4,ACC67110154,C882169,17618.94,CHF,2026-09-11T22:33:28,wire,AZ,Megan Hawkins,Put civil you office.,domestic
E0E9FCCF-8BE,ACC51098277,C796212,34112.82,CHF,2026-09-11T22:54:04,wire,TZ,Felicia Norman,Region over thing none until.,domestic
A1B22B45-179,ACC76344695,C992288,13192.08,USD,2026-09-11T23:00:49,card,DZ,Marissa Long,Decade young attack Congress education exactly yet.,
29D38DD7-BF5,ACC73380266,C355570,8399.51,GBP,2026-09-11T23:20:24,crypto,GY,Veronica May,Note property early section road tell.,
30BB34EF-8E6,ACC32775593,C790855,19416.35,USD,2026-09-11T23:33:28,swift,IE,Claudia Mcguire,Reflect economic special form join financial century past.,cross_border
378D8FF3-058,ACC55176955,C207175,6634.03,USD,2026-09-11T23:34:50,crypto,ZA,Jeffrey Moody,Everybody base network outside parent.,
27D41F3E-620,ACC73083727,C464863,5687.19,USD,2026-09-11T23:35:15,card,CA,Marvin Valencia,Local detail science bring answer suddenly someone.,
7D8D05CD-534,ACC61642594,C500156,32823.17,EUR,2026-09-12T00:18:59,sepa,BW,Kevin Santana,Travel then coach interview reality may mouth.,
4BBB9BA4-B33,ACC73771720,C740967,420338.81,CHF,2026-09-12T00:19:03,card,DK,Ronnie Cook,Exist writer about concern but discover.,
4205222F-5A1,ACC88183110,C679364,38382.06,EUR,2026-09-12T00:26:50,wire,ID,Steven Wagner,World hold exist story speech age.,cross_border
73E37021-8E4,ACC98231132,C712024,32963.9,EUR,2026-09-12T00:36:23,swift,SN,Lisa Gomez,Catch large final medical.,domestic
2E7970C9-E98,ACC97971488,C623481,36052.97,CHF,2026-09-12T01:06:52,cash_deposit,TG,Tyler Cox,Movement door kind account.,
EE8E27CC-854,ACC61642594,C500156,27385.15,USD,2026-09-12T01:25:51,wire,CM,Carla Hines,Side seem give remember play.,cross_border
414444A1-CB8,ACC65682626,C527398,15066.6,USD,2026-09-12T01:29:08,wire,TJ,Gary Watson,Book budget key year girl half.,domestic
FA5DDA73-5AA,ACC71662963,C662275,83.09,EUR,2026-09-12T01:32:56,card,HR,Ronald Mcclain,Approach poor church support system thank avoid man.,
BB433D30-011,ACC43273328,C335612,46946.77,CHF,2026-09-12T01:54:22,cash_deposit,AU,Rebecca Petty,Central alone some.,
2CFEE2F7-99C,ACC39042654,C874483,27534.56,USD,2026-09-12T02:27:23,cash_deposit,ER,Erin May,There trouble end.,
CE9FC178-BE3,ACC97225156,C491559,33048.83,USD,2026-09-12T02:34:18,sepa,PW,Jason Green,Building since positive move agency lose rise.,
AADC8B6B-216,ACC89864260,C171262,18329.56,GBP,2026-09-12T02:41:27,swift,GN,Matthew Hicks,Professional director stock list half.,domestic
A4C50D8B-A4A,ACC54058573,C392136,32061.25,CHF,2026-09-12T02:57:07,wire,DJ,Kyle Holmes,Down audience feel offer with social like.,domestic
4B30D52C-355,ACC31682744,C665579,41187.3,USD,2026-09-12T03:12:47,card,BI,Daniel Robinson,Everyone part third teacher avoid throughout instead.,
4E47192E-A03,ACC33640702,C869440,28013.53,EUR,2026-09-12T03:19:13,sepa,CH,Craig Williams,Travel possible table mission opportunity possible cup population.,
C7C76512-823,ACC36726767,C254511,4564.49,USD,2026-09-12T03:27:39,wire,MC,Shirley Garcia,From positive significant outside husband its who.,domestic
A4157C2B-877,ACC96098221,C634150,35856.67,GBP,2026-09-12T03:52:20,cash_deposit,CI,Kristen Wilson,List movie good month rate usually us.,
F069D126-AFE,ACC83089925,C335729,12116.95,EUR,2026-09-12T04:23:49,card,BJ,Scott Weaver,Left serious some keep let letter.,
CA17AE4C-EDF,ACC48349783,C345884,27032.46,GBP,2026-09-12T04:24:43,sepa,KE,Ethan Cobb,American audience oil.,
04034BCA-7FB,ACC41329612,C377405,314015.61,USD,2026-09-12T04:33:54,cash_deposit,EC,Ashley Flores,Huge job personal two ability.,
F7B7868D-84D,ACC49172995,C633590,46420.05,CHF,2026-09-12T04:33:59,sepa,KR,Tammie Johnson,News actually avoid baby.,
F48BECC3-D40,ACC92874006,C171744,39019.54,EUR,2026-09-12T04:38:51,sepa,MR,Jason Lopez,Within right performance alone factor.,
9E02C94C-EBF,ACC46540265,C624783,34892.2,CHF,2026-09-12T04:49:17,sepa,IR,Monica Savage,Not manager vote decide.,
470FC035-AB6,ACC90014570,C835244,3165.89,CHF,2026-09-12T04:50:24,swift,IR,Shawn Smith,Method group rock board sure.,cross_border
87CDD29B-7AB,ACC99038526,C208618,18022.84,GBP,2026-09-12T05:00:58,card,AF,Tiffany Nelson,Question gas population oil sense.,
82F2DCF1-AF1,ACC25480907,C373903,43597.43,USD,2026-09-12T05:04:47,cash_deposit,BE,Edward Roth,Money attorney cup enjoy southern several hope.,
8B872373-888,ACC44188276,C146542,4004.35,USD,2026-09-12T05:33:23,wire,KP,Christopher Wright,When loss natural edge listen some Congress.,cross_border
C06098D3-8C6,ACC31980274,C426147,39362.7,CHF,2026-09-12T05:40:02,sepa,TM,Joseph West,Question wall and rock now something dark.,
FE7E1ADA-A2B,ACC76481885,C138817,14545.57,CHF,2026-09-12T05:42:59,wire,CV,Steven Mccoy,Cold difference main among risk.,domestic
FFAEF02B-400,ACC77834855,C612262,18803.45,EUR,2026-09-12T06:04:43,wire,CU,Michael Allen,Task teach know.,cross_border
131BFF96-9CB,ACC16927215,C313446,41958.86,CHF,2026-09-12T06:30:41,wire,NA,Logan Parker,Ability wear truth position herself paper health.,domestic
D92FDD86-FE4,ACC84903294,C901577,20500.62,CHF,2026-09-12T06:34:22,card,US,Ashley Stevens,Arm total not able per.,
38564587-087,ACC88961459,C680828,19889.37,CHF,2026-09-12T06:44:18,crypto,TR,Michelle Holden,Issue hair understand doctor music.,
2646EB3D-843,ACC68812137,C974244,8737.32,GBP,2026-09-12T06:59:16,cash_deposit,BD,Daniel Perry,Quite college middle pay summer.,
59865856-643,ACC34391257,C152727,49934.92,CHF,2026-09-12T07:08:50,wire,HR,Sabrina Whitaker,Personal real throughout since.,cross_border
4506DC05-483,ACC73083727,C464863,18817.14,GBP,2026-09-12T07:13:11,swift,PA,Theresa George,Case human society event offer probably.,cross_border
E260E1DD-842,ACC98231132,C712024,19883.93,EUR,2026-09-12T07:26:05,wire,MK,Justin Saunders,Stay without professor today family.,domestic
D6DD7C87-97D,ACC88961459,C680828,31345.6,CHF,2026-09-12T07:32:52,wire,LA,Jane Wells,Consumer find concern involve edge before.,domestic
22D9D937-EF9,ACC96098221,C634150,9976.7,GBP,2026-09-12T07:43:39,swift,CU,Mr. Tony Gray,Rich last attention night several throw base.,domestic
066C78F3-FB8,ACC46817443,C147726,25410.48,USD,2026-09-12T07:54:17,cash_deposit,TN,Alicia Martinez,Lay trade evening author.,
37C23A4A-632,ACC95758349,C632323,46212.36,EUR,2026-09-12T07:58:28,cash_deposit,LC,Zachary Lawson,Note yes best address.,
99B461D4-D83,ACC68942178,C230394,2596.46,EUR,2026-09-12T07:58:46,cash_deposit,TO,Keith Freeman,Social perhaps face eight question onto.,
EEB198F9-7FA,ACC84093639,C407419,39438.61,USD,2026-09-12T09:02:37,swift,ML,Jesse Williams,Billion why plant event score official.,cross_border
D13495F6-2B1,ACC76500726,C402218,9985.1,CHF,2026-09-12T09:05:56,cash_deposit,KP,Gene Johnson,Safe down similar plan person strong it.,
76C0D002-5DF,ACC68461818,C965845,8899.08,CHF,2026-09-12T09:33:27,sepa,NA,Michael Smith,Lay training ago lawyer fire.,
429BD7BB-96E,ACC46540265,C624783,31244.46,CHF,2026-09-12T09:42:45,card,KG,Susan Willis,Generation PM never majority.,
6E51D80B-B93,ACC19736572,C109767,47014.24,CHF,2026-09-12T10:00:37,cash_deposit,BY,Anthony Morse,Middle range eat budget benefit strong well bar.,
E3E09EF0-322,ACC55176955,C207175,6883.2,CHF,2026-09-12T10:18:59,wire,UG,Laurie Bailey,Pay sport relationship father pass be care.,cross_border
D1214CAB-E19,ACC40742311,C961722,30045.93,GBP,2026-09-12T10:36:55,wire,RW,Joshua Parker,Who speech whom administration fund front return.,domestic
21007C10-FE2,ACC19528530,C842225,9995.89,USD,2026-09-12T10:47:52,card,SY,Terry Barnett,Full hand dream stage.,
89E750DE-D61,ACC86320155,C751194,30558.35,CHF,2026-09-12T10:57:04,swift,BA,Stephanie Miller,Wife girl go moment possible me.,domestic
5D327545-FE9,ACC95132217,C544151,9995.47,CHF,2026-09-12T11:17:58,wire,NR,John Clark,Some suggest remember home road.,cross_border
0B88A0F4-EB6,ACC35487660,C411120,1846.19,CHF,2026-09-12T11:18:31,crypto,KZ,Michael Jackson,Image per try.,
4D043D9C-4BB,ACC48349783,C345884,386890.82,USD,2026-09-12T11:35:50,swift,PT,Amanda Chen,Success model visit to.,domestic
E59B6DC6-009,ACC42194159,C282256,16477.91,GBP,2026-09-12T11:59:20,wire,DO,Donna Farmer,Remain land able nor off.,cross_border
76AF2EB5-E52,ACC95822412,C216739,6997.45,EUR,2026-09-12T12:16:05,cash_deposit,NL,Lauren Dominguez,Herself accept goal send table well industry.,
0E480E26-3A3,ACC25374874,C814825,4332.85,CHF,2026-09-12T12:28:11,sepa,LB,Robert Byrd,Necessary think I or else rather require.,
FBBA8F23-EFD,ACC34391257,C152727,480890.24,GBP,2026-09-12T12:32:04,card,IR,Michael Perkins,Take rather sort.,
A1D788E4-535,ACC63121477,C237235,16596.19,CHF,2026-09-12T12:57:43,card,CH,Dr. Laura Harris,Health yeah success soldier.,
8312165C-DFF,ACC41244663,C205907,13064.73,EUR,2026-09-12T13:07:44,swift,TD,David Mitchell,Call money color along ground trip ten level.,domestic
4467E634-CCE,ACC68802946,C832168,38164.33,CHF,2026-09-12T13:12:23,wire,KP,Renee Phillips,Loss notice surface nothing economic.,cross_border
AFD24A84-0D6,ACC84411983,C233470,16500.7,CHF,2026-09-12T13:20:04,crypto,GQ,Robert Farley,Enter develop simple discussion.,
999479B9-A32,ACC25312516,C962050,48329.67,EUR,2026-09-12T13:32:16,card,PT,Dr. Samantha Sanchez,Play research consumer.,
A34BDAF3-B13,ACC36757737,C979995,41633.21,USD,2026-09-12T14:19:42,card,JO,Amanda Lloyd,Expect situation note tax.,
345EA8E2-AFB,ACC64830300,C572387,38702.8,USD,2026-09-12T14:21:34,swift,NA,Katelyn Miles,Popular consider whose drive study.,domestic
682083DA-ED3,ACC33357554,C745414,41665.01,CHF,2026-09-12T14:43:57,crypto,NA,Sherry Drake,And hospital task experience catch.,
F338EE8E-F76,ACC73123515,C120324,7271.03,EUR,2026-09-12T16:00:15,swift,RU,Sarah Zhang,Ahead computer similar garden if can mother.,domestic
9845A817-8F1,ACC86483924,C739979,9990.32,GBP,2026-09-12T16:00:16,card,QA,Cindy Jenkins,Individual thousand deal staff other wife analysis.,
C2E0605A-49C,ACC30514014,C757924,10291.03,CHF,2026-09-12T16:03:45,card,NG,Brian Herrera,Sea home tough deal that finally stand.,
C0664956-45F,ACC73083727,C464863,9980.87,USD,2026-09-12T16:09:45,sepa,VA,Robert Greene,Hair per speak from hope.,
9BF2FE4E-E1F,ACC88961459,C680828,6722.01,CHF,2026-09-12T16:22:21,wire,HN,Maria Myers,Eat go difficult we cell.,cross_border
82EA3474-3D4,ACC68571795,C735656,21652.95,CHF,2026-09-12T17:16:50,swift,PW,Christopher Arnold,Until others what challenge quality.,domestic
1CAD4F8D-3AF,ACC35583290,C728492,9989.69,CHF,2026-09-12T17:19:02,card,LT,Jordan Butler,Result blood approach east even sure thought.,
FF116329-E58,ACC24366125,C878480,37432.94,EUR,2026-09-12T17:32:48,card,CZ,Lawrence Morgan,Executive join outside term reveal garden.,
7D108AC3-992,ACC82498004,C184491,30130.38,CHF,2026-09-12T17:34:57,crypto,AD,David Riley,Treatment guess game everything.,
346B9550-030,ACC93955206,C321275,15612.44,GBP,2026-09-12T17:40:25,cash_deposit,CV,Cassandra Smith,Here nice manage bar require central big themselves.,
A29A2F44-8C3,ACC36726767,C254511,32144.48,EUR,2026-09-12T18:02:55,card,IL,Adam Medina,International present return late ok standard.,
30571116-B1E,ACC87049595,C398151,35952.41,EUR,2026-09-12T18:06:05,cash_deposit,TN,Lisa Robinson,Week your your but thus nothing no.,
28C8A224-FC9,ACC41068214,C402099,28295.32,EUR,2026-09-12T18:59:18,card,IN,Robert Lopez,Find future hit.,
BBCE9F28-AC7,ACC24366125,C878480,33357.45,USD,2026-09-12T19:04:51,card,VN,Danielle Estrada,Another man list anything action early.,
6B834B31-83E,ACC68571795,C735656,11308.01,USD,2026-09-12T19:31:03,wire,KZ,Christopher Young,Speak expect late energy ready could.,cross_border
6312968A-8A9,ACC12614124,C217301,6604.66,USD,2026-09-12T19:41:02,wire,BF,Michael Ford,Least approach area stop practice four best.,domestic
BEE46ED0-A0F,ACC55176955,C207175,34224.59,GBP,2026-09-12T19:46:49,card,HU,Kenneth Adams MD,Away some shoulder idea seek reason theory.,
783898AD-1BF,ACC95320121,C974628,22358.94,CHF,2026-09-12T20:07:13,card,LV,Anita Reyes,Their rather individual of interview fine painting last.,
A3C9F79A-727,ACC39587039,C571029,37750.71,GBP,2026-09-12T20:22:18,crypto,IR,Nancy Evans MD,Mother remember feel staff happy purpose woman.,
B1B8F7CE-3F3,ACC50079111,C890075,9384.24,CHF,2026-09-12T21:03:26,sepa,RU,Jennifer Duarte,Present cut certain understand.,
5B183DDB-ED6,ACC76500726,C402218,37379.17,CHF,2026-09-12T21:24:43,cash_deposit,PL,Valerie Smith,Simple design subject pattern lose more.,
99F2292F-2AE,ACC35848226,C430876,14664.7,EUR,2026-09-12T21:49:08,crypto,DM,Jennifer Perez,Because east second learn.,
A00C11B5-063,ACC86483924,C739979,45806.09,EUR,2026-09-12T22:01:17,sepa,KP,Craig Aguilar,Interesting fact investment sure think.,
6B38CC6C-D04,ACC90267122,C141797,44842.92,USD,2026-09-12T22:33:08,card,CV,Kathleen Bean,Mean several rather require.,
81D4B954-BD4,ACC72409658,C563246,30256.09,CHF,2026-09-12T23:01:51,sepa,MD,Nichole Wright,Tough cultural six people.,
54A96C44-81E,ACC63640499,C355836,48633.3,EUR,2026-09-12T23:07:48,card,GE,Suzanne Alvarez,Left truth establish air.,
7134302D-992,ACC81503856,C549186,38386.41,EUR,2026-09-12T23:46:18,cash_deposit,KI,Anna Haas,Attack idea image room same surface in.,
8D45E55B-118,ACC73380266,C355570,12332.99,GBP,2026-09-13T00:20:09,card,GQ,Shane Sherman,Really movement for.,
AF3D2255-847,ACC77834855,C612262,43261.21,EUR,2026-09-13T01:04:17,card,FR,Amber Daniels,They individual his car between follow too.,
4B708128-972,ACC19943140,C705050,36770.24,GBP,2026-09-13T01:14:04,cash_deposit,KW,Jim Rogers,Wife state cell visit.,
79A58C5B-261,ACC21490777,C353080,46834.77,EUR,2026-09-13T01:24:27,crypto,NA,Susan Mendoza,Mention defense to probably.,
1C6AD179-852,ACC65692629,C456385,5747.15,GBP,2026-09-13T01:44:15,wire,IL,Dr. Timothy Jenkins,Road style certain popular same.,domestic
12606283-FC1,ACC20099059,C824586,10701.58,CHF,2026-09-13T02:07:35,wire,AL,Mark Lambert,International above attack catch soldier charge start.,cross_border
35A8C51B-3C0,ACC95613415,C889359,2129.83,EUR,2026-09-13T02:23:44,crypto,CV,Joshua Cox,Project dog them rate detail use.,
C142828D-6A1,ACC45570755,C455007,10966.9,EUR,2026-09-13T02:32:57,card,GW,Joshua Allen,Strong poor itself large paper environmental.,
96F12B7B-450,ACC31682744,C665579,19575.33,GBP,2026-09-13T03:01:19,card,KH,James Walker,Environment probably film total training.,
397FA276-198,ACC50071487,C978157,18888.68,USD,2026-09-13T03:01:55,sepa,CO,Donald Gomez,Policy color far safe I direction.,
E66716F3-B1D,ACC20099059,C824586,25902.54,USD,2026-09-13T03:58:10,wire,AF,Cameron Kelly,Will building discover.,domestic
C92F240D-A1B,ACC24366125,C878480,10294.63,CHF,2026-09-13T03:59:46,wire,BB,Jeffrey Smith,Can most political.,cross_border
F53F4B29-D92,ACC22489409,C408528,37410.82,GBP,2026-09-13T04:11:41,swift,BF,Nicholas Perkins,Ten at hear political fine.,domestic
84281395-055,ACC77834855,C612262,10962.53,CHF,2026-09-13T04:28:27,card,SK,Renee Hill,Inside each short collection through all poor.,
205D9911-9C9,ACC88183110,C679364,28649.93,CHF,2026-09-13T04:35:26,sepa,MH,Brandon Patel,Possible success final investment.,
E4804FC1-0FB,ACC68571795,C735656,36090.07,EUR,2026-09-13T04:46:57,swift,SG,Ashley Mejia,Simply wide level recent anything.,cross_border
91F19065-13F,ACC43273328,C335612,9980.11,GBP,2026-09-13T05:14:51,card,DK,Kenneth Webb,Could thank wife if yeah law.,
7595D51E-B65,ACC24549543,C725550,40187.25,EUR,2026-09-13T05:25:06,swift,KP,Alexander Thomas,Meet authority someone compare floor price.,domestic
E487B65A-B0E,ACC54769200,C908577,9994.43,EUR,2026-09-13T05:28:24,wire,PA,Marvin Massey,Yard plan home reflect general if true course.,domestic
C0D7902E-9F0,ACC97971488,C623481,40278.21,EUR,2026-09-13T05:33:13,card,BW,Misty Taylor,Number matter building professional.,
EF9EA47A-4EA,ACC19584466,C162535,18034.84,USD,2026-09-13T05:57:35,card,UA,Christopher Rogers,Movement participant main young measure floor thought.,
58A519A7-DD5,ACC36786211,C956253,6551.48,EUR,2026-09-13T06:02:43,card,ET,Brenda Myers DVM,Everyone brother forward east out point huge.,
6C2AF7D6-B20,ACC50071487,C978157,24991.11,EUR,2026-09-13T06:51:33,card,SY,James Peterson,Boy break argue now impact number.,
D8E8B63C-498,ACC87267850,C498858,4439.66,USD,2026-09-13T07:03:11,cash_deposit,TM,Mark Mueller,Professional account require.,
37BA1632-C81,ACC45551614,C246413,26699.68,GBP,2026-09-13T07:05:27,sepa,MD,Michelle Erickson,Eight believe arrive four dog traditional you vote.,
3B5831D7-1A3,ACC81503856,C549186,35380.02,CHF,2026-09-13T07:06:43,crypto,TW,Christopher Maldonado DDS,Peace picture until throw bar police.,
C44DDD37-BBD,ACC99943797,C209680,6552.23,CHF,2026-09-13T07:27:19,card,BR,Felicia Lamb,Response rate party senior decision authority young.,
EAAD83D5-C71,ACC55728776,C293319,31973.33,EUR,2026-09-13T07:44:53,card,US,Dylan King,West law remain everybody happen down number.,
47A9B777-364,ACC84813739,C361303,6630.26,USD,2026-09-13T08:04:00,card,PA,Cynthia Moore,Another physical total turn two floor lot.,
C8D463F5-94D,ACC55176955,C207175,3172.72,EUR,2026-09-13T08:04:13,cash_deposit,SY,Lori Mason,Interest I policy Mrs check base.,
4A5FEB2B-9D2,ACC32097220,C497382,37216.43,CHF,2026-09-13T08:29:49,wire,KM,Mark Dyer,Reduce executive particular himself eat enter.,domestic
B4B8E19A-5F4,ACC19528530,C842225,33277.16,GBP,2026-09-13T08:36:18,cash_deposit,VC,Dustin Foley,Board budget statement this wear.,
C0C7A77A-05B,ACC65026398,C786587,17125.55,GBP,2026-09-13T08:40:35,sepa,BN,Miguel Wells,Difference all machine let charge thought.,
DAFEDCC0-90E,ACC33357554,C745414,18170.01,EUR,2026-09-13T09:00:06,cash_deposit,LV,Justin Sutton,Trip give president main center work back.,
78C0FA89-175,ACC97225156,C491559,5933.48,GBP,2026-09-13T09:03:11,wire,JP,Molly Williams,Respond memory power investment buy certainly.,cross_border
7463138F-F14,ACC72363359,C800005,32224.92,EUR,2026-09-13T10:06:58,wire,LB,Melissa Smith,Real prevent police.,cross_border
556D511E-FD3,ACC41348220,C997594,7238.92,EUR,2026-09-13T10:07:24,card,MZ,Raymond Carlson,Believe who mission research direction they.,
5B620C06-E89,ACC19528530,C842225,42405.02,EUR,2026-09-13T10:11:10,card,TL,Joseph Sanchez,Nothing way role six guy.,
C9DFE57A-0EC,ACC86483924,C739979,44586.02,CHF,2026-09-13T10:17:30,crypto,OM,Bruce Mccoy,Score too particularly Mr.,
ED4548E5-700,ACC20099059,C824586,10216.14,EUR,2026-09-13T10:37:45,swift,BS,Jeremy Davis,Industry nice federal together around.,domestic
6C4FD1EF-753,ACC19584466,C162535,27626.05,EUR,2026-09-13T10:53:37,wire,KP,Brandon Castro,Response stay someone final person region throughout.,domestic
CED44D32-9BA,ACC30514014,C757924,42383.36,USD,2026-09-13T11:00:38,sepa,BI,Danielle Murphy,These least office say explain thing lead.,
67E1C105-E4A,ACC95758349,C632323,14536.56,CHF,2026-09-13T11:06:43,wire,TN,Courtney Sawyer,Give life movement stand.,cross_border
BB21FA7F-879,ACC68461818,C965845,25949.41,GBP,2026-09-13T11:08:57,cash_deposit,BH,Austin Garcia,Step system light.,
A281CAD8-7F5,ACC53536830,C934816,9987.93,USD,2026-09-13T11:09:11,card,BY,Anthony Avery,Deep dinner whether generation article.,
2825F94B-13B,ACC35487660,C411120,31267.27,CHF,2026-09-13T11:09:15,card,BI,Michael Peterson,Week least deep carry summer.,
3B80258D-705,ACC65259205,C941204,9094.48,CHF,2026-09-13T11:28:09,cash_deposit,SI,James Roberts,Community very consider.,
6C13C244-D55,ACC90014570,C835244,13478.92,CHF,2026-09-13T11:37:36,card,PT,Marie Salazar,View receive goal public job sister back.,
369BB8A0-326,ACC32775593,C790855,1309.58,USD,2026-09-13T11:44:30,wire,MK,Wayne Good,Key poor bring.,cross_border
7D602014-18F,ACC82160068,C323508,40274.47,EUR,2026-09-13T12:01:07,card,AM,Destiny Campbell,Short big report manage.,
42A6D47D-669,ACC15614174,C423232,33119.06,GBP,2026-09-13T12:14:29,crypto,SC,James Young,Evening painting responsibility.,
C6E9F05B-0DB,ACC49392920,C555884,13864.5,USD,2026-09-13T12:30:00,cash_deposit,LR,Tammy Cameron,Capital whatever society call general add.,
20F66EA6-95B,ACC50071487,C978157,29008.91,GBP,2026-09-13T13:00:44,wire,ML,Lucas Smith,Election appear Mr group ground.,cross_border
7AD17825-FA1,ACC36757737,C979995,39528.47,USD,2026-09-13T13:06:38,card,IQ,Nicholas Henry,Television practice choose state treat.,
43DC8437-739,ACC41329612,C377405,39493.8,CHF,2026-09-13T13:09:22,sepa,BF,Sandra Casey,Ability week maintain western section.,
BA1BDD97-A1F,ACC55728776,C293319,27681.39,EUR,2026-09-13T13:10:17,swift,ME,Gail Garrett,Soldier water it task affect better positive.,cross_border
0F563E76-2D9,ACC98231132,C712024,49834.32,CHF,2026-09-13T13:17:21,card,MY,Lance Brown,Condition movement education minute show a theory.,
0B61D983-26A,ACC97971488,C623481,9987.56,USD,2026-09-13T13:20:15,wire,TW,Melvin Clements,Memory challenge lawyer business majority discuss wall.,cross_border
A46FD9E1-BC2,ACC24508349,C501124,46390.89,CHF,2026-09-13T13:21:36,card,MZ,Mrs. Tanya Nguyen,Indicate administration each child hotel.,
9075B27C-E83,ACC90585882,C944657,30756.56,CHF,2026-09-13T13:23:07,sepa,TZ,Anthony Padilla,Message serious military already.,
B6252F3F-99E,ACC78387461,C617488,9984.3,USD,2026-09-13T13:31:02,wire,GA,William Cox,Group never central key.,domestic
06F09BA4-AA5,ACC41068214,C402099,44361.7,USD,2026-09-13T13:33:58,swift,IE,Candace Klein,Why way none stage beautiful process.,domestic
41DD1DFB-64A,ACC44188276,C146542,47614.68,GBP,2026-09-13T13:41:19,card,SG,Dr. Jacob Williams,Power right area still around difficult interesting.,
BE46F7A5-93C,ACC38470244,C472060,12079.38,CHF,2026-09-13T14:06:50,wire,PG,Steven Scott,Maintain film source billion.,cross_border
D44462AF-3F4,ACC39587039,C571029,6872.28,EUR,2026-09-13T14:43:49,swift,BT,Cathy Taylor,Very according himself land environment form.,domestic
214A0774-94E,ACC33357554,C745414,9979.95,CHF,2026-09-13T14:46:45,swift,ZM,William Chambers,Three floor trade care site rather.,domestic
774E4C52-985,ACC73083727,C464863,26484.66,CHF,2026-09-13T14:54:17,card,BE,Andrew Owens,Way common remember policy statement new themselves.,
8586EEDA-B44,ACC19584466,C162535,42137.74,USD,2026-09-13T15:00:33,wire,MW,Lori Medina,Arm happen late space change and for.,cross_border
07675DFA-916,ACC44188276,C146542,41489.95,CHF,2026-09-13T15:14:39,wire,CY,Andrea Schneider,Either join ability cultural manage population.,domestic
400E8892-78C,ACC69476001,C947272,37769.21,CHF,2026-09-13T15:50:48,wire,LY,Joshua Miller,Daughter you traditional.,domestic
FD45C9B6-535,ACC73481797,C839485,34122.84,USD,2026-09-13T15:56:18,sepa,IR,Michael Henderson,Own music enter draw authority set.,
8D7C0247-6AF,ACC73900135,C777278,44703.4,EUR,2026-09-13T16:00:14,card,TT,James Collins,Nearly weight manager almost.,
E6A53F92-0AE,ACC88961459,C680828,13845.34,USD,2026-09-13T16:06:57,cash_deposit,IL,Gregory Holland,Fund sell model after.,
7915235C-E42,ACC19233013,C356150,31697.23,GBP,2026-09-13T16:15:26,swift,SB,John Parker,Everyone assume address consider simple environmental.,domestic
BC95FD20-3BA,ACC21631697,C392477,12093.96,EUR,2026-09-13T17:06:12,wire,IR,Jeremy Kim,Article just personal high example media physical.,cross_border
3C49F69B-887,ACC90267122,C141797,48669.11,GBP,2026-09-13T17:29:28,card,IE,Peter Small,My grow property now.,
46688BA5-89C,ACC50785405,C400850,37228.23,USD,2026-09-13T17:57:15,card,MH,Michael Cole,Class yeah system build.,
8F6106DF-B93,ACC95822412,C216739,45171.15,EUR,2026-09-13T18:22:56,cash_deposit,LR,Kristen Lee,Quality total past feeling nature a.,
8F359E76-E19,ACC64830300,C572387,25734.62,GBP,2026-09-13T18:25:29,swift,BW,Emily Travis DDS,Save system really trouble specific.,cross_border
92607B14-069,ACC99038359,C989208,32113.23,EUR,2026-09-13T18:49:57,swift,IT,Shari Faulkner,Rather early resource would easy real.,cross_border
429F2993-189,ACC35583290,C728492,13380.14,GBP,2026-09-13T18:58:37,swift,OM,Beverly Curtis,Out quickly play treat ok live.,domestic
A99E4FE7-E26,ACC77834855,C612262,28856.4,GBP,2026-09-13T19:26:30,card,MV,Kevin Sandoval,He word morning throw.,
8D1CD8C4-5A4,ACC34627347,C392075,9700.17,CHF,2026-09-13T19:26:30,sepa,DM,Michelle Hanson,Inside person space thank prevent store politics service.,
F9B505C7-056,ACC25312516,C962050,23697.25,CHF,2026-09-13T19:37:26,card,AR,Alexander Rose,Put wind news federal not.,
B7EEF320-2E9,ACC13895645,C507746,35154.92,CHF,2026-09-13T20:26:47,cash_deposit,DJ,Dean Briggs,Travel form identify.,
7BC87B1B-57E,ACC72409658,C563246,4994.24,USD,2026-09-13T20:54:56,sepa,RS,Julie Reynolds,Art be suffer record quite build civil.,
DA5D93E6-92A,ACC38470244,C472060,36347.37,GBP,2026-09-13T20:56:22,card,KG,Randy Larson,Often protect group number system.,
D170E1B3-C8A,ACC89864260,C171262,33667.2,CHF,2026-09-13T21:01:22,wire,NR,Keith Gibson,Not model democratic.,cross_border
E0D5718D-5D0,ACC35714784,C299448,31681.25,USD,2026-09-13T21:26:41,swift,KR,Keith Dyer,Together edge each whatever use.,domestic
2C007B27-C40,ACC22517517,C890170,43664.06,GBP,2026-09-13T22:10:07,wire,PW,Anita Bryant,Tonight lose fly section.,domestic
3188F061-2D5,ACC53536830,C934816,11374.26,CHF,2026-09-13T22:14:23,sepa,RS,Jacqueline Hill,History the computer center.,
5E063CCD-492,ACC32775593,C790855,306463.19,USD,2026-09-13T22:31:50,crypto,NR,Stephen Gilmore,School myself federal record.,
067B5933-6F1,ACC19528530,C842225,30099.44,GBP,2026-09-13T22:46:22,card,ET,Anthony Haas,Specific travel remain stuff better mind professional.,
B9A2EFEC-26C,ACC39958838,C246316,22907.55,USD,2026-09-13T23:02:39,cash_deposit,GN,Elizabeth Perkins,Network gas you nearly goal law fill.,
9ABF6C60-4DC,ACC86483924,C739979,22376.96,CHF,2026-09-13T23:02:52,cash_deposit,MX,Katherine Smith,Government moment ago already story any.,
D0E7F98D-E93,ACC61642594,C500156,36718.33,EUR,2026-09-13T23:24:12,swift,RW,Teresa Waller,Himself film would author those yeah.,cross_border
53982AC2-E97,ACC33357554,C745414,38622.32,GBP,2026-09-13T23:25:03,swift,TO,Amber Roberts,Gas become cell.,cross_border
C20A8A64-C14,ACC77834855,C612262,38644.09,GBP,2026-09-14T00:03:44,crypto,MA,Jordan Hendrix,Third somebody watch rock executive language.,
21EE2EF6-F9F,ACC13471527,C195763,6218.76,GBP,2026-09-14T00:16:11,wire,SY,Barbara Drake,Full truth including woman keep owner discuss.,cross_border
37A120BE-346,ACC86483924,C739979,141398.57,GBP,2026-09-14T00:28:25,swift,SY,Michael Johnson,Girl region movement someone box hundred base.,cross_border
5946AA11-487,ACC45551614,C246413,49382.72,USD,2026-09-14T00:39:11,cash_deposit,PK,Tracy Guzman,Field spend pattern real white push source.,
1B6A4763-875,ACC82287061,C607868,13204.66,EUR,2026-09-14T00:42:49,cash_deposit,LI,Samuel Green,Dream when because someone admit.,
19425F17-CDC,ACC34627347,C392075,46706.18,GBP,2026-09-14T00:52:01,card,CZ,Bryce Gutierrez,Memory wrong hard any financial.,
75BF4254-89B,ACC65026398,C786587,6173.09,USD,2026-09-14T01:18:36,wire,GQ,Jessica Holloway,Will anyone western free.,domestic
81FE8BFB-737,ACC54058573,C392136,13440.94,USD,2026-09-14T01:38:44,cash_deposit,DM,Richard Benson,Call energy child almost.,
403F8930-24E,ACC49172995,C633590,45490.21,EUR,2026-09-14T01:58:52,swift,TW,Sarah Gonzales,System there people man program investment north Congress.,cross_border
76FAE059-64C,ACC67062156,C329471,9983.13,CHF,2026-09-14T01:58:59,swift,HN,Colin Chapman,Its view environment three own teacher.,cross_border
C6CD39CD-F31,ACC46540265,C624783,37845.01,EUR,2026-09-14T02:40:20,sepa,MK,Shane Lopez,Any police with sing identify should.,
98BF5975-DC3,ACC82498004,C184491,36084.51,GBP,2026-09-14T02:45:02,card,PE,Katherine Watkins,Need care almost direction two most work.,
E456C130-0EF,ACC97971488,C623481,26164.79,EUR,2026-09-14T03:26:34,wire,BA,Denise Miller,Likely include subject response theory star station.,domestic
68597882-1FD,ACC38408562,C576786,49688.0,EUR,2026-09-14T03:48:20,card,YE,Victor Olson,Sister sometimes reflect ever until series you parent.,
1E62FE5A-179,ACC89864260,C171262,5154.83,EUR,2026-09-14T04:06:56,crypto,IN,Brian Turner,Research indeed scientist push price sit music.,
8EB0FB67-8AA,ACC49172995,C633590,34380.83,CHF,2026-09-14T04:09:58,wire,BN,Brandon Trujillo,Quite term sure according.,cross_border
402C81CD-C3B,ACC45935572,C169403,49840.89,USD,2026-09-14T04:12:36,cash_deposit,ES,Brandi Phillips,Administration protect class learn.,
18C9158B-29E,ACC58884978,C552248,21111.99,EUR,2026-09-14T04:15:09,swift,KI,Juan Wheeler,Daughter few white within.,domestic
F9891F01-657,ACC41348220,C997594,28786.22,EUR,2026-09-14T04:45:24,card,SY,Anna Stewart,Edge sea cultural according run per use.,
69EFCF62-68B,ACC73771720,C740967,22375.96,GBP,2026-09-14T04:57:09,card,BY,Stacy Gibbs,Southern Mr foot.,
E33FBA0A-1D0,ACC73900135,C777278,9195.25,GBP,2026-09-14T05:03:58,crypto,RU,Jared Shaw,Baby speech whole join.,
C47CB281-F71,ACC33357554,C745414,35643.0,GBP,2026-09-14T05:15:45,sepa,AE,Sherri Miles,Matter bill although similar subject event nor enjoy.,
F6972909-A40,ACC52091325,C159942,21750.05,USD,2026-09-14T05:28:05,card,BE,Craig Fleming,General soldier discuss stock.,
7AEF7396-8E0,ACC81621574,C498468,40929.74,EUR,2026-09-14T05:28:25,wire,SR,Ashley Ramirez,Present break have Congress.,domestic
8A390CFE-936,ACC14216175,C446479,20272.47,CHF,2026-09-14T05:33:16,card,NO,Brandi Reed,Need major entire tree try.,
42315AFE-9DF,ACC87267850,C498858,9084.29,USD,2026-09-14T05:48:16,card,KR,Jason Ortega,Option face second knowledge laugh professor attention.,
D09C2CD1-8B7,ACC65692629,C456385,26134.37,GBP,2026-09-14T06:12:00,card,AM,Gary Newman,Myself relationship near executive listen along professional its.,
098E4AD3-FC9,ACC88320463,C518801,406158.32,CHF,2026-09-14T06:15:02,wire,AT,Susan Smith,White push east never size fight image.,domestic
826E8C0C-EC5,ACC63121477,C237235,25371.36,USD,2026-09-14T06:17:41,card,IT,Yvonne Rodriguez,Natural year attention strong.,
7EE37DAB-414,ACC82498004,C184491,36914.01,CHF,2026-09-14T06:55:28,wire,SR,Emily Carter,Decision just anything quite station wall company after.,domestic
D73394D6-97A,ACC73380266,C355570,1965.91,USD,2026-09-14T07:31:53,sepa,TV,Julian Davis,Successful field why.,
689BA216-74D,ACC26941092,C596564,41790.37,EUR,2026-09-14T07:51:16,swift,VN,Monica Parks,Why result area.,cross_border
253C062C-375,ACC86460539,C358175,10438.37,CHF,2026-09-14T08:06:34,cash_deposit,ID,Barry Schwartz,Situation half staff join interview simply.,
EBB0BBA9-20D,ACC25312516,C962050,22528.94,EUR,2026-09-14T08:13:03,card,SG,Abigail French,Deal car past night sort.,
0D713F47-9A8,ACC33763566,C532322,6807.98,EUR,2026-09-14T08:16:31,crypto,KH,Maureen Ramirez,Run in provide teach street natural chair.,
8F20040E-63D,ACC25228493,C583863,28062.08,EUR,2026-09-14T08:24:30,wire,KE,Tiffany Gray,Management long common heart.,cross_border
B2E3B536-377,ACC25312516,C962050,18050.39,CHF,2026-09-14T08:31:46,card,GH,Denise Brown,Short word boy through prepare discussion drive.,
96A7B65B-520,ACC15614174,C423232,37295.69,USD,2026-09-14T08:37:34,cash_deposit,CF,Lisa Robinson,Feeling the rock you real.,
85AA16D0-357,ACC85146293,C526117,6116.61,EUR,2026-09-14T08:39:42,card,NE,Laura Vaughan,Gas animal station see enough concern night.,
B764C61E-A3E,ACC75181648,C604740,18100.44,EUR,2026-09-14T08:47:51,sepa,BB,David Murray,Forward why spend explain wide.,
B6945BE3-306,ACC75529051,C330080,17892.14,EUR,2026-09-14T09:10:06,wire,BD,Joan Brown,Movement fish natural need.,cross_border
FFAEDFBF-85A,ACC87282128,C810250,523.03,CHF,2026-09-14T09:16:43,card,IT,Zoe Bennett,Never green college together never TV around.,
93AAE4F3-483,ACC58436637,C288158,45686.13,GBP,2026-09-14T09:25:36,swift,SO,Angela Thomas,Again draw hair line enough.,domestic
8834692C-1AC,ACC66722344,C456778,42554.48,CHF,2026-09-14T09:27:01,wire,JO,Chad May,Hear through large true help bag.,cross_border
5A2EFBE9-220,ACC95758349,C632323,38116.06,USD,2026-09-14T09:50:16,wire,MZ,Sylvia Anderson,Mention person finish base including late.,cross_border
7E79BD16-4FE,ACC21819185,C429795,28010.94,GBP,2026-09-14T09:53:57,card,BO,Linda Reyes,Have memory support individual.,
4DD51262-492,ACC53536830,C934816,40471.14,USD,2026-09-14T09:59:04,card,MU,Joseph Rios,Summer performance weight her certainly then.,
079ADF67-56E,ACC21490777,C353080,23332.45,EUR,2026-09-14T10:08:46,card,MD,Alexis Ruiz,Peace night dog.,
4B5AD589-459,ACC71662963,C662275,13880.61,GBP,2026-09-14T10:12:26,swift,LV,Dr. Victoria Thomas,Single maintain piece computer.,cross_border
EFBB54D1-015,ACC44392446,C904150,942.14,GBP,2026-09-14T10:17:32,swift,AD,Julie Hawkins,Garden million without.,cross_border
CA326B64-576,ACC48349783,C345884,28700.77,GBP,2026-09-14T10:24:39,cash_deposit,CU,Angela Keith,Movie join personal administration say think almost.,
560D75F4-9A7,ACC30514014,C757924,7721.82,EUR,2026-09-14T12:18:52,wire,KP,David Hunter,Ago police put left gas human create.,cross_border
08CFD1A9-518,ACC50071487,C978157,42526.12,CHF,2026-09-14T12:19:41,card,GR,Travis Whitney,Lead yourself argue tree simply analysis.,
BFD0E2CC-F23,ACC32329103,C827712,9981.64,USD,2026-09-14T13:17:18,wire,LY,Michael Campbell,These son perform allow use.,domestic
5F237F1B-58C,ACC21490777,C353080,23108.44,GBP,2026-09-14T13:55:51,sepa,BF,Jessica Neal,Future town as her think thank possible.,
4C71A734-BC8,ACC68461818,C965845,6303.28,EUR,2026-09-14T14:03:29,wire,RU,Douglas Doyle,Ever same son experience tonight Mr whom.,domestic
1E15310B-20B,ACC15614174,C423232,13752.25,CHF,2026-09-14T14:35:41,wire,DZ,Ryan Young,Quality quite possible reduce wrong scene outside.,cross_border
EC45410C-898,ACC69476001,C947272,6939.11,CHF,2026-09-14T14:44:07,sepa,PA,Amber Richardson,Establish time key out hospital.,
61085BA7-1FF,ACC94525678,C703634,46080.34,USD,2026-09-14T15:15:21,sepa,BD,Seth Ballard,Successful ability activity factor current.,
D4BC9965-11B,ACC13471527,C195763,46935.75,CHF,2026-09-14T15:33:08,cash_deposit,FJ,Nicole Hanson,Style significant night because nature reach research.,
084BA688-B22,ACC95822412,C216739,31950.55,CHF,2026-09-14T16:04:57,card,LT,Sharon Cochran,City red him although likely.,
33C8B34D-065,ACC33357554,C745414,40926.83,EUR,2026-09-14T16:14:53,wire,TR,Angela Hamilton,Baby account activity find way our daughter.,domestic
89725A32-D94,ACC85146293,C526117,235971.91,CHF,2026-09-14T16:16:21,wire,BH,Danielle Quinn,Fine top behind name possible financial.,domestic
1A05B01D-399,ACC35714784,C299448,40796.45,GBP,2026-09-14T16:18:21,cash_deposit,GM,Ariel Gordon,Under everyone interview give ground.,
141D8C1B-C9F,ACC19528530,C842225,49553.25,CHF,2026-09-14T17:01:32,card,VU,Daniel Arnold,Process view it wall.,
B1FCC41D-6AD,ACC87267850,C498858,46039.83,USD,2026-09-14T17:27:19,card,KN,Kathleen Barnett,Charge suddenly true bed build very face.,
109FB357-A19,ACC35714784,C299448,37262.27,EUR,2026-09-14T17:35:22,cash_deposit,PT,Nancy Garcia,Kid career scene despite best either truth.,
F77E67A1-E29,ACC68461818,C965845,11789.37,GBP,2026-09-14T17:37:23,card,LT,Jenna Casey,Organization partner whom although huge movement however.,
AB2B12CF-930,ACC16150444,C793384,2474.06,GBP,2026-09-14T17:44:36,cash_deposit,KW,Kelli Smith,Eat behavior purpose start away.,
4B7FCB24-2D5,ACC75181648,C604740,15853.8,GBP,2026-09-14T18:05:07,sepa,LK,Ashlee Ross,Major interest amount actually.,
1C1D4CE7-B38,ACC73083727,C464863,203783.12,CHF,2026-09-14T18:44:01,swift,TZ,Kirk King,Book page view reduce important analysis discussion.,cross_border
D43D7019-919,ACC87267850,C498858,3078.56,USD,2026-09-14T18:55:52,wire,AT,Matthew Ray,Loss enough hour.,domestic
DE4D0CAE-EB7,ACC84813739,C361303,36791.88,GBP,2026-09-14T19:20:07,card,PS,Kelsey Mays,Free security same four.,
ADDF8D23-062,ACC68942178,C230394,10836.64,USD,2026-09-14T19:22:34,cash_deposit,JP,Ian Dorsey,Attention at outside.,
D6154759-88A,ACC19233013,C356150,28464.36,GBP,2026-09-14T19:42:27,cash_deposit,ER,Catherine Rangel,Officer table television key none site.,
FE8D652A-A43,ACC31682744,C665579,21979.38,USD,2026-09-14T19:45:57,cash_deposit,TV,Mary Boyd,Official product with focus room.,
B99A3789-570,ACC96098221,C634150,26501.68,CHF,2026-09-14T19:48:31,crypto,CU,Brittany Harvey,Grow miss sometimes church front.,
700D55AF-915,ACC53536830,C934816,15651.32,CHF,2026-09-14T20:25:56,wire,BY,Reginald Jones,Well body as.,cross_border
FF8138F6-B86,ACC54769200,C908577,23521.08,EUR,2026-09-14T20:30:21,card,EG,Janet Carter,Because improve writer agent radio nearly despite.,
A0A5C270-092,ACC65259205,C941204,40270.05,CHF,2026-09-14T20:31:31,crypto,NE,Sean Crawford,Believe bed data hand measure.,
599F1FAF-CD2,ACC19528530,C842225,8529.95,USD,2026-09-14T20:34:19,wire,NI,Ryan Lopez,Effect action realize among short can ready.,domestic
FFDF18D7-D00,ACC99038359,C989208,25115.15,GBP,2026-09-14T20:37:28,crypto,US,Brenda Crawford,What why heavy onto.,
6E056C2B-902,ACC69096899,C204555,21606.63,GBP,2026-09-14T21:01:58,card,TH,Aaron Castillo,Performance including exist which imagine direction organization particular.,
1324FC8C-02B,ACC95320121,C974628,40831.27,GBP,2026-09-14T21:30:17,card,LB,Elizabeth Reese,Charge could capital ago worry.,
1BC90B3A-444,ACC13471527,C195763,47351.21,USD,2026-09-14T21:31:25,sepa,SB,Dylan Diaz,Beautiful prove floor blue book avoid.,
74BDD5DD-2E3,ACC31682744,C665579,405585.96,USD,2026-09-14T21:32:11,sepa,PH,Harold Daniels,Wind from unit learn health need class.,
0442B2D1-528,ACC73123515,C120324,11437.11,USD,2026-09-14T21:37:05,crypto,LC,Joseph Horton,Market although every television raise like perhaps accept.,
C77E9A23-9D6,ACC92874006,C171744,12809.81,GBP,2026-09-14T21:54:42,card,PL,Tyler Nelson,Kid decade ability three chair various.,
CE7D3F23-053,ACC97971488,C623481,7938.99,CHF,2026-09-14T22:08:36,crypto,FR,Mario Chavez,Congress affect reflect television officer defense while.,
111C6083-B1C,ACC70467027,C564226,22013.94,USD,2026-09-14T23:14:06,cash_deposit,VE,Brian Merritt,Hard term contain final scene enjoy.,
5ED3E9F5-1CE,ACC14265799,C131244,39463.45,GBP,2026-09-14T23:28:20,wire,DE,Sandra Gilbert,Allow have kitchen wear talk.,cross_border
2EE0BD99-5F9,ACC77827638,C731262,13735.02,GBP,2026-09-14T23:30:04,wire,AR,Jonathan Young,Heart agreement us stuff.,domestic
E93821DF-BBE,ACC39958838,C246316,2280.41,EUR,2026-09-14T23:36:26,wire,IS,Richard Adams,Executive fear only.,domestic
5791CC25-ACA,ACC54058573,C392136,41877.15,EUR,2026-09-14T23:51:49,card,NA,John Santos,Sister green if.,
0E7931B9-F62,ACC36786211,C956253,4853.94,EUR,2026-09-14T23:55:45,crypto,EG,Nicholas Pacheco,Remain son center media shake.,
819C6E0A-5BB,ACC81503856,C549186,21463.92,EUR,2026-09-14T23:59:42,wire,MX,Denise Jones,Major of get.,domestic
BA53E6B9-0DC,ACC21819185,C429795,45088.11,EUR,2026-09-15T00:02:36,crypto,NE,Robert Garcia,Instead imagine clear seven check.,
09AD5FAE-8ED,ACC40742311,C961722,26106.99,CHF,2026-09-15T00:06:03,crypto,CV,Jacob Martin,Understand American beyond suggest partner.,
46560BAE-B8F,ACC31980274,C426147,3810.81,USD,2026-09-15T00:07:56,card,LT,Emily Johnson,Himself feel cell five natural national old soldier.,
5037E894-10E,ACC87049595,C398151,30441.43,EUR,2026-09-15T00:15:02,wire,LI,Alicia Williams,Although degree after conference.,cross_border
99220712-EBA,ACC38195995,C815198,37780.8,USD,2026-09-15T00:22:45,swift,SC,Sarah Allen,Husband care I stop type key.,domestic
0A6684AC-D69,ACC25480907,C373903,12156.36,EUR,2026-09-15T00:23:22,wire,BN,Kevin Lee,Skin whose section phone bank.,domestic
BDEE93AA-5F3,ACC41348220,C997594,37630.63,EUR,2026-09-15T00:28:10,crypto,TW,Cameron Holloway,Back kitchen police forward.,
B1317CD1-83C,ACC39958838,C246316,25371.77,USD,2026-09-15T00:54:49,wire,LR,Carlos Ryan,Most tree store either station loss.,domestic
077A6110-BCD,ACC50071487,C978157,23651.33,EUR,2026-09-15T01:03:05,swift,LY,Joseph Kidd,Show know piece attorney say development easy school.,domestic
C05E213E-434,ACC70467027,C564226,49425.73,USD,2026-09-15T01:20:00,crypto,SO,James Reid,In tax build coach measure.,
65E601E0-95E,ACC96098221,C634150,41818.26,CHF,2026-09-15T01:20:02,card,DK,Douglas Castillo,Actually billion enjoy arm.,
C3B441D7-56D,ACC83534128,C567574,41145.48,CHF,2026-09-15T01:31:07,crypto,ZM,Jason Paul,Box ago speak organization including seek.,
3175D327-CAB,ACC45570755,C455007,43957.16,USD,2026-09-15T01:37:50,sepa,IR,Rachel Liu,Improve box with partner gun letter prepare.,
0B43E5D5-753,ACC33357554,C745414,28478.42,CHF,2026-09-15T02:02:02,card,KP,Mary Smith,Middle firm a television cold.,
1DF7F18A-6FB,ACC45570755,C455007,12789.13,USD,2026-09-15T02:10:01,card,BR,Barbara Hickman,Eat customer follow someone move.,
07040ACE-A90,ACC32775593,C790855,8544.77,CHF,2026-09-15T02:11:56,sepa,TN,Derek Cortez,Job car question game.,
D2516019-0D9,ACC83534128,C567574,13036.0,USD,2026-09-15T02:17:17,card,OM,Lauren Morgan,North scene benefit although check.,
357A0310-DC7,ACC87267850,C498858,26678.62,GBP,2026-09-15T02:34:37,crypto,NE,Jennifer Flores,Major only blue term short seven.,
C27EEA52-5C6,ACC42614537,C922733,8748.96,CHF,2026-09-15T02:53:38,cash_deposit,CU,Jennifer Moore,Sport large boy treat.,
850DF14E-31E,ACC85146293,C526117,21159.39,CHF,2026-09-15T03:18:10,card,LU,Aimee Lang MD,Manager court much religious today.,
173F8485-1C9,ACC70467027,C564226,46590.56,GBP,2026-09-15T03:38:20,card,BF,Ryan Carter,Maybe mother not network concern environment.,
B6631874-273,ACC64038913,C863587,48279.84,EUR,2026-09-15T03:49:51,crypto,ST,Sean Oconnor,Shoulder professional market oil move.,
19CEEF4D-DD2,ACC61642594,C500156,13871.6,GBP,2026-09-15T04:02:03,sepa,SL,Morgan Jackson,Control care main me book note.,
13D7E355-9DF,ACC65682626,C527398,4781.47,EUR,2026-09-15T04:06:53,swift,IQ,Jennifer Vega,Floor voice source it.,domestic
27AA13B6-5BB,ACC54769200,C908577,9998.96,EUR,2026-09-15T04:23:14,card,NI,Jennifer Stephens,Security authority per.,
EFE20949-3E1,ACC84813739,C361303,33731.84,USD,2026-09-15T04:34:14,card,IR,Brittany Davis,Interesting describe society own world good.,
6E85B103-7EB,ACC92874006,C171744,5670.06,GBP,2026-09-15T04:35:01,card,NG,Shannon Frost,Know civil eight summer.,
B3011329-F95,ACC46540265,C624783,23486.45,CHF,2026-09-15T05:28:36,cash_deposit,RO,Gwendolyn Wright,Take then skin same.,
23A1167A-29C,ACC65026398,C786587,11134.13,USD,2026-09-15T06:14:21,sepa,CV,Alan Green,Well center thus guy state.,
5DD723AA-EB1,ACC20099059,C824586,48107.98,EUR,2026-09-15T06:28:37,cash_deposit,PE,Cassie Duffy,Reduce pass once democratic range especially.,
F0E41CD4-84B,ACC97225156,C491559,16437.67,USD,2026-09-15T07:09:05,sepa,GM,Diana Townsend,Black those whether seven fish movie hot teacher.,
5D4045A5-8B2,ACC67062156,C329471,20212.57,GBP,2026-09-15T07:20:57,card,EC,David Armstrong,Plan carry research office.,
582656F1-6D3,ACC65259205,C941204,29812.05,EUR,2026-09-15T07:55:05,crypto,AL,Sarah Tanner,Later source realize parent game.,
2011470B-A9D,ACC70467027,C564226,46182.37,EUR,2026-09-15T08:23:47,cash_deposit,MX,Noah Robertson,Road half response single consumer way culture interesting.,
0544411C-96A,ACC54058573,C392136,41706.22,CHF,2026-09-15T08:30:24,wire,TT,Lori Le,Expert over industry great direction indeed explain.,cross_border
44D09A95-F60,ACC30514014,C757924,36970.96,GBP,2026-09-15T09:24:19,wire,GR,Paul Farmer,Federal only nothing allow cause with yes.,domestic
0686CAEA-873,ACC43273328,C335612,14714.29,GBP,2026-09-15T09:37:09,wire,DJ,Timothy Sanford,Half understand skill air.,domestic
151A611D-735,ACC54769200,C908577,17219.95,EUR,2026-09-15T09:40:22,sepa,TL,Mary Harris,Move beyond animal nor something.,
66169AF1-B58,ACC76500726,C402218,9982.55,EUR,2026-09-15T09:53:58,cash_deposit,SO,Andrea White,Enjoy great can ago low inside.,
A1E6A81F-661,ACC35583290,C728492,9427.58,EUR,2026-09-15T10:15:22,wire,SI,Jorge Harrison,Dinner field bag meeting begin north.,domestic
23BA953C-A89,ACC61410126,C827659,39673.76,USD,2026-09-15T10:24:43,card,TH,Thomas Everett,Foreign local civil story network century.,
BA28C3F1-03E,ACC58181396,C988662,5129.8,CHF,2026-09-15T10:35:03,swift,OM,Stacey Snyder,Goal heart stock small official serve.,cross_border
B246EDF9-C34,ACC23492385,C973074,9699.61,EUR,2026-09-15T10:48:00,wire,BR,Valerie Flores,How commercial begin go appear interest unit most.,cross_border
6EEA8502-FDC,ACC49172995,C633590,36651.49,CHF,2026-09-15T10:52:18,card,BH,Henry Davis,Concern role against recently best.,
7DB5CC91-551,ACC19233013,C356150,43669.35,GBP,2026-09-15T10:52:57,card,VC,Matthew Holloway,Television need field with open enter see.,
0C37C720-1AF,ACC16150444,C793384,24459.95,CHF,2026-09-15T10:54:52,crypto,LA,Lisa Thompson,Outside there mother sell behavior process top much.,
E9D956FA-DD5,ACC95822412,C216739,13870.97,USD,2026-09-15T11:31:45,crypto,AL,Ashley Yu,Religious itself safe whole establish space Mrs.,
03225143-9E8,ACC32775593,C790855,5872.25,EUR,2026-09-15T11:56:15,swift,BJ,Kenneth Stuart,Work national position agency because happy so.,domestic
B50B794C-E70,ACC82160068,C323508,13163.04,CHF,2026-09-15T12:48:58,swift,SB,Wyatt Henry,Skin talk business line necessary fly share ten.,domestic
AE00E37D-5A3,ACC20099059,C824586,2871.81,GBP,2026-09-15T13:04:13,wire,NP,Gina Cooper,Possible service at ago offer network start.,cross_border
C3F1ED76-A4D,ACC39042654,C874483,12035.0,CHF,2026-09-15T13:23:56,crypto,BE,Jennifer Reed,Carry shake effort even blue.,
F3DD6086-342,ACC55176955,C207175,28602.3,CHF,2026-09-15T13:24:16,wire,TN,Michael Farmer,Admit attack energy always.,domestic
1A9D06B7-F01,ACC54058573,C392136,38623.57,EUR,2026-09-15T13:57:54,wire,LS,Rachel Koch,Miss call particular development.,cross_border
A3FF59D9-DDC,ACC47333543,C290305,22390.69,GBP,2026-09-15T14:05:38,card,CF,Ariel Johnson,Simple take kid drop strategy.,
63658C04-0E6,ACC21631697,C392477,22585.99,USD,2026-09-15T14:35:11,card,TJ,Andrea Graham,Me fear race expect rest.,
A843DF51-418,ACC81503856,C549186,33202.87,EUR,2026-09-15T14:36:20,card,SI,Leonard Powell,Speak everybody main air fine hour.,
6666D455-D44,ACC17275149,C296694,42284.78,CHF,2026-09-15T14:40:08,card,JM,Victoria Davis,Realize southern the structure general push home.,
09B52A3D-9A8,ACC84813739,C361303,9978.54,EUR,2026-09-15T14:42:24,crypto,BT,Chelsea Thompson,Task return foot become about everybody.,
0C399949-7A6,ACC42614537,C922733,8264.01,USD,2026-09-15T14:42:31,crypto,BA,John Browning,Land high church know.,
D568D18D-890,ACC39042654,C874483,17089.15,CHF,2026-09-15T15:04:36,card,VE,Holly Duran,Theory stand place.,
960A50CB-837,ACC35583290,C728492,44668.34,EUR,2026-09-15T15:15:18,cash_deposit,SI,Joshua Ware,Measure night gun myself yard later.,
9B306AE9-E20,ACC45551614,C246413,12025.64,EUR,2026-09-15T15:24:19,sepa,SM,Brenda Patterson,Together weight might radio want kind.,
BD2F57B2-2F9,ACC97260863,C171951,38277.74,USD,2026-09-15T15:50:41,sepa,TJ,Christopher White,Area leg career responsibility line even item age.,
DF659F09-A4D,ACC88183110,C679364,47810.97,GBP,2026-09-15T16:00:38,crypto,MG,Michael Gardner,Half dream easy prevent side.,
16AC4D6F-BBE,ACC22130508,C555052,15681.67,USD,2026-09-15T16:00:59,card,LC,Kyle Moore MD,Director everyone response second three.,
0B43F18E-3B3,ACC25374874,C814825,38950.97,CHF,2026-09-15T16:05:15,card,VU,David James,Hundred bar effect international.,
97477D23-05A,ACC83932360,C114338,23051.14,EUR,2026-09-15T16:13:39,wire,KM,James Alexander III,Research detail reflect billion true share six.,cross_border
D50651A1-2FF,ACC19584466,C162535,7075.36,CHF,2026-09-15T16:15:44,wire,DK,Ana Schmitt,Pull enjoy however under baby this land.,domestic
E56AA86D-1B7,ACC89864260,C171262,21270.64,CHF,2026-09-15T16:20:32,card,IT,Christopher Walton,Current card yes perhaps.,
F03D2416-B12,ACC48349783,C345884,7702.61,GBP,2026-09-15T17:02:06,wire,RU,Jennifer Stewart,Since thus rather nor middle figure support.,domestic
42EDE4C7-20E,ACC33763566,C532322,9991.21,USD,2026-09-15T17:07:45,wire,FI,Eric Campbell,Organization idea sit help school each bit author.,domestic
AB852546-910,ACC21267237,C773971,35282.41,EUR,2026-09-15T17:22:46,sepa,FM,Charles Bruce,Expert either could understand better item term.,
69C00098-A96,ACC33763566,C532322,4655.53,EUR,2026-09-15T17:36:20,wire,KM,Glenn White,Ten candidate in worker piece.,domestic
81A2431F-6BE,ACC87049595,C398151,4345.98,GBP,2026-09-15T17:43:24,swift,EE,Charlotte Escobar,Couple green environmental particularly American court.,domestic
41259423-3A0,ACC45551614,C246413,7606.33,GBP,2026-09-15T17:47:26,wire,KI,Mrs. Amy Watson,Medical buy series walk large occur accept fund.,domestic
345ABD81-309,ACC19528530,C842225,8410.96,EUR,2026-09-15T18:00:41,card,IL,Michelle Barrera,Daughter these say evening real.,
4133D260-4F0,ACC82160068,C323508,16788.39,GBP,2026-09-15T18:02:12,card,IT,Julie Johnson,Kid agree data step.,
984A9A1C-F17,ACC77827638,C731262,26705.22,GBP,2026-09-15T18:14:08,cash_deposit,MH,Michelle Schmitt,Fine billion medical choice lot suggest glass news.,
7F7F5C1F-617,ACC53536830,C934816,18125.39,EUR,2026-09-15T18:17:03,cash_deposit,LK,Joann Jones,Away happen beautiful technology.,
6C1050EC-82D,ACC99038526,C208618,12743.31,GBP,2026-09-15T18:20:30,card,AD,Melissa Ball,Teach commercial line hot administration almost.,
BDDC1584-84E,ACC22517517,C890170,26713.95,USD,2026-09-15T18:33:04,card,GN,Mark Alexander,Poor change according hand middle.,
80A630E4-89B,ACC54058573,C392136,23033.93,GBP,2026-09-15T18:37:02,card,GT,Ryan Hernandez,Value against now hear research learn area.,
77D6AC95-61A,ACC51098277,C796212,24956.83,EUR,2026-09-15T18:39:57,swift,HR,John Bradley,Reason environmental realize drug music list religious.,cross_border
AA2CDE26-8A3,ACC63640499,C355836,5684.97,USD,2026-09-15T18:43:11,swift,MT,Kylie Austin,Price eight specific quickly senior police arm.,domestic
783A86E8-F3E,ACC22660194,C201639,34341.45,EUR,2026-09-15T18:59:51,cash_deposit,CH,Steven Knight,Born with rest.,
BEF7D287-DE7,ACC88320463,C518801,43357.78,CHF,2026-09-15T19:21:59,cash_deposit,ZW,Melissa Gould PhD,Statement certain camera represent can relate.,
C1E88C22-CB4,ACC34391257,C152727,17076.51,CHF,2026-09-15T19:26:30,cash_deposit,CM,Joshua Griffin,Itself leader interesting wear send realize.,
7A02A988-399,ACC19943140,C705050,41465.57,GBP,2026-09-15T19:29:49,sepa,MW,Kelsey Bennett PhD,Between nation guy never.,
6F420BDF-822,ACC25312516,C962050,38130.25,EUR,2026-09-15T19:41:16,card,BD,Cheryl Cervantes,Experience security lot student role.,
3F06938B-70B,ACC97260863,C171951,3921.58,CHF,2026-09-15T19:49:23,card,BJ,Laura Smith,Simple together table mean traditional as.,
BD49012A-88C,ACC41068214,C402099,29028.58,EUR,2026-09-15T20:01:28,swift,KP,Benjamin Russo,Garden door law old quite.,domestic
638ABD2E-8AF,ACC58884978,C552248,47035.82,USD,2026-09-15T20:18:04,card,EG,Tommy Patterson,Million peace operation my leave like fall.,
532097B1-F3C,ACC93955206,C321275,9976.84,EUR,2026-09-15T20:21:16,wire,MY,Arthur Glenn,Member budget book environment.,domestic
4CDC1103-415,ACC35583290,C728492,31742.69,EUR,2026-09-15T20:31:13,card,KM,Joseph Adams,Around really song Republican like any amount break.,
ABE1B345-F87,ACC61642594,C500156,18996.24,USD,2026-09-15T20:45:07,wire,HN,David Mitchell,Whose cut television loss week growth help.,cross_border
0E871548-486,ACC73481797,C839485,49449.3,EUR,2026-09-15T20:57:25,wire,SO,Christina Brown,Which data safe hotel thousand do about.,domestic
B9856330-0DA,ACC86320155,C751194,39983.81,CHF,2026-09-15T21:13:22,wire,ES,Kyle Ramos,Over travel make lot reality society.,cross_border
4650982A-EAE,ACC41348220,C997594,12380.44,CHF,2026-09-15T21:13:38,cash_deposit,FJ,Jason Rodriguez,Admit real chance force international.,
B1C135E0-789,ACC97971488,C623481,39050.89,EUR,2026-09-15T22:35:20,crypto,BR,Rachel Jones,Serious amount blue soldier message arrive budget.,
0CF3D111-7C6,ACC99889098,C850981,13463.98,USD,2026-09-15T22:37:10,cash_deposit,AO,Toni Galloway,Serious stuff star simply.,
A1A9C021-47E,ACC19233013,C356150,21331.9,GBP,2026-09-15T22:38:59,crypto,CA,Aimee Silva,Cost together section yet.,
FEA6C37A-B99,ACC35714784,C299448,28086.41,GBP,2026-09-15T22:46:41,crypto,PE,Russell Wallace,Employee degree safe sign after image.,
9DA677A3-C75,ACC32097220,C497382,24230.51,USD,2026-09-15T22:50:37,wire,BJ,Roy Davis,Democrat stop only series.,domestic
CC631B82-64F,ACC95822412,C216739,48363.81,USD,2026-09-15T23:23:01,card,VE,Robert Dominguez,Anyone eat summer lead soon property write.,
400B8D0E-663,ACC68186525,C479781,45545.0,CHF,2026-09-15T23:48:06,swift,PT,Christopher Hammond,Husband particularly might former several.,domestic
24427D08-C2F,ACC21267237,C773971,9982.7,GBP,2026-09-16T00:02:32,sepa,BH,Sonya Martinez,Someone institution memory hundred.,
608E805E-7A4,ACC44788100,C888295,49074.31,GBP,2026-09-16T00:17:22,swift,MV,Sarah Barnes,Film life true admit main suddenly.,cross_border
A8DDAEE4-C1B,ACC95613415,C889359,18646.61,USD,2026-09-16T00:20:47,card,SB,Larry Preston,Outside collection director example similar car thus night.,
90E30D2D-0CD,ACC45935572,C169403,30763.35,USD,2026-09-16T00:40:07,card,AU,Karen Yates,Laugh drive next actually.,
CF5D72F8-D91,ACC82287061,C607868,36526.27,GBP,2026-09-16T00:40:33,card,CF,James Russell,Admit recent bad drug.,
C350F1F3-CA0,ACC82383095,C891952,4507.43,CHF,2026-09-16T01:07:36,card,NL,Tiffany Morales,Clearly coach feel.,
25590E46-01B,ACC68802946,C832168,35130.36,EUR,2026-09-16T01:16:01,crypto,UA,Kenneth Miller,Black this against suffer.,
577187D1-A81,ACC73900135,C777278,36749.8,EUR,2026-09-16T01:48:08,card,UG,Charles Williams,Never college crime pattern.,
E2EC11C4-932,ACC26941092,C596564,36585.42,GBP,2026-09-16T01:53:52,cash_deposit,KG,Charlene Collins,Pm tell study study week free sure.,
97DFEA95-68C,ACC67110154,C882169,49055.39,GBP,2026-09-16T01:54:19,sepa,CD,Scott Brown,These answer head father.,
A83B7216-E54,ACC22489409,C408528,16382.88,USD,2026-09-16T02:11:04,card,UZ,Tara Garner,Reduce someone citizen billion hit.,
A81164C2-42E,ACC89864260,C171262,9980.08,CHF,2026-09-16T02:13:04,crypto,DM,John Miller DDS,Car present push agreement.,
186271DC-412,ACC34391257,C152727,6183.32,CHF,2026-09-16T02:15:23,card,VE,Allison Ortiz,Specific music small cost let race.,
35854191-99A,ACC73771720,C740967,7199.4,EUR,2026-09-16T02:29:24,card,CF,Karen Terrell,Ever practice discussion.,
B60B66B2-769,ACC73771720,C740967,10833.49,CHF,2026-09-16T02:47:09,swift,IR,Susan Turner,Red time material tell avoid large full.,cross_border
4851B0E9-F2F,ACC39042654,C874483,27544.63,CHF,2026-09-16T03:03:54,sepa,GD,Rachel Cooper,East man process artist technology there fly send.,
0BCF9574-546,ACC22660194,C201639,24756.34,CHF,2026-09-16T03:04:41,wire,LS,Christopher Monroe,Lot eat hold season president.,cross_border
7E377B06-37B,ACC50079111,C890075,49413.89,CHF,2026-09-16T03:09:51,wire,SY,Ronald Floyd,Home form very doctor stage.,cross_border
F964E668-D0D,ACC65177213,C589710,2293.57,GBP,2026-09-16T03:29:50,wire,CZ,Dawn Moon,Yard clear also.,cross_border
0BE329D7-FB5,ACC50079111,C890075,1607.17,USD,2026-09-16T03:51:38,card,TM,Billy Kelly,Main door wife help occur seem very oil.,
C6AEDC5C-E69,ACC43273328,C335612,19560.61,CHF,2026-09-16T04:03:07,cash_deposit,LI,Scott Silva,Mother president customer start understand throw.,
A7FE6E21-163,ACC19736572,C109767,17512.36,GBP,2026-09-16T04:12:22,cash_deposit,YE,Brandon Johnson,Water resource activity save itself.,
FA07E07E-195,ACC71070189,C399105,7001.87,GBP,2026-09-16T04:51:45,wire,IN,Joseph Weiss,Read little people late six blue.,cross_border
CE5C693E-2F0,ACC93955206,C321275,28681.12,USD,2026-09-16T05:07:18,wire,AR,David Patel,Deep type pretty color hair increase now.,cross_border
3A276AE4-A4C,ACC95822412,C216739,26563.0,CHF,2026-09-16T05:18:14,wire,BY,Ashley Landry,Nation strong old challenge.,domestic
9B881251-5B1,ACC55176955,C207175,2694.28,CHF,2026-09-16T05:33:57,swift,AD,Michael Anderson,City usually ever pressure economy.,cross_border
C670C846-79A,ACC42194159,C282256,12374.96,GBP,2026-09-16T05:53:05,swift,AT,Gregory Reeves,Relationship voice cost feeling.,cross_border
116B7DA4-7F9,ACC63121477,C237235,20217.86,CHF,2026-09-16T05:56:24,cash_deposit,TH,Susan Palmer,Camera less yourself traditional matter especially.,
C337778B-828,ACC22489409,C408528,32003.79,CHF,2026-09-16T06:59:26,crypto,ST,Whitney Kim,Group professional quality main above brother imagine half.,
7A7024B4-E4B,ACC93955206,C321275,20619.12,USD,2026-09-16T07:11:21,sepa,TG,Paul Wilson,Collection fall off board memory season significant able.,
6538416E-451,ACC61642594,C500156,32961.19,EUR,2026-09-16T07:11:37,card,LK,Lisa Brown,Material dark heart politics draw rise.,
C02F2730-51F,ACC24508349,C501124,384594.76,CHF,2026-09-16T07:17:50,sepa,DJ,Philip Combs,So peace interesting free.,
784C5F70-1DA,ACC34627347,C392075,240857.46,EUR,2026-09-16T07:35:37,cash_deposit,BY,Richard Williams,Bring can sister adult.,
98BA32F1-0FE,ACC84411983,C233470,323.63,GBP,2026-09-16T07:36:36,wire,UY,Heidi Harris,Moment new player occur.,domestic
A63ED3A0-0F5,ACC58436637,C288158,16587.77,CHF,2026-09-16T07:44:48,sepa,SE,Michael Graves,Six wish population theory.,
92463307-082,ACC71070189,C399105,47768.45,CHF,2026-09-16T07:47:28,card,UA,Jesse Jones,To age organization call wall car thing.,
52F6FA1D-B3E,ACC94525678,C703634,2898.07,GBP,2026-09-16T08:06:10,cash_deposit,GT,Peter Gross,Wall friend air.,
FB824C49-97D,ACC24366125,C878480,12289.23,EUR,2026-09-16T08:12:42,crypto,KH,Adam Gardner,Action describe analysis brother.,
79DAE9CB-804,ACC31682744,C665579,11738.76,USD,2026-09-16T08:36:09,card,TR,Mark Madden,Idea fish citizen discuss.,
07E91811-C0F,ACC36786211,C956253,41988.33,CHF,2026-09-16T08:44:47,card,MW,Ashley Patrick,Whatever someone coach enough.,
A209F856-5F7,ACC24549543,C725550,10579.69,GBP,2026-09-16T08:50:26,wire,AE,Monica Graham,The this avoid situation.,cross_border
DDA3B05A-19D,ACC70467027,C564226,44636.44,CHF,2026-09-16T08:57:17,card,RS,Laura Ramirez,Month he degree between actually occur.,
72C32D57-9A5,ACC24549543,C725550,6609.64,CHF,2026-09-16T09:00:11,wire,CN,Christine Williams,Industry you care drive although.,domestic
96558B47-50F,ACC32097220,C497382,35343.42,GBP,2026-09-16T09:04:55,cash_deposit,VA,Jesse Edwards,Know check full history.,
D95D692A-0F3,ACC13895645,C507746,30317.64,GBP,2026-09-16T09:37:58,sepa,PE,Jeffrey Mendez,Soldier teacher oil suddenly several Mr land.,
8CDF4875-8A4,ACC72363359,C800005,2111.01,USD,2026-09-16T09:51:49,cash_deposit,CV,Anthony Montgomery,Animal back so choice opportunity central administration.,
295F7E4D-7AE,ACC81503856,C549186,48709.93,USD,2026-09-16T10:10:22,swift,LV,William Barnett,South position market wrong be serve.,domestic
05E9B090-092,ACC58884978,C552248,48192.1,EUR,2026-09-16T10:10:53,crypto,IN,Clifford Rogers,Speak general century.,
95F0A084-1F3,ACC22660194,C201639,5095.8,USD,2026-09-16T10:14:02,card,JM,Daniel Munoz,Until government door age once.,
FDBA3B24-8F0,ACC71070189,C399105,21276.03,CHF,2026-09-16T10:27:10,card,FI,Dale Spencer,Move nothing perform city parent size.,
FEBD03E8-7A8,ACC69476001,C947272,9990.61,GBP,2026-09-16T10:36:11,cash_deposit,GW,Kimberly Logan,Well camera truth.,
BA6C7CBC-182,ACC14265799,C131244,41568.94,CHF,2026-09-16T10:51:25,wire,GM,Darryl Morgan,Human role fine fine effort well rather.,cross_border
4419757E-AAD,ACC45551614,C246413,22380.51,EUR,2026-09-16T10:53:40,sepa,ML,Shawn Austin,Might job close say man.,
A1AF0406-35D,ACC73083727,C464863,36694.49,CHF,2026-09-16T10:54:23,sepa,HU,Carlos Hunt,Eat floor cell own.,
F8CD1510-9DE,ACC97260863,C171951,38549.7,CHF,2026-09-16T11:17:07,wire,GN,Dustin Lopez,Debate into question crime price.,domestic
A57A1661-646,ACC42194159,C282256,12686.52,EUR,2026-09-16T12:10:27,crypto,AR,Jose Brown,Book offer kid heart better source yeah.,
67D6FF91-32C,ACC65682626,C527398,9259.12,GBP,2026-09-16T12:45:27,sepa,KW,James Lopez,As beautiful song week their land.,
A290C8DA-545,ACC73771720,C740967,9977.42,CHF,2026-09-16T13:14:39,cash_deposit,LS,Sherry Arnold,Positive between health list color arrive.,
9CED9452-3C6,ACC16927215,C313446,653.21,GBP,2026-09-16T13:27:37,wire,HN,Vanessa Vaughn,Forward must site guess treatment mention financial fast.,cross_border
580E5A15-C35,ACC58884978,C552248,44962.9,GBP,2026-09-16T13:34:12,card,AE,Mr. Cody White PhD,Exist own good let.,
4220FAD1-2F6,ACC42194159,C282256,22047.4,EUR,2026-09-16T13:49:41,card,SK,Dominique Delacruz,There center respond design cause catch.,
F72DAF87-953,ACC16150444,C793384,18476.39,GBP,2026-09-16T14:10:54,cash_deposit,AD,Jacqueline Williams,Investment voice lot shoulder go source traditional.,
33251CF5-126,ACC45570755,C455007,9993.52,USD,2026-09-16T14:20:26,cash_deposit,MV,George Vargas,School on everything woman without.,
14EEDFED-858,ACC46540265,C624783,32285.01,USD,2026-09-16T14:46:37,wire,CF,Shane Love,Floor movie meeting law sound yard.,cross_border
9012EA64-C18,ACC68571795,C735656,5079.58,CHF,2026-09-16T14:48:36,card,RU,Stephen Bridges,Concern yard detail whatever.,
05F3366C-E6A,ACC78387461,C617488,46390.22,USD,2026-09-16T14:58:45,crypto,VA,Michael Hansen,Sure I pay in ten.,
521281DB-EE9,ACC45570755,C455007,4794.94,CHF,2026-09-16T15:05:57,card,BF,Steven James,Cell partner raise allow thank simple.,
D6786F65-A0D,ACC95132217,C544151,7444.56,USD,2026-09-16T15:22:09,crypto,BI,Chad Flores,Serve media decade budget old.,
52129474-EAF,ACC87267850,C498858,12329.93,GBP,2026-09-16T15:23:58,card,HT,Michael Frazier,Know economy reveal star hold strategy friend.,
DFA1E628-95C,ACC67062156,C329471,28898.24,EUR,2026-09-16T15:44:19,wire,CG,Scott Villa,Plant inside we option hotel.,domestic
C45871C3-B21,ACC34391257,C152727,7470.25,USD,2026-09-16T16:10:29,wire,CA,John Harrell,Race eight everything blood year nor ask.,domestic
85F9753F-B3C,ACC88183110,C679364,20396.88,USD,2026-09-16T16:23:05,cash_deposit,GW,Susan Estrada,Because pressure these.,
27A72258-56C,ACC44392446,C904150,7380.01,CHF,2026-09-16T16:24:18,cash_deposit,TR,Jeffrey Arnold,Culture development affect inside else real side.,
2DDB52A0-57F,ACC68802946,C832168,9026.22,GBP,2026-09-16T16:37:13,wire,KP,Jeffrey Mccoy,Wind service property mean see note poor.,cross_border
E646EE97-E16,ACC78387461,C617488,20707.92,GBP,2026-09-16T16:37:54,card,IR,Jennifer Martinez,Level guess service this different everyone information.,
CD34595E-AE7,ACC51098277,C796212,43320.79,CHF,2026-09-16T17:00:12,wire,MT,Mark Morgan,Home stock campaign series early.,cross_border
B5AE6B91-5B7,ACC42194159,C282256,27594.45,CHF,2026-09-16T17:12:37,card,DJ,William Hawkins,Hotel second citizen edge family.,
5FA0D518-426,ACC71662963,C662275,15422.3,USD,2026-09-16T17:14:33,wire,TG,Karen Romero,Reality community spring billion.,domestic
4B24CC79-E58,ACC93955206,C321275,4170.62,EUR,2026-09-16T18:09:06,cash_deposit,SY,Kevin Cohen,Democratic true number protect cultural go.,
DF234622-716,ACC55728776,C293319,8139.62,CHF,2026-09-16T18:14:46,crypto,SY,Charles Novak,Series time blue.,
BB3F5971-B6C,ACC49172995,C633590,44807.51,EUR,2026-09-16T18:15:37,card,JP,Steven Howard,Face remember at use.,
80D95655-F7B,ACC13471527,C195763,16158.4,CHF,2026-09-16T18:24:25,swift,SY,Spencer Smith,What situation real always student.,cross_border
E7E5B651-26D,ACC97225156,C491559,32549.56,USD,2026-09-16T18:41:55,crypto,BR,Rebecca Duncan,Past much soldier reason any.,
DF909BCD-8EB,ACC23492385,C973074,30576.7,GBP,2026-09-16T18:49:36,wire,FM,Jessica Houston,Kid head seem leg put.,cross_border
E6C65431-5CC,ACC68802946,C832168,38873.51,EUR,2026-09-16T19:01:10,card,LI,Michael Fox,Involve speech national form rule nearly.,
E247EAF7-0E6,ACC58436637,C288158,22000.01,USD,2026-09-16T19:16:35,card,WS,Ashley Cuevas,Congress center forward make still owner.,
1907A9D2-4FA,ACC82498004,C184491,20035.81,USD,2026-09-16T19:21:53,card,NO,David Morgan,Price simply matter ball lawyer.,
D3DE545F-E5F,ACC82383095,C891952,9975.23,CHF,2026-09-16T19:40:23,crypto,ME,Robert Hogan,Garden why necessary sea especially.,
EE4879DC-03D,ACC53536830,C934816,27666.15,EUR,2026-09-16T19:46:34,wire,NZ,Shannon Horton,Scene newspaper traditional.,domestic
40079CE8-2A8,ACC19289546,C897549,36941.67,EUR,2026-09-16T20:11:30,wire,VU,Rachel Mcfarland,Southern network weight usually.,domestic
1FC25832-C64,ACC45551614,C246413,33685.03,USD,2026-09-16T20:15:41,card,ER,Anna Palmer,Put positive require us money positive base.,
5AF4B94B-CA1,ACC11698142,C990844,13870.83,CHF,2026-09-16T20:58:01,swift,AM,Nicholas Hicks,Rest role huge product social cover.,domestic
31F7B405-A8A,ACC99889098,C850981,48679.24,GBP,2026-09-16T20:59:14,wire,LV,Ashley Miller,Particular worry strong bag war.,domestic
E509CD32-B10,ACC73900135,C777278,6312.2,CHF,2026-09-16T21:04:41,cash_deposit,CA,Michael Weaver,Any owner letter suddenly live.,
D8EB6A0A-990,ACC76344695,C992288,41542.66,CHF,2026-09-16T21:17:27,card,BW,Brittany Stewart,Remember political meet show somebody choose.,
BAC073C4-08A,ACC95822412,C216739,41643.62,EUR,2026-09-16T21:19:42,swift,UG,Richard Graham,Break tonight couple and job mind southern.,domestic
6943D8EB-4F4,ACC89864260,C171262,35693.02,CHF,2026-09-16T21:24:19,crypto,DO,Mary Jones,Benefit rock bed film wait number sell.,
67C1BEF9-F4B,ACC31682744,C665579,9994.13,CHF,2026-09-16T22:49:25,cash_deposit,TW,Francisco Gonzalez,Material wrong instead buy commercial force him.,
169AB4BC-C47,ACC84093639,C407419,8813.26,USD,2026-09-16T22:53:55,card,SZ,Teresa Burgess,Agency response also available.,
F3512206-BC2,ACC58181396,C988662,42506.81,CHF,2026-09-16T23:15:40,sepa,BR,Rodney Hernandez,Election treat trial attack hold however for everybody.,
79A2A868-185,ACC35487660,C411120,29561.52,GBP,2026-09-16T23:19:39,card,ST,Jeffrey Lee,Despite response edge federal my crime field.,
93F3613C-CDC,ACC65682626,C527398,15607.87,CHF,2026-09-16T23:20:22,sepa,OM,Frank Douglas,Doctor play everyone physical present reality.,
C0F1AEBD-B29,ACC41348220,C997594,7826.15,EUR,2026-09-16T23:42:21,swift,RU,Kyle Pena,Street she approach avoid.,domestic
7DE2641A-8E3,ACC31682744,C665579,44229.4,CHF,2026-09-16T23:56:06,card,RS,Brandon Ramsey,Staff Mr above read appear third.,
D68341F3-2A0,ACC19289546,C897549,17072.59,GBP,2026-09-16T23:57:10,cash_deposit,PG,John Taylor,Rich operation star meeting.,
3D3DF02C-315,ACC49172995,C633590,23323.43,USD,2026-09-17T00:21:50,card,SZ,James Prince,Piece read local enter model than president.,
ACC5AC58-CD4,ACC21490777,C353080,6503.94,EUR,2026-09-17T00:40:09,crypto,GW,Jonathan Castro,Young executive message run sort.,
08EE03A9-C2B,ACC97971488,C623481,12443.63,USD,2026-09-17T00:59:05,swift,TJ,Taylor Harris,Carry election sound probably compare.,domestic
2327CC0D-DF3,ACC73481797,C839485,39372.71,EUR,2026-09-17T01:11:55,crypto,BY,Julie Coleman,Large response remain end recent surface probably.,
D958988C-BE9,ACC22660194,C201639,27612.02,GBP,2026-09-17T01:21:12,swift,IR,Jennifer Brown,There professor listen medical during.,domestic
BD4B8855-A9E,ACC24549543,C725550,44497.51,GBP,2026-09-17T01:31:06,sepa,FM,Jessica Lopez,Participant at summer its address during different officer.,
9525B930-C8A,ACC82383095,C891952,29412.35,GBP,2026-09-17T01:57:14,sepa,GA,David Cohen,Above city beyond near hour defense.,
A0723B98-42F,ACC52091325,C159942,27077.48,CHF,2026-09-17T02:02:26,swift,GY,John Vincent,Hit rock since him southern issue.,domestic
B18D4F6A-01B,ACC22534217,C958179,15609.71,EUR,2026-09-17T02:07:39,swift,MK,Amanda Riley,Left away audience concern recently before.,cross_border
41CDB913-F45,ACC69302158,C678478,49565.87,EUR,2026-09-17T02:15:39,card,AF,Mark Boyle,What news American service model ahead.,
4F5B8091-CAD,ACC81691040,C864544,9207.8,USD,2026-09-17T02:23:16,wire,RU,Brandy Taylor,Team throw receive us perhaps lawyer.,cross_border
1BE31294-9EC,ACC73380266,C355570,12420.57,CHF,2026-09-17T03:04:17,card,BJ,Matthew Edwards,Leg east care for before.,
571603A0-74E,ACC90585882,C944657,26474.13,EUR,2026-09-17T03:06:21,wire,DJ,Samantha Pace,Room five teach address including table pass.,cross_border
38217BDC-647,ACC41244663,C205907,25370.67,USD,2026-09-17T03:15:10,card,TJ,Christopher Mclaughlin,Stock determine bad personal might son.,
D5210160-E1B,ACC45551614,C246413,11112.06,USD,2026-09-17T03:50:01,wire,PT,Robert Evans,Range feel eat into.,cross_border
A0F0D05A-7CE,ACC24508349,C501124,44709.24,GBP,2026-09-17T03:58:48,card,VE,Mr. Paul Ewing,Many answer four deal.,
ECD713FE-AC3,ACC64247457,C639593,37940.93,USD,2026-09-17T04:12:24,card,BJ,Brady Hinton,Anything reduce rich him begin treat little.,
2188C2DB-BBB,ACC22517517,C890170,20436.46,USD,2026-09-17T04:29:21,card,SM,Christina Dean,Already occur issue front movie.,
6BD1774E-B9A,ACC77827638,C731262,16958.44,GBP,2026-09-17T04:34:27,cash_deposit,DM,Jackson Ball,Particular sell six doctor dream whole.,
F98F567A-CB2,ACC58884978,C552248,16840.54,USD,2026-09-17T04:38:38,card,KP,Matthew Henderson,Dream past vote old.,
892A0136-DA7,ACC63640499,C355836,28322.2,EUR,2026-09-17T04:43:36,sepa,NO,Theresa Goodman,Staff night prove firm interesting buy.,
E786240A-2A1,ACC45351479,C624902,48901.35,USD,2026-09-17T04:44:27,sepa,DM,Janet Chan,Parent deal about occur option across.,
89F85C8A-EA2,ACC35848226,C430876,45355.78,CHF,2026-09-17T04:49:48,card,SG,Michael Dixon,Well film thank ahead less factor.,
C71A5EFC-5DB,ACC31980274,C426147,16521.3,CHF,2026-09-17T04:57:39,sepa,TV,Gabrielle Brown,Guy happy address nice anything.,
9206A1F5-84C,ACC65026398,C786587,6391.71,USD,2026-09-17T05:13:32,wire,LU,Adam Hubbard,Place character work magazine.,domestic
2D5398A4-C99,ACC46540265,C624783,19701.67,EUR,2026-09-17T06:13:15,card,SC,Leslie Mckee,Role think medical politics.,
FF811604-E41,ACC65177213,C589710,1412.16,GBP,2026-09-17T06:15:44,wire,CM,Jessica Palmer,Rock not attack why usually help produce.,domestic
B4A4252E-408,ACC61410126,C827659,14627.61,CHF,2026-09-17T06:16:29,wire,DM,Oscar Collins,How worker discussion at.,cross_border
88F272C1-32A,ACC68461818,C965845,49746.0,EUR,2026-09-17T07:06:22,swift,TM,Richard Riley,Analysis generation growth.,cross_border
03D1ABA0-DAD,ACC96098221,C634150,40538.3,EUR,2026-09-17T07:25:19,cash_deposit,YE,Timothy Smith,Care more which.,
6C736A89-475,ACC52091325,C159942,479280.49,CHF,2026-09-17T07:26:53,card,CO,Dr. Cameron Liu II,Among since candidate behavior friend.,
37CE119C-13E,ACC35583290,C728492,23111.45,EUR,2026-09-17T07:30:49,card,GN,Michael Hayes,Even billion story.,
48CA61F9-7F5,ACC65177213,C589710,35470.55,EUR,2026-09-17T07:43:34,sepa,GT,James Marquez,Think leg indeed anything way today.,
2B1D8014-155,ACC46361787,C421517,27961.95,GBP,2026-09-17T07:51:06,card,NA,Paula Mercado,Health blue west own develop.,
696AAE78-32D,ACC13895645,C507746,19005.67,GBP,2026-09-17T07:59:28,card,NO,Christine Lopez,Away but require since them.,
02453F62-D46,ACC35487660,C411120,21055.09,EUR,2026-09-17T08:12:24,cash_deposit,VE,Andrew Dominguez,You may reason by threat.,
05C757EB-9B6,ACC90585882,C944657,40152.95,GBP,2026-09-17T08:53:30,sepa,LS,Linda Gillespie,Control husband sit system news capital economic.,
83FCD596-491,ACC97971488,C623481,32745.09,EUR,2026-09-17T09:13:01,swift,ER,Ashley Davenport,Interest method imagine seven fire letter.,domestic
2881ECE8-B99,ACC77827638,C731262,39686.88,CHF,2026-09-17T09:22:55,swift,MZ,Jasmine Beltran,Reality happen something entire bar interesting issue.,domestic
45CD6B58-A8B,ACC19736572,C109767,3478.45,GBP,2026-09-17T09:32:37,crypto,CV,Daniel Walters,Stay agent performance four according material.,
40EBB687-DE5,ACC87342561,C142185,21838.84,GBP,2026-09-17T09:33:40,crypto,KG,Rebecca Davis,Environment accept water data seven.,
178D33C2-A02,ACC35583290,C728492,6705.28,EUR,2026-09-17T09:34:50,cash_deposit,VC,Ashley Bartlett,Read call bag green top security billion.,
A1C0C9BE-E06,ACC71115319,C437408,842.13,GBP,2026-09-17T09:38:13,cash_deposit,BY,Roger Knight,Will these low wife do medical.,
2E412D77-C70,ACC11698142,C990844,11481.11,CHF,2026-09-17T09:45:07,sepa,BH,Rita Bell,Per watch rock piece.,
FC6B611E-9C7,ACC43273328,C335612,361636.41,CHF,2026-09-17T10:05:51,sepa,YE,Peter White,Five window like.,
23A3EEF3-FFA,ACC81691040,C864544,45316.12,EUR,2026-09-17T10:25:36,sepa,HR,Carol Lane,Approach enough standard apply less live.,
04B6A9E3-B42,ACC67110154,C882169,34693.52,CHF,2026-09-17T10:29:50,cash_deposit,BA,Diamond Kelly,Vote series family series realize growth.,
E314F92E-957,ACC66722344,C456778,27868.77,CHF,2026-09-17T10:30:54,swift,LS,Robert Villarreal,Carry fly water cut fire who why fact.,cross_border
19970E6F-9CE,ACC88961459,C680828,252567.72,GBP,2026-09-17T10:34:00,card,KH,Laura Mills,Spend physical sing protect agent note.,
9652E7E6-C6B,ACC19289546,C897549,1050.14,EUR,2026-09-17T10:42:55,swift,SD,Amanda Love,Weight yeah window administration.,cross_border
A079D736-6CF,ACC25480907,C373903,16411.31,CHF,2026-09-17T10:44:15,card,IR,Jessica Diaz,Political local director floor parent budget response.,
32CDF949-CCB,ACC43273328,C335612,19537.01,EUR,2026-09-17T10:57:52,wire,SO,Larry Walsh,Live tonight either follow music.,domestic
342F6356-1EE,ACC73481797,C839485,24123.97,GBP,2026-09-17T10:58:37,sepa,TN,Amanda Singleton,Too special crime argue push civil.,
9C8C2C8E-36F,ACC82498004,C184491,21323.32,USD,2026-09-17T11:07:53,cash_deposit,CG,Kimberly Wilson,Indicate involve free animal.,
EA877476-6B6,ACC90267122,C141797,49591.73,CHF,2026-09-17T11:29:33,cash_deposit,AO,Sarah Daniel,Project million forget feeling computer claim.,
5773F04B-8CF,ACC41329612,C377405,20101.12,USD,2026-09-17T11:46:04,sepa,MT,Samantha Harris,Big fast however president relationship behind.,
4A181696-086,ACC67110154,C882169,10324.39,EUR,2026-09-17T12:15:06,wire,GA,William Kim,Term seat call important recently hope manage.,domestic
4DAC4388-307,ACC72732043,C233827,24943.28,GBP,2026-09-17T12:16:12,swift,SY,Crystal Howard,Young half hard line it gun.,cross_border
DDD8D44B-3E1,ACC99943797,C209680,35696.23,GBP,2026-09-17T12:40:23,cash_deposit,SN,Paula Ward,With second card style yeah various.,
E8A0ED94-0CB,ACC67062156,C329471,8727.31,USD,2026-09-17T12:46:12,swift,WS,Alyssa Jimenez,International agent evening.,domestic
C743FC03-C46,ACC55176955,C207175,49511.75,USD,2026-09-17T13:10:48,card,BB,Wanda Garcia,Fear yourself last give stage.,
D5F11C28-DB4,ACC61642594,C500156,46361.85,USD,2026-09-17T13:12:07,sepa,PW,Leon Hamilton,Standard soldier after high.,
DB4BED7A-6B1,ACC68812137,C974244,25548.87,GBP,2026-09-17T13:12:43,card,SY,Brandon Mathis,Past country feel consumer think expert despite film.,
264693AF-D63,ACC50071487,C978157,30221.56,GBP,2026-09-17T13:25:28,sepa,KI,Megan Mckinney,Think culture need collection.,
61509141-334,ACC84903294,C901577,35438.52,USD,2026-09-17T14:25:55,card,KP,Leslie Richardson,Big thought both.,
3B83D817-F34,ACC19736572,C109767,429599.36,CHF,2026-09-17T14:29:32,cash_deposit,VU,Jennifer Gardner,Task especially perhaps list stop production official.,
FFADF0F9-31C,ACC90014570,C835244,49788.27,EUR,2026-09-17T14:34:31,wire,PY,Sandra Mccoy,Front decision yard author cultural simply.,domestic
E456F407-286,ACC45551614,C246413,15886.7,CHF,2026-09-17T14:59:28,card,VN,Stacy Harrington,Simple thing base Mr hope rest.,
22BEE91A-072,ACC39958838,C246316,30453.66,GBP,2026-09-17T15:11:26,wire,SI,Catherine Richards,Why like impact fly bit claim in.,cross_border
E10EE2D0-12A,ACC35583290,C728492,20371.04,GBP,2026-09-17T15:11:46,card,MW,Samantha Knight,Management Mr view home.,
1B527E45-D1B,ACC13471527,C195763,45198.85,CHF,2026-09-17T15:29:33,card,NZ,Debra Lowe,Say grow reach out.,
48963343-4C9,ACC86320155,C751194,20920.79,EUR,2026-09-17T15:47:24,sepa,PG,Christine Williams,Structure phone could vote maybe voice become product.,
AC9782A1-07F,ACC41348220,C997594,28172.76,USD,2026-09-17T15:50:27,cash_deposit,AO,Heather Simmons,Travel worry left around speech hope.,
CBBE59B4-143,ACC46361787,C421517,32202.85,USD,2026-09-17T15:52:12,swift,UZ,Anthony Wheeler,Area message car picture ready huge season.,domestic
623CA27D-B31,ACC84411983,C233470,9984.61,EUR,2026-09-17T15:55:13,sepa,VE,Joseph Molina,Door knowledge early enough analysis standard meet.,
D075AE79-3A3,ACC77834855,C612262,11435.56,EUR,2026-09-17T15:58:26,cash_deposit,BG,Keith Lynch,Cut where buy about.,
52E7BCB8-455,ACC15614174,C423232,49085.29,USD,2026-09-17T16:10:44,sepa,LI,Joe Strickland,Significant grow north radio.,
4397C2C8-15B,ACC46540265,C624783,43774.33,USD,2026-09-17T16:39:24,crypto,BR,Tony Mclaughlin,Subject house side at author.,
87F88DFA-52E,ACC32097220,C497382,45533.58,USD,2026-09-17T17:12:36,card,TW,Steven Duncan,Should who court media part.,
0D09B817-76B,ACC88320463,C518801,20683.83,EUR,2026-09-17T17:12:37,crypto,BD,Maria Cline,Occur someone religious.,
04670D5A-6FB,ACC96098221,C634150,37195.97,EUR,2026-09-17T18:01:19,card,VE,Kelly George,Write he political get exist nature in through.,
D4B2E5BE-28F,ACC19289546,C897549,362320.39,CHF,2026-09-17T18:14:55,cash_deposit,GN,Teresa Deleon,Than each throw five must.,
14184B06-395,ACC32775593,C790855,37110.81,USD,2026-09-17T18:26:48,card,PY,Elizabeth Lynch,Find money professional fill.,
36D5B680-4EF,ACC17275149,C296694,46711.76,GBP,2026-09-17T18:40:33,card,CA,Aaron Mills,Event foot bag own piece skill see.,
F2BDD73D-F12,ACC72732043,C233827,45405.76,USD,2026-09-17T18:50:16,card,OM,Matthew Carpenter,Likely marriage court campaign many radio.,
7407F8B3-B18,ACC73083727,C464863,22401.82,CHF,2026-09-17T19:05:46,card,ST,Daniel Cline,Moment share sell loss fine.,
89CC67F5-C2B,ACC97971488,C623481,23365.0,EUR,2026-09-17T19:12:48,crypto,KR,Jason Mercer,Country attorney subject little quickly conference.,
75F299C7-B09,ACC97225156,C491559,15566.3,GBP,2026-09-17T20:12:32,wire,LY,Scott Porter,Recently pull eight allow system whose place.,cross_border
0B29C726-A01,ACC25480907,C373903,3229.83,GBP,2026-09-17T20:31:05,sepa,BN,Dr. Scott Valdez,Off finally culture dark wrong already.,
DD9AE17D-B4C,ACC49172995,C633590,47705.01,CHF,2026-09-17T20:39:33,swift,HU,Luis Jones,Authority tonight national over best possible despite.,cross_border
571751E3-189,ACC73771720,C740967,4481.24,EUR,2026-09-17T21:14:08,cash_deposit,BS,Edward Hill,Tree truth soon unit street else.,
067B6ED2-098,ACC49172995,C633590,5005.03,GBP,2026-09-17T21:24:54,crypto,TM,Adrian Maynard,Page anyone environment.,
93C9F5BD-916,ACC81503856,C549186,3729.79,CHF,2026-09-17T21:27:35,sepa,MH,Kiara Lopez,Vote address suffer future conference than meeting.,
2979D382-751,ACC98231132,C712024,37997.08,USD,2026-09-17T21:46:02,card,AO,John Hubbard,Institution write fight share off how.,
BC157863-A05,ACC25374874,C814825,9980.66,GBP,2026-09-17T21:55:19,crypto,TD,Bryan Miller,Political training different only would look really.,
79721616-847,ACC87049595,C398151,20704.41,EUR,2026-09-17T22:06:45,swift,VU,James Edwards,Method since message thought.,cross_border
960A5898-B3B,ACC67062156,C329471,5742.16,CHF,2026-09-17T22:22:33,swift,CN,Jeffrey Morgan,Treat explain ready always soldier try prepare.,cross_border
07681DE1-668,ACC38470244,C472060,14773.18,USD,2026-09-17T22:39:02,swift,SY,Cheryl Casey,Be threat but third church scientist deep.,domestic
F6903551-4EB,ACC19233013,C356150,48858.61,USD,2026-09-17T23:09:25,card,FI,Amanda Peterson,Walk fact cup.,
67364E70-B94,ACC81503856,C549186,31766.29,EUR,2026-09-17T23:16:21,cash_deposit,UY,Alexandria Nash,Owner it guess poor tax quite factor.,
B197E89F-F47,ACC81621574,C498468,6477.99,USD,2026-09-17T23:24:25,sepa,PG,Nicole Fisher,According financial news production bank game.,
76C125E0-FED,ACC81691040,C864544,48581.72,EUR,2026-09-17T23:35:42,card,ME,Emily Roth,Bad type share nothing behavior sort recognize.,
FCF1473D-944,ACC65692629,C456385,47779.0,CHF,2026-09-17T23:40:37,sepa,NZ,Mrs. Ebony Acevedo MD,Purpose top nice case agree.,
A8A6B5F2-E72,ACC72363359,C800005,15906.2,CHF,2026-09-17T23:49:23,cash_deposit,MZ,Ashley Hamilton,Some score in career our conference benefit.,
9F9D4368-3E0,ACC36757737,C979995,20595.62,USD,2026-09-17T23:54:30,swift,BN,Patricia Jones,Political stage forget him as.,domestic
68807939-E31,ACC26941092,C596564,25433.46,USD,2026-09-18T00:07:50,wire,LR,Morgan Collins,Economy participant speak son order.,domestic
ED97D04B-F62,ACC46361787,C421517,44625.76,EUR,2026-09-18T00:07:58,wire,NR,Arthur Sawyer,Test choose force.,domestic
0BE86587-925,ACC58436637,C288158,6402.85,EUR,2026-09-18T00:13:39,card,CU,Kristen Clark,Miss so change mention where decision.,
FAB12C4A-B87,ACC22660194,C201639,13561.95,USD,2026-09-18T00:21:42,swift,MV,Brian Miller,Kind school his past herself must.,domestic
5870A58D-417,ACC95132217,C544151,40515.44,CHF,2026-09-18T00:55:44,swift,VN,Shelly Thomas,Sound physical ground mention enjoy.,cross_border
868342B5-C57,ACC20200074,C720859,26763.54,CHF,2026-09-18T00:59:25,cash_deposit,SY,Gary Lopez,Name window international audience unit sort candidate.,
43AB1A27-F16,ACC19736572,C109767,3535.51,GBP,2026-09-18T01:05:23,card,VE,Tony Lawson,Exist three event identify kid.,
6F83D9A5-73F,ACC34391257,C152727,26341.1,GBP,2026-09-18T01:36:13,card,LR,Dr. Michelle Chan DVM,Enjoy you almost fire area whatever gun.,
2DE35FA9-A14,ACC93955206,C321275,27175.72,CHF,2026-09-18T01:44:24,sepa,BF,Robert Conway,End I season sense choice win.,
062C9EFE-5F5,ACC75181648,C604740,38824.65,GBP,2026-09-18T01:53:13,wire,MH,Jeffrey King,Daughter night free.,cross_border
B4D44307-7B5,ACC90585882,C944657,41508.5,USD,2026-09-18T02:00:29,crypto,TZ,Douglas Martinez,Hit especially national interview media wrong.,
4BBCC78D-4F6,ACC87267850,C498858,36598.46,CHF,2026-09-18T02:13:34,sepa,ST,John Oliver,Popular could value usually central foot.,
6F2B1CBC-C58,ACC33640702,C869440,18049.01,EUR,2026-09-18T02:21:55,cash_deposit,MD,Nancy Bowman,Teacher create ask.,
72569677-03A,ACC35583290,C728492,11371.44,CHF,2026-09-18T02:39:47,crypto,KR,Dennis Craig,Other dark then practice outside ago available.,
5BE76C50-B65,ACC81503856,C549186,47535.2,USD,2026-09-18T03:29:35,wire,DJ,Joseph Fowler,Ground later foreign some need all car.,domestic
527FC770-E17,ACC49172995,C633590,2718.41,USD,2026-09-18T03:34:05,sepa,GW,Jocelyn Davis,Soldier stand five.,
7FE11FC2-B79,ACC75529051,C330080,18452.44,GBP,2026-09-18T03:35:52,swift,SM,Grant Gordon,Six picture another again explain box.,cross_border
4341C719-E0A,ACC19289546,C897549,17523.35,CHF,2026-09-18T03:47:22,card,KP,Kenneth Jackson,Single book why particularly can.,
C9E3F10A-FA8,ACC13895645,C507746,14250.34,USD,2026-09-18T04:09:53,swift,ID,Jason Johnson,Energy bit continue end why.,domestic
81910BAC-BB1,ACC76500726,C402218,16914.89,USD,2026-09-18T04:10:47,swift,CZ,Jacob Bradshaw,Pay program collection base task involve.,domestic
9B2BBADA-B97,ACC33763566,C532322,5644.35,USD,2026-09-18T04:13:20,wire,GM,Destiny Simmons,Role like interesting behavior poor.,cross_border
83FFC9CF-6AD,ACC61410126,C827659,26676.92,EUR,2026-09-18T04:21:31,swift,DE,Michelle Barker,Keep defense whatever act.,domestic
033CCDD4-8D9,ACC48349783,C345884,26297.72,GBP,2026-09-18T05:08:06,swift,FM,Erin Hayes,Old garden spend stock.,domestic
086D7A74-CCF,ACC92874006,C171744,6348.57,CHF,2026-09-18T05:09:00,cash_deposit,MM,Daniel Brown,Value yard term.,
6E09C5D6-0FC,ACC45551614,C246413,8524.28,USD,2026-09-18T05:23:42,card,RU,Alisha Roberts,Light just medical onto rate.,
4BF7E98B-74A,ACC87282128,C810250,24618.91,EUR,2026-09-18T05:24:31,cash_deposit,AO,Matthew Hall,Sister know specific natural political security almost.,
EDD77677-160,ACC24366125,C878480,10231.18,GBP,2026-09-18T05:37:33,wire,TH,Terry Black,Former spend hotel.,domestic
C1DBCD57-C30,ACC45935572,C169403,6002.73,USD,2026-09-18T05:38:12,cash_deposit,BY,Carla Turner,Identify material certainly.,
38ED5EE9-AEA,ACC38470244,C472060,39641.06,GBP,2026-09-18T05:44:02,card,NG,Kristy Schultz,Star six ever test oil chair.,
32AFCA0D-DFB,ACC99038526,C208618,24812.32,GBP,2026-09-18T05:57:54,card,AD,Jennifer Mayer,Occur within check share trip politics.,
ACFB9918-73B,ACC42194159,C282256,1406.21,GBP,2026-09-18T06:01:35,card,SY,Calvin Salazar,Nature live example economy whom.,
0D69E5AB-7B8,ACC19233013,C356150,105378.89,USD,2026-09-18T06:15:22,card,BD,David Smith,Raise century watch teacher relationship wall.,
1C099063-406,ACC76500726,C402218,10177.25,GBP,2026-09-18T06:32:27,wire,PT,Charles Snyder,Government must big sing.,cross_border
A54BD338-D17,ACC76500726,C402218,44471.53,EUR,2026-09-18T06:40:35,swift,MC,Ashley Walker,Detail eat reflect mind night sit.,domestic
C07A1188-716,ACC69476001,C947272,17716.15,USD,2026-09-18T07:01:32,cash_deposit,BG,Molly Hines,Provide others general new begin their.,
826981F1-D2D,ACC36726767,C254511,41495.17,USD,2026-09-18T07:09:19,card,BW,Sarah Brooks,Board her know already page management science.,
6875C3DD-956,ACC31682744,C665579,30233.15,CHF,2026-09-18T07:43:58,card,ZW,Laura Johnson,Information national coach help girl.,
0727428A-7B0,ACC35714784,C299448,3878.3,USD,2026-09-18T07:45:59,swift,GR,Scott Franco,Especially lose just card sit population.,cross_border
F15C9D2E-874,ACC20099059,C824586,23050.35,USD,2026-09-18T08:07:31,swift,KP,Lisa Roach,A soldier general sound describe.,domestic
A1EDB492-DF9,ACC97260863,C171951,38247.97,GBP,2026-09-18T08:20:04,crypto,BO,Brooke Mitchell,Participant lead page across but newspaper most enough.,
E03A922A-C5E,ACC77834855,C612262,7124.34,CHF,2026-09-18T08:24:31,swift,ES,Jennifer Ramirez,Program mission human foreign serve thousand goal.,cross_border
E635234D-C03,ACC83534128,C567574,9986.81,USD,2026-09-18T08:56:56,wire,IR,Gary Frederick,Thank level sometimes can check day above.,cross_border
FEAC28AA-B74,ACC93955206,C321275,35507.64,EUR,2026-09-18T09:38:07,swift,IR,Michael Berry,Man special believe.,cross_border
A7E4D8AE-CE6,ACC22130508,C555052,29463.29,GBP,2026-09-18T09:43:14,card,NG,Ashley Warren,Particular pull expert against Mr reduce student.,
A8844C2E-494,ACC13895645,C507746,5173.04,USD,2026-09-18T09:43:38,card,RO,Gloria Turner,Never move country big five.,
EFF5D3ED-3BD,ACC16927215,C313446,7773.47,GBP,2026-09-18T10:04:12,card,KN,Jose Rogers,Culture social history teacher event.,
DE0E2560-903,ACC50079111,C890075,9720.05,EUR,2026-09-18T10:13:50,sepa,SL,Katie Larson,Total the laugh each son partner.,
CF4BE777-4CB,ACC36757737,C979995,7665.9,EUR,2026-09-18T10:53:13,swift,NE,Rebecca Berg,Allow occur next.,cross_border
A5706FA7-6AE,ACC35848226,C430876,37189.79,USD,2026-09-18T10:59:44,crypto,LU,Julie Carter,Together start security social test.,
389D7974-FA1,ACC31682744,C665579,13265.1,USD,2026-09-18T11:20:40,card,KW,Catherine Smith,Process piece talk bring.,
BFB62A20-B40,ACC67110154,C882169,26386.9,GBP,2026-09-18T11:41:39,swift,IR,Ruth Davis,Especially travel me tend dinner answer computer.,cross_border
06C4A8B2-D4F,ACC35487660,C411120,35314.14,EUR,2026-09-18T11:58:17,wire,ST,Keith Lopez,Order order interest cold.,cross_border
7A11B292-C90,ACC81621574,C498468,8528.1,EUR,2026-09-18T12:00:06,card,SM,Douglas Ramos,Theory once appear.,
0ABC12B7-150,ACC23492385,C973074,13655.39,GBP,2026-09-18T12:00:29,card,GD,Jared King,Sometimes reveal design daughter stage.,
152D14F1-212,ACC44188276,C146542,5236.02,GBP,2026-09-18T12:20:17,swift,AE,Dawn Wolf,Character production quite shake election possible.,domestic
E5920B98-916,ACC86460539,C358175,7031.97,GBP,2026-09-18T12:29:18,card,ET,Teresa Bauer,Candidate beat another most.,
B1003D27-79A,ACC95613415,C889359,10384.71,EUR,2026-09-18T12:36:04,swift,SV,Ronnie Contreras,Parent bring fill defense early.,domestic
598BA3B0-443,ACC95758349,C632323,41907.08,GBP,2026-09-18T12:36:30,card,LC,Kelly Caldwell,Contain approach time investment white.,
ABC51FFE-0BF,ACC90585882,C944657,39730.08,GBP,2026-09-18T12:54:31,card,VN,Gary Conner,Hotel admit news environmental yourself.,
F9E9520B-9A7,ACC19943140,C705050,18101.98,CHF,2026-09-18T13:00:28,wire,UA,Nathan Lynch,Everybody account election peace become.,domestic
3E78D054-525,ACC96098221,C634150,27362.65,GBP,2026-09-18T13:02:38,swift,PT,Vanessa Garcia,Bad hard nor analysis energy type.,cross_border
8C8611D7-30E,ACC64830300,C572387,6101.1,USD,2026-09-18T13:09:51,cash_deposit,VU,Caitlin Jones,First when party kind.,
9A37D273-C48,ACC86483924,C739979,33385.55,EUR,2026-09-18T13:11:20,card,DM,Ashley Moody,Product suddenly poor might.,
6E86C65A-465,ACC99038526,C208618,31764.63,GBP,2026-09-18T13:25:13,sepa,TN,Mrs. Jaclyn Crosby MD,Yourself whether discuss although.,
A68FF572-CD9,ACC22489409,C408528,45224.31,GBP,2026-09-18T13:36:47,card,FJ,Susan Werner,Give individual factor meet.,
F76FFCB6-E2E,ACC84411983,C233470,738.3,EUR,2026-09-18T13:39:45,cash_deposit,KP,Joseph Williams,Test information fact interview toward onto.,
8BB4F701-6CA,ACC94560158,C738448,45229.9,GBP,2026-09-18T13:54:45,cash_deposit,GH,Kelly Ayers,Especially travel certainly.,
8B78B563-29F,ACC68942178,C230394,25864.54,GBP,2026-09-18T14:03:09,wire,AD,Ryan Reid,Summer wall at.,domestic
87547926-F14,ACC36726767,C254511,16891.48,CHF,2026-09-18T14:05:31,cash_deposit,CM,William Owen,Often bar population member.,
4AD2ABAF-937,ACC25228493,C583863,21471.44,EUR,2026-09-18T14:22:05,wire,SC,Sara Oneill,Book outside prevent they none language eat.,domestic
FA470805-5BD,ACC99788677,C608993,35725.1,EUR,2026-09-18T14:22:07,crypto,PL,Oscar Cruz,Them small high.,
3FF2C094-EB1,ACC51098277,C796212,40036.04,GBP,2026-09-18T14:37:11,swift,VN,Tonya Brown,Pay happen mind energy public fact.,domestic
86B8789F-E91,ACC26941092,C596564,25822.08,CHF,2026-09-18T14:43:16,crypto,MV,Monica Miller,High share miss at adult city.,
C71D4396-254,ACC64830300,C572387,48556.82,USD,2026-09-18T14:52:48,card,CR,Sonia Miller,Campaign dark simple car physical arm coach.,
C3EA21A1-A2E,ACC53536830,C934816,21785.29,GBP,2026-09-18T14:58:54,cash_deposit,PS,Herbert Davis,Lay style beyond air soldier production military.,
951C46B3-6CB,ACC65177213,C589710,4183.69,USD,2026-09-18T15:08:33,card,PY,Jordan Carter,Individual us some suggest program decision.,
373EB39F-045,ACC71662963,C662275,45254.85,EUR,2026-09-18T15:20:34,wire,MK,Sean Stevenson,Score night down six sometimes.,cross_border
29D8B270-FB3,ACC21490777,C353080,10570.07,EUR,2026-09-18T15:21:53,card,GN,Deborah Fleming,Source eye station material notice.,
5011DF0C-5AD,ACC83089925,C335729,19003.33,USD,2026-09-18T15:27:29,card,ET,Rodney Anderson,Task style daughter ahead manage teacher management ahead.,
83EF838F-58B,ACC88320463,C518801,48315.0,GBP,2026-09-18T15:37:51,wire,IL,Matthew Morris,Least outside administration reality position.,cross_border
1DE19DD7-91C,ACC65692629,C456385,38291.85,USD,2026-09-18T15:43:58,cash_deposit,GN,Anna Phillips,Surface expect put process.,
50AB774C-224,ACC40742311,C961722,45363.05,CHF,2026-09-18T17:19:18,card,BO,Destiny Simmons,Either sit everyone artist home you.,
2597E38C-231,ACC39587039,C571029,7052.47,EUR,2026-09-18T17:33:20,card,KG,Anthony Gonzales,Less future century technology floor write generation.,
F13D38D4-943,ACC69476001,C947272,42967.1,EUR,2026-09-18T17:37:29,card,CL,Antonio Valencia,Door if sister chair society half able.,
8B009658-670,ACC22534217,C958179,20953.91,USD,2026-09-18T17:46:45,cash_deposit,MV,Linda Patrick,Half somebody off director recent.,
FA6FEC42-9AF,ACC42614537,C922733,14273.0,CHF,2026-09-18T17:48:43,cash_deposit,BA,Michael Mullins,Throw wide son.,
FCD1D834-52E,ACC58884978,C552248,38732.04,CHF,2026-09-18T17:52:07,sepa,MC,William Travis,Decade heavy eat owner book style success month.,
CC7C3BD3-C94,ACC67062156,C329471,35861.65,EUR,2026-09-18T18:18:42,card,DJ,Yolanda Obrien,Moment include respond.,
8178B9E2-6DF,ACC24549543,C725550,32355.28,USD,2026-09-18T19:06:59,wire,MZ,Carrie Barron,Leave employee suffer nothing suffer.,cross_border
C330838D-09F,ACC99038526,C208618,42556.38,CHF,2026-09-18T19:13:39,card,BI,Chris Martin,Nearly prepare side strategy successful for.,
7A01D926-561,ACC68461818,C965845,29775.68,USD,2026-09-18T19:19:59,sepa,UG,Timothy Lewis,Toward about country politics.,
C012FBEF-BDA,ACC21819185,C429795,33242.02,USD,2026-09-18T19:45:19,wire,LY,Sean Peterson,Response official other light capital ball.,cross_border
5C09D5F7-48C,ACC72732043,C233827,14572.42,EUR,2026-09-18T19:50:01,swift,IQ,Amy Cervantes,Community word send describe in out model.,domestic
DF15C33A-54C,ACC71070189,C399105,24509.77,GBP,2026-09-18T19:54:16,crypto,MK,Lynn Ray,Herself few bad take.,
EC091A1E-1E7,ACC49172995,C633590,34105.85,GBP,2026-09-18T20:00:26,card,FI,Mrs. Susan Robinson,Vote finish reason get attention fast.,
E91A1A15-A77,ACC41329612,C377405,30051.52,GBP,2026-09-18T20:11:04,cash_deposit,MX,Edward Wright,Amount industry resource term.,
77F4548A-CE8,ACC82383095,C891952,48905.0,GBP,2026-09-18T20:13:50,swift,LA,Matthew Santiago,Side field else plant page sort.,domestic
EFA1AE16-14C,ACC24366125,C878480,23471.71,USD,2026-09-18T20:31:59,swift,KE,Megan Moore,Finish over like.,cross_border
32609B0A-960,ACC21819185,C429795,7204.71,EUR,2026-09-18T20:48:06,swift,DK,Kathy Flowers,Democrat special concern two window.,domestic
4164B023-ADB,ACC92874006,C171744,13716.56,USD,2026-09-18T21:51:50,wire,ES,Shawn Perez DDS,Continue as realize research however top strong.,cross_border
8ACD7DC8-5E5,ACC45351479,C624902,46022.49,GBP,2026-09-18T21:58:32,wire,SG,Michelle Green,Fast environmental budget difference move.,domestic
916D8F33-A7F,ACC81691040,C864544,43248.89,CHF,2026-09-18T22:18:34,crypto,BY,Matthew Miranda,Discuss difference technology pay tree hot record.,
8C687FF7-E9A,ACC61642594,C500156,23566.27,EUR,2026-09-18T22:46:34,card,KZ,Drew Burgess,Out final wrong.,
67BA9490-E4B,ACC71662963,C662275,24825.68,GBP,2026-09-18T23:06:24,card,JP,Linda Morgan,Garden top grow could.,
CB0FEB9D-440,ACC94525678,C703634,29570.18,EUR,2026-09-18T23:26:17,swift,LY,Jason Rubio,Shoulder down various speech.,cross_border
2A8AD594-4F7,ACC69476001,C947272,8755.86,GBP,2026-09-18T23:44:58,swift,CH,Joseph Thomas,Often PM notice chair north family.,cross_border
DD7B8D25-C97,ACC90267122,C141797,8664.32,EUR,2026-09-18T23:52:50,crypto,TM,Eric Boyd,Peace meeting while practice vote create claim.,
5D2E16D1-E5C,ACC50785405,C400850,13762.36,EUR,2026-09-19T00:04:52,card,BY,Thomas Robertson,Total on and turn Democrat civil control.,
FDC09006-6E1,ACC25480907,C373903,25052.68,EUR,2026-09-19T00:07:19,card,QA,Zachary Robinson,Than shake reason choice media response charge.,
845FADBA-65B,ACC35848226,C430876,27184.35,USD,2026-09-19T00:24:19,card,AO,Jane Simmons,Offer purpose affect view Republican interview.,
A6206025-D30,ACC36757737,C979995,34465.46,GBP,2026-09-19T00:33:29,card,GD,Tiffany Herman,There approach young together wall.,
6C42BEAB-F04,ACC19943140,C705050,44252.19,GBP,2026-09-19T00:40:09,cash_deposit,MM,Steven Moore,Fish which himself trade everything quite.,
C211B87F-D35,ACC68186525,C479781,11599.1,EUR,2026-09-19T01:12:55,wire,MK,Angela Berger,Ten who price yes land.,cross_border
4E140E38-5E6,ACC42614537,C922733,24458.5,CHF,2026-09-19T01:26:23,wire,IN,Stacy Mcbride,Build PM weight society they.,cross_border
01AB354E-71A,ACC16927215,C313446,9977.81,USD,2026-09-19T01:31:02,wire,ME,Johnny Walsh,Save may letter official method suffer.,cross_border
0E4C4F19-D2F,ACC73083727,C464863,18057.09,GBP,2026-09-19T01:38:43,swift,RU,Robert Morris,Child sell card environmental themselves reach southern.,domestic
3993E837-C8C,ACC73083727,C464863,28968.28,EUR,2026-09-19T02:00:34,wire,HT,Lauren Murphy,Movement significant make social stand travel business.,cross_border
D41BAAB7-61B,ACC69476001,C947272,34049.34,CHF,2026-09-19T02:01:53,crypto,CL,Valerie Johnson,Community democratic no yes direction parent.,
A9F6F810-782,ACC71115319,C437408,27480.3,CHF,2026-09-19T02:36:34,swift,MA,Brandon Harris,Line head five south agree unit ready.,cross_border
9B8ECA27-1E4,ACC99508850,C528231,15472.1,CHF,2026-09-19T02:43:08,card,BY,Eric Simon,Their majority where spend provide.,
3EC369DA-CDC,ACC34391257,C152727,46216.68,USD,2026-09-19T02:54:35,cash_deposit,TT,Erika Andrews,Trip federal morning TV yeah.,
3A6FF7D7-AFF,ACC86320155,C751194,23349.94,GBP,2026-09-19T02:55:42,sepa,ZA,Megan Leonard,Speech interesting six great turn social unit.,
73A56B52-C8E,ACC13471527,C195763,21873.78,CHF,2026-09-19T02:56:02,crypto,RS,Jennifer Wiggins,Present apply author network.,
8029B53A-CF8,ACC73083727,C464863,9977.52,CHF,2026-09-19T02:59:11,sepa,ME,Suzanne Travis,Everybody attack enter look condition should game through.,
C26DCE4F-991,ACC67062156,C329471,30224.21,USD,2026-09-19T03:18:36,card,NZ,Veronica Roberts,Mean person president last.,
F6272E75-EFA,ACC13895645,C507746,38647.73,EUR,2026-09-19T03:28:59,crypto,MA,Lauren Hernandez,Face parent create authority indicate get those.,
2FBC479E-961,ACC67062156,C329471,37270.41,GBP,2026-09-19T03:33:13,cash_deposit,LV,Shannon Bailey,Boy doctor relationship consider simply herself according music.,
B75A52EE-4B0,ACC42614537,C922733,8100.1,EUR,2026-09-19T03:40:09,cash_deposit,LR,Miss Carmen Vasquez,Others some project visit back blue a.,
8591F65D-E15,ACC65692629,C456385,37860.85,EUR,2026-09-19T04:20:03,sepa,BD,Alexis Hawkins,Meeting who style still off walk stay.,
5B614409-2B8,ACC36757737,C979995,5176.75,USD,2026-09-19T04:49:46,swift,CY,Susan Scott MD,Position several including cell issue rate green.,domestic
4C50F09F-1F5,ACC95613415,C889359,9977.94,USD,2026-09-19T04:51:04,card,VU,David Smith,Bed pressure drug true hit before.,
EE142BD8-B39,ACC25312516,C962050,6016.11,EUR,2026-09-19T04:54:58,card,SC,Michelle Jones,Send not herself attorney.,
DBC9755B-E78,ACC83793389,C273148,32199.27,EUR,2026-09-19T05:19:18,crypto,SO,Antonio Harrison,At player third general.,
F5178E30-EC4,ACC38195995,C815198,24700.42,USD,2026-09-19T05:45:04,crypto,GM,Jacob Hubbard,Send performance sometimes fight employee guy painting center.,
7758BB0B-566,ACC90014570,C835244,10826.04,EUR,2026-09-19T06:09:57,wire,BA,Janet Hampton DDS,Rest certainly fine friend make.,cross_border
716AE400-840,ACC20200074,C720859,25124.07,CHF,2026-09-19T06:42:58,swift,PG,Allison Perry,Particularly practice forward at drive.,cross_border
15AD918A-900,ACC68802946,C832168,46087.78,EUR,2026-09-19T06:52:53,swift,SK,Angela West,Really us build summer attack.,domestic
9A419046-DC2,ACC83089925,C335729,20448.65,CHF,2026-09-19T07:08:21,sepa,LT,Noah Braun,Moment career me.,
33827AAA-570,ACC84903294,C901577,24469.05,GBP,2026-09-19T07:23:45,card,FI,Patrick May,Reflect ahead wall lead above street.,
D00116C1-1AE,ACC21819185,C429795,28128.73,CHF,2026-09-19T07:31:42,card,TH,Michael Gregory,Probably role per suddenly movement upon.,
BA311942-72E,ACC52091325,C159942,44459.41,USD,2026-09-19T07:39:51,swift,PH,Steven Davis,Difference should raise prepare wrong bed radio.,cross_border
4874BA95-26E,ACC54769200,C908577,16709.8,USD,2026-09-19T08:37:16,card,CD,Timothy Valencia,Piece feel Democrat star energy suffer bag property.,
954BD52E-71A,ACC24508349,C501124,35739.59,GBP,2026-09-19T08:37:36,card,MV,Maria Andrews,Myself red concern more finish better tough.,
7E1DC300-10C,ACC81503856,C549186,13612.94,USD,2026-09-19T08:45:17,card,ID,Carla Alvarez,Lead woman the early.,
D9E7CB37-77A,ACC87049595,C398151,14414.87,USD,2026-09-19T08:53:09,card,KZ,Bruce Young,Out product already eye.,
3FD0D496-7CF,ACC91178885,C320861,30051.67,GBP,2026-09-19T09:02:24,card,MY,Scott Delgado,Close list door usually city.,
46E92415-717,ACC58884978,C552248,6463.15,GBP,2026-09-19T09:08:45,cash_deposit,SY,James Buchanan,Herself act white everything provide today.,
23655AE5-82A,ACC33640702,C869440,10157.1,GBP,2026-09-19T09:12:56,card,VE,Stephanie Higgins,Mind team research help.,
5400F287-654,ACC95822412,C216739,42668.24,GBP,2026-09-19T09:18:20,cash_deposit,FR,Robert Savage,Age cover foreign ten whom.,
E48ACA08-27A,ACC21267237,C773971,14806.82,EUR,2026-09-19T09:22:23,cash_deposit,GE,Jordan Walker,Between which size author on be fly bill.,
1BD87BB2-93A,ACC22517517,C890170,6224.08,CHF,2026-09-19T09:24:08,swift,LA,Paul Taylor,Paper second become both.,domestic
885B9636-F80,ACC16150444,C793384,7201.2,GBP,2026-09-19T10:16:40,wire,KZ,Shannon Olson,Attack plant yes quality discover.,domestic
130C94B9-6DB,ACC95758349,C632323,25717.41,EUR,2026-09-19T10:19:33,swift,EE,John Scott,Practice cell buy notice always teacher.,cross_border
BD9F04C5-F65,ACC33640702,C869440,39862.21,CHF,2026-09-19T10:25:30,cash_deposit,MC,Robert Gray,Nation will tend mind page.,
8A051C83-AF8,ACC58884978,C552248,48542.91,GBP,2026-09-19T10:28:48,swift,RU,Fernando James,Issue per leg trouble property fast whether future.,cross_border
A7C0220B-466,ACC88320463,C518801,41496.38,EUR,2026-09-19T10:46:49,wire,ZW,Mary Hernandez,Become person perhaps hold too fund.,cross_border
104606E3-207,ACC55728776,C293319,21359.93,USD,2026-09-19T10:48:36,swift,CV,Jason Grant,Nation official former him later country forward miss.,domestic
58C9B4F1-C0F,ACC33763566,C532322,25936.01,GBP,2026-09-19T10:53:31,swift,MK,Jeffrey Leonard,Hold wall know finish.,cross_border
DCB5AE40-655,ACC65692629,C456385,47364.89,CHF,2026-09-19T11:01:05,sepa,VA,Sarah Thomas,Color nor believe statement.,
F64D7DE8-65C,ACC77834855,C612262,44440.75,CHF,2026-09-19T11:09:03,crypto,VC,Melissa Brown,Similar money training can late poor power.,
36F59869-771,ACC19943140,C705050,9993.15,GBP,2026-09-19T11:24:38,card,TW,Richard Deleon,Table practice identify agent will avoid.,
1E5E80C1-C77,ACC57683626,C319684,226.84,EUR,2026-09-19T11:44:17,cash_deposit,JO,Edward Ellison,Tough less position bed may conference one.,
D7EFE791-19F,ACC76500726,C402218,35922.96,GBP,2026-09-19T12:15:08,crypto,TG,Keith Anthony,Available find take imagine necessary concern leader.,
F869B74E-719,ACC75181648,C604740,26952.98,CHF,2026-09-19T12:40:02,card,ID,Brian Peters,Something method although ago.,
CD9336B8-4D4,ACC41068214,C402099,40678.99,EUR,2026-09-19T13:21:09,card,GQ,Cassandra Hall,Stock when figure the important stay go.,
31E94197-540,ACC87267850,C498858,6943.34,USD,2026-09-19T13:32:31,crypto,JO,Michael Holt,Sign east professional social find sell argue himself.,
601A0C90-82F,ACC44188276,C146542,3294.97,CHF,2026-09-19T13:47:20,card,BA,Nathan Blanchard,Common argue once decade.,
3FE18935-9EE,ACC73083727,C464863,6677.38,USD,2026-09-19T13:52:08,sepa,DZ,Eric Yoder,Gas yeah already family pattern end serious.,
005D97A1-A84,ACC16927215,C313446,9493.7,CHF,2026-09-19T14:09:10,card,PT,Jeffrey Humphrey,Civil factor animal bank.,
FE8E6068-114,ACC54058573,C392136,1753.11,CHF,2026-09-19T14:17:03,wire,KI,Carmen Villegas,Gun book tough sell surface development.,domestic
8E9702FA-DAB,ACC81691040,C864544,14715.94,USD,2026-09-19T14:21:17,wire,LT,Jennifer Newton,Federal right firm movie decade rate son.,cross_border
B9478026-954,ACC20200074,C720859,9576.82,GBP,2026-09-19T14:24:58,card,GM,Andrew Robinson,Moment enjoy expert could.,
A6D5AC14-019,ACC90585882,C944657,36822.53,USD,2026-09-19T14:27:58,wire,UA,April Crawford,Deal so question dog performance allow put.,domestic
ADBB00B0-5AE,ACC84813739,C361303,16707.05,USD,2026-09-19T14:28:25,cash_deposit,IR,Daisy Hill,Point detail Republican star government smile.,
81CC2B54-BAE,ACC61410126,C827659,37332.81,EUR,2026-09-19T14:38:35,card,SD,Jason Parker,Budget enough teacher keep.,
D933ADEE-9AC,ACC81691040,C864544,35047.09,GBP,2026-09-19T15:22:34,wire,UG,Brent Wallace,What attorney board sport side.,domestic
E3C52C57-6CF,ACC44188276,C146542,8808.75,CHF,2026-09-19T16:17:27,wire,HT,Douglas Gibson,Firm per food.,domestic
C769045E-816,ACC41329612,C377405,48092.4,EUR,2026-09-19T16:22:08,swift,DO,Stacey Wilson,Left place choice.,domestic
FED251C1-A33,ACC64038913,C863587,4300.27,EUR,2026-09-19T16:45:49,sepa,SB,Jennifer Fletcher,Last staff seat religious probably when.,
58A42C64-917,ACC99038526,C208618,1561.71,USD,2026-09-19T16:58:14,cash_deposit,NA,Lori Rice,One can ok note machine.,
01D489EE-5B8,ACC97225156,C491559,31941.96,GBP,2026-09-19T17:43:09,swift,SA,Tim Moore,Hundred about stop several.,cross_border
07115F5E-F7C,ACC12614124,C217301,24654.5,GBP,2026-09-19T17:50:06,wire,CD,Jeffery Johnson,Build hope oil alone practice price know.,domestic
EB64D775-113,ACC94560158,C738448,47634.2,GBP,2026-09-19T17:52:34,wire,MH,Brian Payne,Girl personal collection even picture.,cross_border
EF1DD917-389,ACC20099059,C824586,28007.64,USD,2026-09-19T17:56:41,card,NE,Patricia Stein,Range opportunity tonight him decide teach.,
7EB3FEF1-CAA,ACC30514014,C757924,35647.81,CHF,2026-09-19T18:32:33,sepa,SI,Micheal Fox,Resource manager environmental husband TV once already.,
46F3D275-A3E,ACC64247457,C639593,29959.82,CHF,2026-09-19T18:33:40,card,MK,Daniel Cox,Oil firm agent road smile look.,
722AF874-AB7,ACC65692629,C456385,22978.58,CHF,2026-09-19T18:39:37,card,FM,Anna Gill,Watch author woman less space three.,
447D573C-92D,ACC65177213,C589710,40375.73,GBP,2026-09-19T18:43:46,wire,HU,Tammy Terry,Guy score information former ball class loss.,cross_border
105EB5A8-A30,ACC67062156,C329471,9984.6,USD,2026-09-19T19:13:17,sepa,WS,Ashley Ward,Ahead cold add very moment arm its able.,
5246F0B6-81C,ACC77827638,C731262,10016.92,USD,2026-09-19T19:22:16,wire,LA,Mrs. Catherine Taylor,Already cut social though firm financial huge.,cross_border
DA2BD906-067,ACC86460539,C358175,37597.85,EUR,2026-09-19T19:22:33,swift,IR,Christopher Dalton,Raise she range author she finish small large.,cross_border
DB4B4FDE-A18,ACC25228493,C583863,274542.57,EUR,2026-09-19T19:26:59,crypto,TH,Joe Rocha,Exactly bad dream matter wish citizen.,
DA08084A-9E1,ACC67062156,C329471,564.54,CHF,2026-09-19T19:27:22,card,ES,Jamie Smith,Individual operation discover be better rate.,
8E3B0EC7-F89,ACC99889098,C850981,15833.54,CHF,2026-09-19T19:30:10,wire,WS,Alexandra Huff,Crime pull after season business drop.,domestic
2A58F467-531,ACC25312516,C962050,1632.75,GBP,2026-09-19T19:32:40,swift,AZ,Craig Clarke,He network development office pay.,cross_border
B86D26B6-0C7,ACC95822412,C216739,9975.36,EUR,2026-09-19T19:57:20,swift,RO,Nicholas Adams,Store beautiful think during let.,cross_border
6572E112-BCE,ACC68186525,C479781,1309.66,USD,2026-09-19T20:10:03,wire,TJ,James Adams,Something performance window score end.,domestic
4832112F-716,ACC72363359,C800005,31123.04,USD,2026-09-19T20:42:24,cash_deposit,CI,Amy Baldwin,Laugh card cell whose town such apply.,
0AA71676-EA6,ACC39042654,C874483,48503.71,GBP,2026-09-19T20:48:56,card,MK,Karen Garcia,Beautiful true own family attack test approach heart.,
BF9F6896-DD1,ACC47333543,C290305,28392.61,GBP,2026-09-19T20:57:36,wire,MM,David Kelly,Say discuss face economic evening.,domestic
988CEF53-4C5,ACC46361787,C421517,24555.2,GBP,2026-09-19T20:58:25,sepa,DZ,Rachel Padilla,Study ago source drive month security.,
4F9871D9-505,ACC92874006,C171744,40142.28,GBP,2026-09-19T21:32:08,swift,FJ,Melanie Roberson,Usually sport million former reason stock report.,domestic
81755DF0-182,ACC82287061,C607868,15515.89,CHF,2026-09-19T21:54:07,swift,PA,Janet Wilson,Past cup anyone some central save.,domestic
6DCF46AB-485,ACC83793389,C273148,18781.9,EUR,2026-09-19T22:45:24,swift,MM,Hannah Coleman,Nice young vote him condition section action kind.,cross_border
E4F50384-FB5,ACC94525678,C703634,7366.66,CHF,2026-09-19T22:51:50,cash_deposit,SC,Tina Kaiser,Third step common plan nation.,
CBC75344-D1E,ACC53536830,C934816,9821.99,USD,2026-09-19T22:51:51,sepa,KH,Diane Pope,Art effect woman politics.,
8E473717-F68,ACC19233013,C356150,28098.28,EUR,2026-09-19T22:54:03,cash_deposit,IL,Beth Schwartz,Team check behavior nation remain.,
194B32FF-B0F,ACC76344695,C992288,4457.19,USD,2026-09-19T22:55:33,swift,CU,Cynthia Stewart,Their computer exactly choose to.,domestic
248DD540-3EC,ACC41348220,C997594,47529.22,CHF,2026-09-19T23:23:48,wire,LC,Antonio Gonzales,Between federal figure several energy improve own.,domestic
86C48432-9CE,ACC99038526,C208618,3464.29,USD,2026-09-19T23:32:10,crypto,TD,Bridget Jensen,What figure present dinner.,
17B601A5-D1F,ACC69302158,C678478,26106.19,CHF,2026-09-19T23:50:57,card,BI,Linda Austin,Moment travel international page media word our.,
4D973FC4-617,ACC54769200,C908577,9978.12,GBP,2026-09-19T23:52:38,swift,SI,Emily Brown,Face on experience.,cross_border
219C50DE-165,ACC21490777,C353080,2345.68,GBP,2026-09-20T00:24:13,swift,TJ,Timothy Harper,Tree not safe main fall must.,cross_border
ACAC13FA-C61,ACC41348220,C997594,25010.4,USD,2026-09-20T00:41:38,cash_deposit,CU,Alexandra Owens,Himself bring this painting artist minute early.,
5DADF303-502,ACC98231132,C712024,23817.41,USD,2026-09-20T01:07:02,swift,CN,Tina Wilson,Reason good order often mouth east realize.,cross_border
6B3B3689-DA2,ACC97971488,C623481,31929.62,USD,2026-09-20T01:35:54,card,CH,Mark Lamb,Various risk art customer leg drive.,
F0A0141E-CC6,ACC72363359,C800005,9980.95,EUR,2026-09-20T01:39:41,cash_deposit,NZ,Molly Martin,Cold hit quickly big serious.,
1B02CE59-B52,ACC95822412,C216739,44271.84,GBP,2026-09-20T01:49:09,card,DM,Veronica Ferguson,Option production base investment term consider.,
BA128BF9-A24,ACC67062156,C329471,45562.12,CHF,2026-09-20T01:52:23,card,SO,Crystal Fox,Alone here look figure team.,
C38C7858-E53,ACC73123515,C120324,39344.44,USD,2026-09-20T02:01:30,cash_deposit,JM,Vanessa Reid,Section start around like call pressure.,
CAB6BE03-316,ACC72363359,C800005,48062.69,CHF,2026-09-20T02:07:59,cash_deposit,IR,Richard Frazier,Point themselves within indicate black.,
038FE207-ECE,ACC47346970,C888539,9989.91,CHF,2026-09-20T02:08:25,crypto,CF,Omar Vega,Edge tend situation follow ahead management.,
4B393C49-3F8,ACC46540265,C624783,43838.32,GBP,2026-09-20T02:13:01,swift,MH,Michael Skinner,Find center compare management age.,domestic
B19E633B-BB2,ACC42194159,C282256,39856.06,USD,2026-09-20T02:36:40,card,BD,Miss Angela Newman,Discussion country husband.,
07C65C1D-D4F,ACC65026398,C786587,10367.91,GBP,2026-09-20T02:48:15,cash_deposit,KW,Edward Shepherd,Young American board make hit east understand.,
4620EDC1-4E6,ACC76344695,C992288,4997.81,GBP,2026-09-20T02:52:42,wire,GR,Jessica Molina,More design effort report.,cross_border
A9858171-83C,ACC41244663,C205907,9977.59,CHF,2026-09-20T03:22:41,wire,BR,Amy Grant,State some around pay more same.,cross_border
CEB5AC34-E24,ACC92874006,C171744,25499.69,EUR,2026-09-20T03:37:40,crypto,VU,Brian Short,Bring head already anyone.,
07F01F2B-CDA,ACC95613415,C889359,33691.97,USD,2026-09-20T04:10:22,cash_deposit,CU,Veronica Pearson,Statement page lay.,
A2A4E609-801,ACC45551614,C246413,3339.22,USD,2026-09-20T04:19:45,sepa,UY,Edward Dawson,Strategy pull same somebody son suddenly.,
1E08CBB3-BA3,ACC77834855,C612262,26340.19,EUR,2026-09-20T04:57:45,crypto,BW,Brittany Maxwell,Statement start none increase nature structure.,
8468E6EE-440,ACC95320121,C974628,9978.94,USD,2026-09-20T05:01:10,card,UY,Jacqueline Christian,Listen clearly difficult impact why understand wear.,
C5AAE551-013,ACC94120751,C350867,7154.69,EUR,2026-09-20T05:02:35,swift,DJ,Daniel Anderson,Company know ten would debate soldier camera.,cross_border
8FE1037E-960,ACC95613415,C889359,10604.76,USD,2026-09-20T05:50:57,cash_deposit,LR,Sharon Brown,Table especially range would.,
64DFC65F-5BD,ACC39042654,C874483,24387.19,GBP,2026-09-20T05:51:02,cash_deposit,CU,Nicole Gill,Control relate top design true every performance.,
5F344685-A0E,ACC86460539,C358175,43698.79,GBP,2026-09-20T05:56:44,crypto,GD,Gina Brennan,Conference first always what.,
AA2FCDC3-7F4,ACC20099059,C824586,349759.26,EUR,2026-09-20T06:10:49,card,VE,Debbie Alexander,Open civil everything soon explain.,
A2F1EBC1-B38,ACC26941092,C596564,30442.84,EUR,2026-09-20T06:13:33,card,TO,Jeffrey Harris,Offer expect kitchen nothing perform pull near even.,
F38BE2B7-C44,ACC39958838,C246316,28674.25,EUR,2026-09-20T06:42:49,wire,SY,Deborah Hanson,Power system system teacher here first.,cross_border
CAE1EFBF-70A,ACC50071487,C978157,49935.54,CHF,2026-09-20T06:56:35,wire,CH,Jennifer Johnson,Citizen body require scientist.,cross_border
68BF4703-DC9,ACC84411983,C233470,28741.56,EUR,2026-09-20T07:12:29,swift,CY,Christian Nguyen,Service drop quality far of worry direction.,cross_border
D333624B-7D4,ACC65177213,C589710,19257.02,GBP,2026-09-20T07:13:55,card,US,Melissa Elliott,Laugh son home generation.,
7AAE0A20-47C,ACC34391257,C152727,23195.34,EUR,2026-09-20T07:57:01,swift,TO,Jodi Williams,Ever challenge born between Mrs.,cross_border
5A230544-AC8,ACC85146293,C526117,35917.27,EUR,2026-09-20T08:39:21,wire,BY,Andrew Ellis,Mission above seven sometimes future carry meet.,domestic
3E4BEDC3-128,ACC39587039,C571029,9977.58,CHF,2026-09-20T09:16:05,swift,TD,Adam Rodriguez,Think road shake hand.,cross_border
04CC1A8E-42C,ACC68461818,C965845,28583.18,EUR,2026-09-20T09:31:01,card,TO,Sharon Gonzalez,Reality create maybe ask.,
1CF38D11-2AA,ACC71662963,C662275,6607.82,CHF,2026-09-20T09:43:13,cash_deposit,BY,David Stokes,Water tonight pressure develop.,
A57066EA-D82,ACC99508850,C528231,2860.08,EUR,2026-09-20T09:58:37,wire,NP,Michael Davis,Member maybe land one marriage officer about try.,domestic
4FE6D48D-948,ACC38470244,C472060,30863.27,GBP,2026-09-20T10:45:27,cash_deposit,PE,Brandon Ballard,Growth mouth rise.,
0A53B7E6-1DE,ACC89864260,C171262,335.8,CHF,2026-09-20T11:03:15,cash_deposit,GD,Kristi Jordan,Two participant want end.,
049DB941-362,ACC54769200,C908577,5030.78,USD,2026-09-20T11:28:00,swift,BH,Patricia Mejia,Event party sport where.,cross_border
2ED0C4E8-CA9,ACC32775593,C790855,13937.34,EUR,2026-09-20T11:30:38,cash_deposit,LS,Pamela Davis,Lead discuss hospital himself animal visit race drug.,
C5285140-9EF,ACC70467027,C564226,40265.41,EUR,2026-09-20T11:36:24,sepa,SE,Andrew Smith,The condition write grow capital coach my.,
E57ACCA8-ACE,ACC85146293,C526117,40414.01,GBP,2026-09-20T11:41:46,crypto,BN,Kimberly Jackson,Soon buy where such form woman.,
B24122BC-CC1,ACC82160068,C323508,10158.32,GBP,2026-09-20T11:48:04,card,AD,John Hodges,Life watch black agree real.,
E3DC7631-9E3,ACC71115319,C437408,35120.38,EUR,2026-09-20T11:52:46,wire,SY,Brandon Thomas,Section third tough.,domestic
936B66BF-7FF,ACC82287061,C607868,46635.8,EUR,2026-09-20T12:12:13,wire,GE,Steven Bernard,Fact it wife discussion professional admit million.,domestic
74EF4F15-155,ACC73481797,C839485,2490.38,EUR,2026-09-20T12:27:20,wire,PG,Francisco Evans,Paper accept increase.,domestic
238E6988-03D,ACC77834855,C612262,29915.84,CHF,2026-09-20T13:16:55,cash_deposit,VA,Abigail Solis,Cut image move international mention.,
8AF0BB6F-C08,ACC53536830,C934816,29802.46,USD,2026-09-20T13:23:27,cash_deposit,AG,Jamie Cole,Economic way majority parent effect choose.,
8F99A882-F84,ACC69096899,C204555,14408.13,GBP,2026-09-20T13:29:46,wire,UG,Jessica Smith,Address example about cost indicate sea still.,domestic
27121F54-BB5,ACC97971488,C623481,39268.79,EUR,2026-09-20T13:49:19,crypto,DZ,Maxwell Roberts,Man reach each budget.,
00B5F437-890,ACC21819185,C429795,49619.23,GBP,2026-09-20T14:15:08,card,NR,Lisa Moore,Building have instead beat feeling require south.,
F0C216D1-A8A,ACC97225156,C491559,5143.46,EUR,2026-09-20T14:42:04,card,TO,Timothy Hill,Everybody provide painting travel.,
5EA06D5E-B98,ACC33640702,C869440,9979.33,USD,2026-09-20T14:49:57,crypto,SE,Andrew Brown,Good if enter summer draw know.,
3DD8D4A1-7FA,ACC75529051,C330080,40137.34,EUR,2026-09-20T15:12:11,card,GR,David Harrell,Read not stock more most almost.,
0F01DD44-2B0,ACC31980274,C426147,9787.81,USD,2026-09-20T15:15:54,card,PL,Rebekah Ramirez,Those positive product purpose.,
34F2A6E3-C04,ACC61642594,C500156,9975.91,CHF,2026-09-20T15:25:52,wire,RU,Lindsey Rogers,Yourself stage wait professor her arm.,domestic
D7FD6A72-62C,ACC63640499,C355836,43004.39,EUR,2026-09-20T15:43:57,swift,ME,John Mitchell DVM,Hospital some early fill executive apply itself.,domestic
DEE3E332-F8E,ACC47333543,C290305,21212.19,GBP,2026-09-20T15:44:00,card,MN,Stephanie Mcmillan,Cut medical hotel along believe beyond different.,
8F08A840-6D1,ACC39042654,C874483,22429.1,GBP,2026-09-20T15:48:00,swift,AL,Kevin Singleton,Kid knowledge population fast record fight education.,cross_border
5A5F2829-998,ACC77827638,C731262,33395.31,EUR,2026-09-20T15:49:22,swift,ST,Paul Lee,Television answer pretty event son join.,domestic
212BF203-E9C,ACC83793389,C273148,9995.69,GBP,2026-09-20T15:50:21,cash_deposit,VE,Aaron Hall,Before sound chair close themselves.,
FCFCCA26-C7F,ACC95758349,C632323,18191.86,EUR,2026-09-20T15:50:44,card,NR,Daniel Johnson,Establish player base attorney if fear.,
28DC8492-350,ACC61642594,C500156,16218.5,EUR,2026-09-20T15:52:25,wire,NO,Norma Myers DDS,Executive type red nature best.,domestic
A8C7BFB5-AD7,ACC64038913,C863587,49768.21,CHF,2026-09-20T15:53:34,card,CR,Zachary Swanson MD,Specific skill point early Mr international although blood.,
D3A5795B-3EB,ACC54769200,C908577,29648.35,USD,2026-09-20T16:10:51,crypto,PH,Sharon Sanchez,Nearly person concern line discussion if similar.,
EA81F2F4-FAC,ACC53536830,C934816,3147.79,USD,2026-09-20T16:30:48,wire,PY,Harold Lee,Drug remain soldier watch size bit car.,cross_border
9972A311-803,ACC25480907,C373903,3956.21,GBP,2026-09-20T16:45:30,card,KW,Phillip Ellis,Outside so lawyer environment development tax visit.,
767F254F-B15,ACC50785405,C400850,45289.79,CHF,2026-09-20T16:50:52,crypto,BT,Alicia Hansen,Smile education wear believe ready.,
A074E9BC-A21,ACC76344695,C992288,9981.28,USD,2026-09-20T17:23:25,wire,KP,Phillip Jones,Ahead manage effort beat help agent.,domestic
85F39C53-169,ACC35487660,C411120,30430.37,USD,2026-09-20T17:32:09,card,CV,Eric Ryan,Top rise audience election animal.,
D7F1EAFF-44B,ACC69476001,C947272,47875.01,EUR,2026-09-20T17:32:46,card,RS,Tammy Hendrix,Record own shoulder enjoy however model move.,
2C38D14C-8A7,ACC13471527,C195763,40661.38,EUR,2026-09-20T17:45:18,card,SN,Frank Garcia,Class per exactly run trouble mean.,
D8070483-2A5,ACC65259205,C941204,28712.7,EUR,2026-09-20T17:45:44,card,NE,Anthony Elliott,Call role management space eight.,
A215CF13-F3A,ACC19233013,C356150,31276.33,EUR,2026-09-20T17:50:23,card,CY,Jason Miller,Other last week simply fire radio.,
CC975025-2FB,ACC83793389,C273148,12785.17,GBP,2026-09-20T18:20:06,cash_deposit,MV,Ryan Stewart,Third success western watch.,
36EEE044-6AC,ACC19584466,C162535,2185.74,EUR,2026-09-20T18:33:28,card,AU,Tracy Bradford,Front recently main paper ball.,
A273780D-33F,ACC12614124,C217301,163.76,EUR,2026-09-20T18:37:16,crypto,TL,Alex Mccann,Color set act goal.,
92355006-7F2,ACC84813739,C361303,47692.87,USD,2026-09-20T18:53:16,wire,RW,Connie Graham,Either huge join kitchen live different.,domestic
7DCEA36D-259,ACC22660194,C201639,36526.53,USD,2026-09-20T18:59:28,wire,ET,Daniel Thompson,Plant must sound certainly camera member technology.,cross_border
A018FEEC-BBB,ACC30514014,C757924,35892.38,CHF,2026-09-20T19:02:20,crypto,TL,Kenneth Collins,Maybe range every account central.,
04CF58A5-557,ACC32097220,C497382,30672.78,EUR,2026-09-20T19:48:31,swift,GH,Stephanie Peterson,Analysis effort news behind forward.,cross_border
A24EBA59-8D8,ACC19233013,C356150,30632.13,EUR,2026-09-20T19:58:44,sepa,SD,Jennifer Powers,Something military very.,
19C56140-CF8,ACC41244663,C205907,39262.69,CHF,2026-09-20T20:10:56,cash_deposit,FM,Brittney Townsend,Citizen before peace us young.,
51B3AD06-A08,ACC70467027,C564226,44239.91,GBP,2026-09-20T21:26:23,crypto,AR,Philip Marshall,Dream international western thing finally.,
EC0346CA-828,ACC69476001,C947272,40081.78,EUR,2026-09-20T21:32:43,card,NL,Tiffany Davis,Language fish administration per well change.,
76B2F875-CBF,ACC99038526,C208618,25322.58,EUR,2026-09-20T21:46:28,crypto,CI,Kyle Moore,Fear land answer all pick all political term.,
EB3C3CAA-48F,ACC99508850,C528231,32709.45,USD,2026-09-20T21:49:59,wire,BS,Melissa Gomez,Candidate garden matter whose born whom.,cross_border
2417ECDC-621,ACC24366125,C878480,31459.78,GBP,2026-09-20T21:59:43,crypto,AF,Dominic Dawson,Lose recently so tell quickly.,
27B2F3D6-E32,ACC94560158,C738448,22157.01,EUR,2026-09-20T22:05:39,crypto,OM,Benjamin Contreras,Rather worker exist beautiful type.,
1BF6187B-D0C,ACC55176955,C207175,7629.05,GBP,2026-09-20T22:15:37,card,MG,Nathan Chavez,Feel special boy support.,
9229D7E7-850,ACC95758349,C632323,7176.94,EUR,2026-09-20T22:23:35,wire,ME,Jesse Gardner,Certainly degree nothing write similar artist speak.,domestic
740FD18A-BEA,ACC14265799,C131244,17093.2,GBP,2026-09-20T22:27:17,sepa,BI,Ivan Wheeler,Mean war analysis situation term miss leader.,
E7640AB7-50F,ACC17774584,C352572,22708.24,CHF,2026-09-20T22:50:38,wire,GD,David Ingram,Black thing rock himself wind.,cross_border
55BD6700-33B,ACC20099059,C824586,6744.0,USD,2026-09-20T23:01:28,wire,BI,Michelle Hancock,Wide movie heart eight poor attack.,domestic
EB02FFA2-B85,ACC97260863,C171951,24717.01,USD,2026-09-20T23:07:41,swift,TR,Elizabeth Bowman,Material new success deep model two politics.,cross_border
C50137FD-3D4,ACC16150444,C793384,19334.42,EUR,2026-09-20T23:08:19,sepa,IE,Anne Garner,Guess night use election after.,
1EA74CB1-482,ACC16150444,C793384,15554.36,EUR,2026-09-20T23:10:33,card,EE,Daniel Berry,Water raise travel material.,
9DAC2E4C-996,ACC99788677,C608993,47589.63,CHF,2026-09-20T23:30:48,crypto,LI,Brenda Stone,Sound indicate actually final city piece range.,
6263D6CE-C20,ACC52091325,C159942,589.32,GBP,2026-09-20T23:40:50,cash_deposit,CU,Anthony Arnold,Far camera unit without career watch arrive become.,
78545CD7-52C,ACC46361787,C421517,47741.04,EUR,2026-09-20T23:52:23,swift,SI,Amanda Pollard,Pass bag social vote yeah.,cross_border
D9BE5BAE-135,ACC32097220,C497382,14754.13,CHF,2026-09-21T00:31:41,card,SV,Amber Williams,Director brother toward because ok both.,
2D924F2C-CE4,ACC75529051,C330080,4670.74,USD,2026-09-21T00:43:18,wire,YE,Joseph Harrell,Almost law recently agency bank couple.,domestic
C5FFA5B5-144,ACC20200074,C720859,9977.12,CHF,2026-09-21T00:51:28,card,ER,Michael Russell,Data doctor road power.,
99B9912C-485,ACC39587039,C571029,9621.29,GBP,2026-09-21T01:15:25,swift,PY,Nicole Mitchell,Position traditional become off movement.,cross_border
10C36F09-DC2,ACC84411983,C233470,17472.89,GBP,2026-09-21T01:25:12,card,CU,Laura Cruz,Throw present history.,
89B8C923-40B,ACC75529051,C330080,15108.75,GBP,2026-09-21T01:30:41,card,YE,Shane Duncan,Unit his parent.,
9714D87F-1A9,ACC73083727,C464863,33157.7,USD,2026-09-21T01:40:17,cash_deposit,NE,Daniel Jones,Include keep control central.,
64069320-96A,ACC22660194,C201639,47283.36,CHF,2026-09-21T01:48:57,card,BJ,Victoria Knight,Phone including personal visit still.,
B855F5A0-73C,ACC20099059,C824586,7972.13,GBP,2026-09-21T02:07:49,card,ZM,Christine Sanchez,Cup main much one.,
035E95DF-980,ACC19233013,C356150,29696.31,CHF,2026-09-21T02:08:11,swift,NZ,Richard Smith,Entire lot probably single gun under television.,cross_border
8FD02599-D44,ACC40742311,C961722,32366.49,EUR,2026-09-21T02:52:01,wire,RW,Ryan Norman,Music about west stand.,domestic
2907FC3A-BBA,ACC86483924,C739979,4209.21,GBP,2026-09-21T03:05:40,cash_deposit,CL,Gary Johnson,Everything stay fund.,
424AC372-F84,ACC23492385,C973074,37676.75,GBP,2026-09-21T03:11:02,wire,CH,Scott Hooper,Ability commercial just.,domestic
732AC14D-6FA,ACC21819185,C429795,46490.69,CHF,2026-09-21T03:17:11,sepa,GD,Elizabeth Wilson,Career argue medical wait decision.,
4BBC9B8D-4DB,ACC69476001,C947272,44652.75,GBP,2026-09-21T03:30:52,wire,DM,April Contreras,Its hospital those artist area street shake.,domestic
75205BA4-3AB,ACC21631697,C392477,9047.62,CHF,2026-09-21T03:36:13,card,GE,Chase Wilkinson,Couple build participant friend successful.,
5E6DD47C-AB8,ACC58884978,C552248,119976.67,CHF,2026-09-21T03:44:48,wire,KE,Jennifer Kramer,Imagine TV attorney growth never I.,cross_border
C5391A7B-FA0,ACC84411983,C233470,33002.64,CHF,2026-09-21T04:01:24,wire,CH,Calvin Erickson,Lot plan order agent result.,domestic
8CFE529E-9DE,ACC39587039,C571029,38350.28,GBP,2026-09-21T04:05:30,cash_deposit,VC,Patricia Morrow,By first avoid letter.,
55BAFB27-D7F,ACC17774584,C352572,15026.66,CHF,2026-09-21T04:20:23,swift,TG,Debra Williams,Market different go.,cross_border
E50C3508-F6F,ACC43273328,C335612,49008.8,USD,2026-09-21T06:27:47,crypto,RS,Leslie Crane,Sit hope where.,
1B43F266-61F,ACC93955206,C321275,2093.05,EUR,2026-09-21T06:55:55,sepa,YE,Mr. Rodney Clark,Final garden ever task.,
F41D8E68-E59,ACC99889098,C850981,12072.22,USD,2026-09-21T07:00:49,card,EC,Christina Mitchell,Itself firm artist consider knowledge figure force.,
A2C40021-56F,ACC19289546,C897549,330561.34,CHF,2026-09-21T07:41:12,crypto,MK,Kristin Ortiz,Voice everybody particular finish ask conference she everybody.,
0A55F26F-5A6,ACC45351479,C624902,36432.99,GBP,2026-09-21T08:11:37,crypto,CU,Stephanie Ochoa,Forward choice argue reality physical.,
1A4EE426-9C0,ACC82287061,C607868,33538.85,GBP,2026-09-21T08:23:00,wire,SK,Joseph Aguirre,Sort assume value suffer his.,domestic
70F0F84C-019,ACC88183110,C679364,43543.37,EUR,2026-09-21T08:54:24,wire,MD,Tammy Gonzalez,Article kind bar available still respond everything cover.,cross_border
461D2EAB-858,ACC35714784,C299448,37687.08,CHF,2026-09-21T09:01:10,swift,ET,Annette Bowers,Positive arm piece why ago change government.,cross_border
4A70B0B2-F49,ACC64830300,C572387,14999.1,EUR,2026-09-21T09:06:17,crypto,LI,Katherine Sullivan,Situation assume your everyone serious somebody.,
F01BEB48-D16,ACC35714784,C299448,26092.21,EUR,2026-09-21T09:34:38,card,AD,Brian Torres,Economy source only pick prove whether.,
5F60EE70-0CE,ACC65026398,C786587,11318.99,GBP,2026-09-21T09:38:52,sepa,KW,Dean Allen,Outside know allow state skin.,
BDA1C386-993,ACC24508349,C501124,8859.69,GBP,2026-09-21T10:29:06,card,AZ,Gabriel Swanson,Possible remain police fill worker.,
22C48A40-E0C,ACC84903294,C901577,12588.04,CHF,2026-09-21T10:44:54,card,DK,Crystal Mason,Activity figure since finally pretty exist total.,
46579DF5-0B0,ACC20200074,C720859,9321.45,USD,2026-09-21T10:48:21,card,GQ,Regina Brady,Increase assume science expert.,
3575687C-FE2,ACC68812137,C974244,13510.64,USD,2026-09-21T10:52:44,card,TW,Mrs. Sarah Lindsey,Summer such PM number catch brother.,
625A917D-B6F,ACC19233013,C356150,40667.96,USD,2026-09-21T10:58:18,card,BZ,Nathan Anderson,Talk ever five property meet truth.,
5A8AE383-557,ACC64247457,C639593,40096.56,EUR,2026-09-21T11:18:22,swift,BF,Angela Chapman,Nothing mind staff more.,cross_border
471C9063-B0A,ACC33357554,C745414,8108.15,EUR,2026-09-21T11:40:37,wire,LU,Joseph Rodriguez,Attention talk specific.,cross_border
6DA2D34F-ABA,ACC46361787,C421517,9994.36,GBP,2026-09-21T12:45:33,card,CD,Justin Booker,Audience arm interview foreign well.,
1EB87FB2-354,ACC36726767,C254511,5606.44,CHF,2026-09-21T13:03:53,crypto,SA,Kristine Ellis,Avoid by feeling few floor.,
A1FB8AB9-19C,ACC65177213,C589710,25015.8,USD,2026-09-21T13:24:40,cash_deposit,ZA,Colleen Herman,Understand management bag least.,
F4230931-400,ACC36786211,C956253,14942.68,CHF,2026-09-21T13:40:51,wire,NL,Ana Perry,Material among nation suffer.,cross_border
D190DFEE-329,ACC41329612,C377405,32164.72,GBP,2026-09-21T14:09:29,crypto,MU,Tiffany Kelly,Kid main behavior safe same life doctor.,
1CB3A68F-30A,ACC71662963,C662275,49889.38,EUR,2026-09-21T14:22:42,crypto,CO,Ashley Jenkins,As pressure actually.,
EB312E4C-0DA,ACC46361787,C421517,17679.13,GBP,2026-09-21T14:27:43,card,LC,Gregory Carter,Place possible around shoulder.,
CB38611B-A16,ACC50071487,C978157,26574.21,CHF,2026-09-21T14:53:43,cash_deposit,NI,Corey Wright,Mouth foreign out.,
D182164E-6D8,ACC69476001,C947272,18887.67,CHF,2026-09-21T14:53:55,wire,LU,Tony Price,Commercial watch develop reason gas part rather.,cross_border
68F74763-2A9,ACC50079111,C890075,47825.56,USD,2026-09-21T15:03:39,card,QA,Jeffrey Moore,Develop ever lawyer hard.,
FD336769-381,ACC90267122,C141797,11925.7,CHF,2026-09-21T15:16:50,wire,SY,Melissa Anderson,Worker interest its machine from large court.,cross_border
D5F82676-6DA,ACC63640499,C355836,13981.85,EUR,2026-09-21T15:18:02,crypto,NE,Jason Tapia,Whether call factor statement.,
71F60AAE-6B4,ACC84093639,C407419,44228.75,CHF,2026-09-21T15:21:57,crypto,LK,Amanda Juarez,As hard amount deal traditional.,
0675EF3B-B54,ACC72363359,C800005,16076.64,CHF,2026-09-21T16:18:19,cash_deposit,VE,Roy White,Page today we best significant magazine.,
2AF60E50-DDC,ACC99943797,C209680,46958.63,EUR,2026-09-21T16:23:46,sepa,PK,Amanda Lee,Sea four rest medical strategy future room.,
959D6BC5-B95,ACC73900135,C777278,38300.91,EUR,2026-09-21T16:45:20,sepa,AO,Rebecca Guerra,Like camera red low individual send.,
36F81208-893,ACC73481797,C839485,29806.75,EUR,2026-09-21T17:00:45,crypto,AG,Jose Vance,Job certain area central.,
842E7641-82A,ACC44188276,C146542,28324.07,CHF,2026-09-21T17:09:05,wire,SI,Kimberly Garcia,Cell ask serve example will effort rock evidence.,domestic
EA82E05B-917,ACC99038526,C208618,15120.81,CHF,2026-09-21T17:38:23,crypto,TN,Jessica Dunlap MD,Next per by visit vote.,
D21B8C0D-D3F,ACC19289546,C897549,19505.78,EUR,2026-09-21T17:42:17,crypto,CZ,Morgan Campbell,Play become might rich degree.,
26B4A6BA-E22,ACC46361787,C421517,8623.42,GBP,2026-09-21T17:46:40,card,HU,Joe Rice,Street opportunity necessary live recently live.,
B262C9FC-984,ACC17634247,C632496,16257.77,GBP,2026-09-21T18:00:49,cash_deposit,TR,Hailey Ball,Good throw process degree doctor college policy side.,
5C5200AF-007,ACC68186525,C479781,44663.65,USD,2026-09-21T18:08:42,sepa,BD,Erik Stevens,Boy nation economic condition job.,
9FD64A3B-03A,ACC42614537,C922733,47631.29,USD,2026-09-21T18:08:56,sepa,LB,Miss Kimberly Holloway,Whatever our build safe save.,
1881D4D8-97A,ACC86460539,C358175,16657.27,USD,2026-09-21T18:13:37,swift,BE,Andrew Soto,Our good onto people edge.,domestic
4C7C1C1A-BAF,ACC82498004,C184491,20721.83,EUR,2026-09-21T18:32:43,sepa,EE,Troy Williams,Federal seat general dark drop deal music character.,
1B202739-C46,ACC47333543,C290305,8318.12,GBP,2026-09-21T18:39:51,card,ER,Jennifer Buchanan,Pay teach character generation stock.,
D1F4DEAF-BA7,ACC19584466,C162535,28279.03,USD,2026-09-21T18:43:34,wire,TL,Kristy Moyer,Thus imagine myself husband Congress senior.,domestic
7A74F73B-D99,ACC32097220,C497382,44781.0,CHF,2026-09-21T18:54:11,card,BE,Derek Hall,Several join decision read.,
E1A3BE31-1B9,ACC61410126,C827659,44682.46,CHF,2026-09-21T19:50:23,card,LC,Natalie Hernandez,Boy system turn lose crime in.,
AB9EEA5D-97B,ACC64830300,C572387,19565.23,EUR,2026-09-21T20:02:15,card,CA,Chad Perez,Ready look environmental place why future.,
CBD4E5CB-A33,ACC92874006,C171744,22919.96,GBP,2026-09-21T20:21:00,sepa,LK,Casey Wong,Low size research area.,
4356D0A3-AB3,ACC21267237,C773971,27309.76,USD,2026-09-21T20:21:26,card,GM,Marissa Johnson,Specific oil these to.,
3EE4F2B9-E9E,ACC77827638,C731262,13646.84,EUR,2026-09-21T20:23:42,cash_deposit,NO,Jennifer Lewis,Box involve exist question main project animal.,
F8E4BD54-F4E,ACC97971488,C623481,17782.33,GBP,2026-09-21T20:48:54,wire,BB,Amy Mosley,Own test too imagine guy price.,cross_border
C4B9BF5F-63F,ACC13895645,C507746,6259.83,GBP,2026-09-21T20:49:00,wire,MA,Michael Collins,Suddenly throw about color really.,cross_border
3B0A3741-1E2,ACC45935572,C169403,3810.68,GBP,2026-09-21T21:31:45,cash_deposit,LR,Melissa Wilkinson,Leader note together fill smile dinner.,
EF43B88A-934,ACC99889098,C850981,24729.7,EUR,2026-09-21T21:33:14,swift,PW,Alfred Moore,Instead she her above trial far miss help.,domestic
A50C51E7-D1A,ACC97260863,C171951,37506.68,CHF,2026-09-21T21:59:03,cash_deposit,DJ,Emily Glenn,Commercial public help me age national.,
C7F885EC-D28,ACC65177213,C589710,11963.14,CHF,2026-09-21T22:23:42,sepa,GW,Katherine Mullen,Degree involve dog during source from our order.,
0B273646-6E1,ACC90014570,C835244,4170.39,GBP,2026-09-21T22:29:48,cash_deposit,TV,Brian Munoz,Southern oil today social brother management total.,
96019947-E5A,ACC45570755,C455007,23846.13,GBP,2026-09-21T22:51:40,card,AM,Laurie Duncan,President those within ahead administration safe.,
AC384130-8B6,ACC84411983,C233470,35847.64,EUR,2026-09-21T23:12:02,card,KH,Lori Smith,Despite big model represent phone sell reach.,
2DD4C10A-34C,ACC24508349,C501124,9094.45,GBP,2026-09-21T23:13:36,sepa,BF,Travis Allen,Generation growth less by.,
A83904E3-08E,ACC53536830,C934816,21679.1,EUR,2026-09-21T23:13:50,card,SV,Chelsea Anderson,Though follow minute serious shake school town.,
AAFE0CCC-036,ACC95613415,C889359,19273.99,USD,2026-09-21T23:25:40,wire,AF,James Day,Tough big old better old.,domestic
0D315596-BB9,ACC84093639,C407419,9112.27,USD,2026-09-21T23:26:49,card,KP,Casey Obrien,Teach cause Mrs enjoy though.,
1CBFD776-6B4,ACC77834855,C612262,18404.7,CHF,2026-09-21T23:27:50,card,TR,Don Branch,Environmental decide home establish actually fish amount.,
CEF973B1-8FD,ACC43273328,C335612,16448.78,EUR,2026-09-21T23:36:35,swift,MA,William Willis,Big policy everybody hard.,domestic
60EEA2F5-956,ACC20099059,C824586,44175.18,USD,2026-09-21T23:38:57,card,CG,Joanne Baker,While part choice leg.,
B79B585A-564,ACC95613415,C889359,26617.42,USD,2026-09-21T23:45:15,card,KP,Glenn Washington,Special area by together scientist energy forget.,
A89C4EDA-002,ACC58181396,C988662,34237.99,USD,2026-09-21T23:58:46,cash_deposit,NZ,Carrie Novak,Skin development open compare fill read camera rock.,
0AC2108E-E62,ACC52091325,C159942,37105.83,CHF,2026-09-22T00:09:13,sepa,IT,Miss Monique Middleton,Security at wind what officer report red.,
DDBD3B98-5B7,ACC82287061,C607868,42214.31,GBP,2026-09-22T00:27:28,swift,LI,Carl Jones,Interesting here cost particularly short small professional.,domestic
E6296485-A59,ACC44392446,C904150,44308.24,CHF,2026-09-22T00:48:13,wire,GH,William Huerta,Mr account all speak wife four media much.,cross_border
8489CF13-2BD,ACC19584466,C162535,23394.75,CHF,2026-09-22T00:55:17,sepa,BR,Sherry Braun,Country perform understand same glass education.,
965326CA-278,ACC41068214,C402099,44269.28,EUR,2026-09-22T01:14:07,sepa,RO,Michael Carter,Continue program our option room center.,
9C6D1B74-57E,ACC16927215,C313446,48329.51,USD,2026-09-22T01:23:16,wire,SA,Andrew Aguirre,Size few least fall hold consumer work.,domestic
879F656A-B70,ACC72363359,C800005,6753.07,EUR,2026-09-22T01:28:29,card,DJ,Tony Robbins,Two star paper close which road.,
D593482B-ED2,ACC39958838,C246316,41602.98,CHF,2026-09-22T01:43:17,card,VC,Amanda Jones,Range explain dinner bed within set region beyond.,
B8A37691-C75,ACC93955206,C321275,18098.86,GBP,2026-09-22T01:49:17,wire,IR,Michael Webster,Fall more first one.,cross_border
5A9929A0-B9F,ACC55176955,C207175,792.75,USD,2026-09-22T01:56:50,card,PH,Aaron Schroeder,Room learn professional group.,
CF2AE253-A9E,ACC73123515,C120324,45719.83,EUR,2026-09-22T02:05:10,swift,NP,Brandon Barber,Network discussion only bring.,domestic
CF758A46-E66,ACC26941092,C596564,27528.43,CHF,2026-09-22T02:08:22,swift,IE,Leslie Kelly,Speech create seven wait.,cross_border
3218D464-B46,ACC83089925,C335729,7022.22,EUR,2026-09-22T02:18:42,card,MZ,Kelly Bridges,Appear adult close expert seem support despite.,
033CA6DF-3F2,ACC96098221,C634150,4582.43,USD,2026-09-22T02:29:05,card,DE,Aaron Little,Both protect ten language place leader goal.,
24492610-284,ACC21267237,C773971,29897.69,EUR,2026-09-22T02:29:26,swift,OM,Alexis Flores,Truth focus wall million take.,cross_border
B8BB47A8-75D,ACC70467027,C564226,754.5,USD,2026-09-22T03:08:12,crypto,GT,Randall Heath,Marriage head pass seem day citizen rise.,
BA4EC522-263,ACC32775593,C790855,12772.41,CHF,2026-09-22T03:11:34,sepa,NL,Gary Willis,Top us since issue enjoy safe.,
0FF06418-0A3,ACC19289546,C897549,6199.41,USD,2026-09-22T04:34:49,cash_deposit,RO,Melissa Johnson,Medical three situation article sign.,
AC4BDE1B-F7F,ACC18357162,C316881,46190.96,CHF,2026-09-22T04:38:02,card,TG,Brandon Lopez,Throughout prove notice spring.,
E7110541-E82,ACC45935572,C169403,35583.18,CHF,2026-09-22T04:40:16,card,SK,Cindy Wells,Evidence role save east force often through.,
A4E3A733-B4C,ACC83932360,C114338,45451.62,USD,2026-09-22T05:15:37,wire,KG,Michael Evans,Card store fire knowledge sport best right.,domestic
4B326711-DA9,ACC39958838,C246316,38210.4,EUR,2026-09-22T05:39:57,cash_deposit,KM,Jill Washington,Necessary myself lay focus country recently.,
F0C0E834-F86,ACC90014570,C835244,6449.78,USD,2026-09-22T05:59:28,wire,SZ,Maria Phillips,Less open just military factor record leg.,cross_border
A8971F1B-A24,ACC67062156,C329471,10621.81,GBP,2026-09-22T06:01:16,wire,QA,Sandra Stevenson,Win street join business chance.,cross_border
0FE7520A-8AF,ACC21490777,C353080,3048.79,USD,2026-09-22T06:24:34,cash_deposit,BT,Michael Martin,Television upon subject together minute.,
AE7C245E-94F,ACC18357162,C316881,6372.82,EUR,2026-09-22T06:31:17,crypto,ML,Joshua Wilson,Reach talk customer.,
4C0071A8-339,ACC72409658,C563246,39494.8,USD,2026-09-22T06:31:26,swift,AL,Ashley Glenn,Behind bank particular.,domestic
01088A8B-C27,ACC41244663,C205907,15611.49,GBP,2026-09-22T06:43:06,swift,KP,Cody Bailey,Every story trial never attention choice fast.,cross_border
E97DBA52-9BD,ACC94120751,C350867,198.97,EUR,2026-09-22T06:43:11,sepa,NO,Martin Cooper,Sea traditional recently.,
EFF01BD0-14C,ACC48349783,C345884,3220.06,EUR,2026-09-22T07:49:38,wire,GR,Gregory Barker,Produce choice economy gas.,cross_border
B30826D3-0DE,ACC41329612,C377405,13048.13,CHF,2026-09-22T08:06:43,card,KI,Emily Little,Rule daughter foot act system.,
86D0FF2F-349,ACC65682626,C527398,13382.88,USD,2026-09-22T08:45:40,wire,MH,Tamara Welch,Age woman perhaps support field.,cross_border
4A8F25A4-A45,ACC66722344,C456778,4632.28,USD,2026-09-22T08:51:04,swift,MD,Rachael Nguyen,Staff hotel box nor or.,domestic
2D5228CF-286,ACC44188276,C146542,34968.53,CHF,2026-09-22T08:59:47,card,SY,Ryan Butler,Position though week.,
5424ABD0-998,ACC33357554,C745414,40606.13,EUR,2026-09-22T09:00:02,wire,CH,Elizabeth Moore,State market car beautiful visit focus.,domestic
72ED17E7-362,ACC86320155,C751194,41990.71,EUR,2026-09-22T09:00:47,swift,BT,Brandon Smith,Analysis apply trouble the join.,cross_border
FD6BACA4-196,ACC83534128,C567574,8158.84,CHF,2026-09-22T09:06:43,wire,GB,Carrie King,Explain only there wrong community kid.,domestic
2109BB84-23E,ACC86320155,C751194,25942.81,EUR,2026-09-22T09:18:36,wire,FI,Patrick Campbell,Hold usually floor black cup.,cross_border
0168C18D-E53,ACC94525678,C703634,12742.01,GBP,2026-09-22T09:23:05,card,BY,Stephen Whitehead,Down care term main.,
296E87A2-401,ACC22660194,C201639,2061.54,CHF,2026-09-22T09:36:40,card,GD,Kathryn Bell,Red technology himself much better.,
50F0D3E4-CD6,ACC21490777,C353080,48399.31,GBP,2026-09-22T09:43:54,wire,BO,Ashley Bailey,Race condition whose baby.,domestic
2333B44B-0FF,ACC84903294,C901577,22073.96,GBP,2026-09-22T10:04:35,wire,SY,Thomas Walls,Tend foot store everyone whose family.,cross_border
0EEE8C51-128,ACC82498004,C184491,25833.75,EUR,2026-09-22T10:14:51,wire,YE,Donna Hatfield,Summer challenge away glass themselves.,domestic
15B8FEB8-FC8,ACC97971488,C623481,29545.64,GBP,2026-09-22T10:20:42,card,GQ,Jennifer Mills,Budget house reason within.,
7CE218D8-230,ACC63121477,C237235,25442.19,EUR,2026-09-22T10:23:26,swift,ZA,Natalie Cline,Total ability decade design article adult.,domestic
0F74A328-3E4,ACC68571795,C735656,12398.14,GBP,2026-09-22T11:00:01,card,AD,Claudia Silva,Course resource may executive.,
FDECC1B5-3DB,ACC61642594,C500156,19444.49,CHF,2026-09-22T11:04:06,cash_deposit,ZW,Michael Wiggins,Short over popular help response save high.,
453D2A8A-8BE,ACC41244663,C205907,32725.19,GBP,2026-09-22T11:09:18,card,ME,Alec Williams,Against win example by just account bed.,
4ACE3742-B81,ACC75181648,C604740,22453.91,EUR,2026-09-22T11:14:30,card,IS,Robert Thompson,Agent north consider mother month.,
79E9EDBA-24B,ACC58884978,C552248,21337.25,GBP,2026-09-22T11:17:58,swift,IR,Jason Wong,Fear the goal could artist.,cross_border
05D07123-C49,ACC76481885,C138817,11223.55,GBP,2026-09-22T11:48:47,card,UY,Chad Horton,Chance set detail majority energy.,
DCF3AB9C-D71,ACC47333543,C290305,37578.7,CHF,2026-09-22T12:16:36,wire,GQ,Christine Villegas,Understand central again woman anything blood reach account.,domestic
3495E811-A68,ACC14265799,C131244,18201.26,USD,2026-09-22T12:37:11,card,KI,David Medina,Law provide sea watch industry score.,
3872485A-225,ACC22130508,C555052,33640.3,EUR,2026-09-22T12:40:25,card,CN,Annette Daniel,Other do responsibility nor none opportunity.,
9DD0B259-BD2,ACC16150444,C793384,30252.91,CHF,2026-09-22T12:42:49,sepa,BR,Pamela Weaver,Summer he firm.,
589F0001-C00,ACC72732043,C233827,9661.46,GBP,2026-09-22T13:06:59,card,SR,Adam Harmon,Wide pay approach could kitchen certain picture.,
7F435C7F-A58,ACC82287061,C607868,33533.1,GBP,2026-09-22T13:17:17,swift,KZ,Jennifer Boone,Lose himself hospital top interview single.,domestic
9DD3C828-608,ACC21267237,C773971,9997.13,USD,2026-09-22T13:18:34,swift,BW,Terrence Murray,Bit practice already billion call degree.,cross_border
9F051885-635,ACC16927215,C313446,26694.65,EUR,2026-09-22T13:26:15,swift,LI,Connor Griffith,End from fast.,cross_border
384B1353-8B6,ACC97971488,C623481,3011.22,GBP,2026-09-22T13:36:42,card,IS,Andrea Reese DDS,Job election rather window stand health run.,
65424BE2-3BF,ACC39042654,C874483,31629.83,USD,2026-09-22T13:53:57,sepa,CR,Tonya Long,My produce paper modern certainly again.,
7BED09CA-5D1,ACC72732043,C233827,3881.49,USD,2026-09-22T13:57:50,wire,VN,Megan Bailey,World firm let tree person travel.,domestic
E8388775-74D,ACC86483924,C739979,26347.49,CHF,2026-09-22T14:13:49,wire,NG,Lisa Young,Last everything street receive.,domestic
58A412FE-B28,ACC83793389,C273148,2442.07,CHF,2026-09-22T14:28:05,swift,BH,Eric Morgan,Already ready out the.,domestic
60DD2568-8F5,ACC45570755,C455007,24612.82,CHF,2026-09-22T14:32:48,wire,GA,Amy Little,Picture allow east.,cross_border
88A53ED1-6C7,ACC38195995,C815198,46759.35,GBP,2026-09-22T14:43:55,card,IE,Stephanie Conway,Standard yard religious image.,
6EAF93CB-167,ACC41244663,C205907,18590.4,USD,2026-09-22T14:50:42,wire,RU,Jason Floyd,Your less social form such weight argue.,cross_border
E80C9C45-143,ACC67062156,C329471,746.12,CHF,2026-09-22T14:57:02,wire,NO,Kelli Harrington,Future must we above full send.,cross_border
1DEFF099-B9C,ACC84411983,C233470,13268.4,CHF,2026-09-22T15:15:35,wire,IE,Melissa Schmitt,Key near arm side through represent candidate.,domestic
AD161634-A34,ACC25480907,C373903,4395.46,USD,2026-09-22T15:20:09,cash_deposit,CM,Terry Owens,Each yeah task voice wide right audience catch.,
9DE0B793-2C8,ACC39587039,C571029,47730.9,GBP,2026-09-22T15:37:14,swift,SL,Brandi Gordon,Cover both class learn either.,cross_border
373A5F4B-684,ACC50785405,C400850,45231.06,GBP,2026-09-22T15:48:08,swift,FJ,Brittany Collins,Campaign focus force attack.,cross_border
E559572E-0D7,ACC38195995,C815198,41325.16,GBP,2026-09-22T16:22:54,swift,EE,Nicholas Smith,Author lead single range.,cross_border
2893E52F-0F3,ACC34391257,C152727,8458.71,USD,2026-09-22T16:35:49,card,SC,Maria Woods,Long program purpose local sort.,
C2B2D758-ECF,ACC94525678,C703634,9992.16,USD,2026-09-22T16:57:59,sepa,KR,Andrea Martinez,Far black kitchen protect.,
D0593038-BF6,ACC15614174,C423232,2808.75,GBP,2026-09-22T17:43:52,card,RU,Melissa Roman,Figure watch which happen impact.,
288B5437-53E,ACC55176955,C207175,40310.32,EUR,2026-09-22T18:05:05,wire,TD,John Mckinney,Major bar air set factor ever.,cross_border
850D38B0-5BA,ACC88961459,C680828,14274.79,USD,2026-09-22T18:05:57,swift,TV,Jeffrey Baker,Night study heart million understand him own.,cross_border
A611E94B-954,ACC86460539,C358175,5560.43,CHF,2026-09-22T18:36:10,swift,PY,David Rodriguez,Very consumer enough hit policy dinner their key.,domestic
77916FC9-AC9,ACC99788677,C608993,9997.7,EUR,2026-09-22T18:51:17,swift,FJ,Charlotte Roberts,Ten article continue according compare culture century my.,cross_border
24650D53-FF9,ACC38470244,C472060,39391.19,USD,2026-09-22T19:12:59,card,UG,Jason Arnold,Follow word best identify rule clear.,
21A57524-947,ACC88183110,C679364,14929.03,EUR,2026-09-22T19:20:13,crypto,CV,Jennifer Pearson,These receive cup doctor.,
6CA44FDC-37C,ACC54769200,C908577,8101.45,GBP,2026-09-22T19:25:47,cash_deposit,OM,Jessica Palmer,Recognize source maybe.,
3A3D657D-643,ACC65026398,C786587,5605.55,EUR,2026-09-22T19:29:01,card,BS,Penny Dougherty,Section theory degree indeed sometimes.,
B913E8DC-004,ACC95613415,C889359,1818.74,EUR,2026-09-22T19:30:11,wire,KZ,Joseph Parker,Agree later particular charge pick.,cross_border
0862993C-909,ACC99038359,C989208,39723.51,CHF,2026-09-22T19:34:26,sepa,NP,Susan Kelley,Crime there subject court well mother allow.,
93C9C952-3F0,ACC73771720,C740967,44797.08,CHF,2026-09-22T19:35:44,crypto,AD,Aaron Hansen,Not probably participant society human.,
65EE0CBE-E0A,ACC22534217,C958179,9463.74,GBP,2026-09-22T19:57:17,wire,LR,Amber Baker,Foreign his son threat put last.,domestic
56F317A8-BC6,ACC26941092,C596564,48993.94,USD,2026-09-22T20:20:57,card,GM,Janet George,Room life offer stock.,
D06D019B-D4E,ACC20200074,C720859,46189.05,GBP,2026-09-22T20:24:31,crypto,RO,Heidi Taylor,Everybody fund do available win up message recently.,
2718CD2D-412,ACC36726767,C254511,49372.84,CHF,2026-09-22T20:27:35,card,BE,Jeff Burgess,Indeed list guy building candidate both risk.,
AF48FE50-974,ACC34391257,C152727,15861.22,CHF,2026-09-22T20:59:29,sepa,TT,Sarah Schmidt,Inside tax five bring pick suffer.,
61DE6F7F-AEE,ACC17275149,C296694,41844.37,EUR,2026-09-22T21:08:25,card,BY,Rebecca Sandoval,Speech list someone set final under young.,
303D6ACE-077,ACC73380266,C355570,21161.29,CHF,2026-09-22T21:16:57,swift,NZ,Lauren Haley,Kid rest western floor.,cross_border
34CC157B-CB0,ACC54058573,C392136,35587.42,USD,2026-09-22T21:18:14,wire,KP,Sarah Webb,Agree can available candidate.,domestic
4FD80F89-036,ACC89864260,C171262,398502.63,EUR,2026-09-22T21:26:41,card,NZ,Kenneth Watkins,Those become staff history girl.,
8C7BACE4-86F,ACC99889098,C850981,32016.87,USD,2026-09-22T21:47:57,swift,MU,John Newton,Or however usually would.,domestic
C60C5679-782,ACC68461818,C965845,14860.38,CHF,2026-09-22T22:26:08,card,UA,Nicole Marquez,Dark face among drive.,
25B42B1C-94C,ACC63640499,C355836,24260.87,EUR,2026-09-22T22:26:25,swift,GE,Darren Blackwell,Goal prepare face source again beyond building.,cross_border
43902628-A08,ACC76500726,C402218,9755.96,USD,2026-09-22T22:55:16,swift,AD,Cory Patel,These form after wide determine dark hold.,cross_border
C8BDE3F4-C81,ACC95758349,C632323,203814.87,CHF,2026-09-22T23:03:13,crypto,SY,Katherine Herrera,His ok instead official really.,
7F179634-D72,ACC70467027,C564226,1207.51,GBP,2026-09-22T23:31:39,wire,EE,Mr. Jason Brown,Property measure miss high property situation.,cross_border
FC3F9BD2-30A,ACC34627347,C392075,44131.19,GBP,2026-09-22T23:38:05,cash_deposit,ME,Drew Werner,Whether traditional true think.,
BCD038A1-A20,ACC39587039,C571029,10765.07,CHF,2026-09-22T23:40:41,cash_deposit,KP,Tony Wagner,Democrat good anything manager think.,
2A39F589-D68,ACC98231132,C712024,24645.16,EUR,2026-09-22T23:55:49,wire,MG,Michael Ewing,Reduce heavy receive state.,domestic
8A228727-6A5,ACC40742311,C961722,40560.52,EUR,2026-09-23T00:26:58,cash_deposit,AM,Martin Fitzpatrick,Entire record toward off middle vote.,
BFB4ACC2-C84,ACC48349783,C345884,42036.57,CHF,2026-09-23T00:42:17,swift,MT,Daniel Rodriguez,Glass call produce.,cross_border
AC7E0BA5-29E,ACC26941092,C596564,15453.38,CHF,2026-09-23T01:00:15,card,IR,Ryan Cruz,Condition treat put little.,
281AD629-E03,ACC19528530,C842225,43598.31,CHF,2026-09-23T01:04:08,card,TH,Joseph Johnson,Body director strategy continue several southern drop.,
DF40D2C8-C9D,ACC17634247,C632496,27508.02,GBP,2026-09-23T01:16:27,sepa,IQ,Jonathan Day,Thank value quality reality.,
EC0C5BE9-8E8,ACC82287061,C607868,29206.84,GBP,2026-09-23T01:26:37,sepa,ES,Brian Porter,Put several who side response air husband.,
16C31242-D74,ACC13895645,C507746,11352.96,EUR,2026-09-23T01:32:42,card,MH,Margaret Mcmahon,Evidence also art nor measure situation build.,
C03DAEA3-15C,ACC86320155,C751194,9996.83,CHF,2026-09-23T01:47:20,card,MN,Julia Garcia,Body upon development right career.,
1E09EBCB-D0C,ACC47346970,C888539,31599.72,USD,2026-09-23T02:38:36,card,DJ,Ashley Wilson,Newspaper small him hard news water nothing.,
6DAE52B4-B55,ACC86483924,C739979,16069.28,USD,2026-09-23T02:44:10,swift,AM,Debbie Adams,Answer development operation seat relationship thought response its.,domestic
80D3DA4D-7A1,ACC55728776,C293319,35841.97,EUR,2026-09-23T03:08:38,wire,GY,April Price,Together dog shake TV nearly.,cross_border
0984A740-A5E,ACC55176955,C207175,10598.27,EUR,2026-09-23T04:10:55,card,GQ,Eric King,Resource smile available wrong.,
38E07BCB-6F3,ACC63640499,C355836,29449.7,USD,2026-09-23T04:21:02,wire,BW,Deborah Perry,From sometimes page security great.,domestic
B02E8D63-DB3,ACC87342561,C142185,41569.01,USD,2026-09-23T04:26:54,wire,PY,Daniel Anderson,Bank owner hear tree others.,domestic
35FD08DB-069,ACC86460539,C358175,1374.55,USD,2026-09-23T04:38:56,wire,SO,Elizabeth Smith PhD,Most energy Mr hope.,cross_border
A6BA4E58-23D,ACC75529051,C330080,41102.75,GBP,2026-09-23T04:41:00,swift,TN,Whitney Gordon,Upon wish social senior rather factor.,cross_border
5130A8D4-D5D,ACC61642594,C500156,3080.27,USD,2026-09-23T04:49:04,wire,US,Mrs. Kimberly Mooney,Commercial where outside wonder recent question win.,cross_border
4209043D-927,ACC58884978,C552248,14261.59,EUR,2026-09-23T05:07:12,cash_deposit,BY,Pamela Brown,Defense most relationship like article call.,
7FFE09CE-D57,ACC41068214,C402099,943.32,EUR,2026-09-23T05:21:31,crypto,BJ,Thomas Vargas,Star trouble quickly.,
CB0D79F0-3A6,ACC99038359,C989208,29559.22,USD,2026-09-23T05:24:50,wire,HT,William Roman,Face son evening rather exactly.,domestic
177C3759-511,ACC35583290,C728492,10770.31,GBP,2026-09-23T05:30:41,card,AM,Monica Hunt,Water record minute they blue.,
BB56E782-EEE,ACC20099059,C824586,26954.75,EUR,2026-09-23T06:03:57,wire,DJ,Joseph Pace,Account character individual provide any office.,domestic
3B63050C-3A4,ACC73083727,C464863,5695.49,USD,2026-09-23T06:04:28,card,PY,Daniel Burton PhD,Performance avoid mean law today.,
76DEF7E6-08C,ACC13895645,C507746,30750.79,USD,2026-09-23T06:19:51,card,KZ,Briana Leach,School experience worry either process stuff.,
BE264022-AFE,ACC88320463,C518801,30403.12,CHF,2026-09-23T06:48:48,card,BS,Walter Brooks,Site Mr interest treatment.,
52CE4D83-ED6,ACC50785405,C400850,42130.93,USD,2026-09-23T07:05:47,cash_deposit,LI,Nathan Anderson,Line debate range start respond hope growth couple.,
387D0F2A-D40,ACC34627347,C392075,9405.79,USD,2026-09-23T08:03:56,swift,TH,Sandra Hill,Letter story article read.,domestic
7A0B319C-F7B,ACC33640702,C869440,16205.93,GBP,2026-09-23T08:43:07,sepa,ER,Jamie Rosario,Road get forward including food his.,
10521EC4-FC5,ACC70467027,C564226,33205.72,CHF,2026-09-23T09:05:17,swift,MM,Kelly Moss,Ready again myself environment.,cross_border
8EBD7F8B-273,ACC73481797,C839485,32131.94,GBP,2026-09-23T09:26:04,crypto,SA,Robert Weaver,Size program modern suggest close take around arm.,
36F7283E-1DD,ACC86320155,C751194,34158.14,EUR,2026-09-23T09:31:26,card,CR,Jennifer Riley,Rather build little positive nation design top.,
3BDC06E0-05B,ACC67062156,C329471,9995.25,GBP,2026-09-23T09:55:27,card,ID,Grace Jimenez,Card face child hotel gas everybody.,
524929F0-1CC,ACC43273328,C335612,17039.57,CHF,2026-09-23T09:57:09,cash_deposit,KP,Randall Kennedy,Until decision public food court.,
D7922A49-4CB,ACC41244663,C205907,41787.06,EUR,2026-09-23T10:03:14,cash_deposit,MZ,Michael Gill,Nice maintain present cultural pattern save east.,
21736C90-E0A,ACC95758349,C632323,23029.96,GBP,2026-09-23T10:10:08,sepa,TO,Darren Huynh,Win miss within by deep.,
396669D1-E0F,ACC32329103,C827712,47465.35,EUR,2026-09-23T10:15:57,sepa,CD,Sandra Gross,Everybody behind dark certainly short blue.,
8E088E1A-FB7,ACC83534128,C567574,29432.43,EUR,2026-09-23T10:32:20,sepa,ML,Dr. Tyler Harvey PhD,Democrat right red through phone.,
BA455777-327,ACC17275149,C296694,9979.53,CHF,2026-09-23T10:33:27,swift,CL,Meghan Thomas,Say right international indicate.,cross_border
D4CE5C3E-C46,ACC82383095,C891952,31303.47,GBP,2026-09-23T10:36:34,card,PG,John Rogers,Will born condition interest service that bag.,
721F5BF3-4C1,ACC58181396,C988662,9993.58,GBP,2026-09-23T10:42:09,card,AU,Kellie Duncan,Challenge we last we cold deep cover amount.,
598CA07D-F60,ACC95758349,C632323,46005.7,USD,2026-09-23T10:52:43,wire,BZ,Brittany Matthews,Local than also claim radio bad.,domestic
40FB35AC-435,ACC26941092,C596564,404808.85,EUR,2026-09-23T10:58:55,card,ID,Michael Smith,Now key tonight.,
26DE9E1D-27C,ACC25374874,C814825,45688.6,USD,2026-09-23T11:00:01,wire,PT,Troy Meyer,Figure teach water image fine.,cross_border
A534D9B2-E50,ACC71115319,C437408,36939.63,CHF,2026-09-23T11:04:24,sepa,CO,Juan Harris,Hospital minute form half attorney science unit cost.,
649BEC51-CC5,ACC49392920,C555884,4017.72,GBP,2026-09-23T11:14:39,sepa,ZA,Chelsea Bond,Play director car although wrong upon international pattern.,
27F39807-533,ACC58884978,C552248,10060.08,EUR,2026-09-23T11:15:26,card,KP,Kara Harris,Short perhaps reality throughout into indeed control dream.,
F8D6DF09-B03,ACC98231132,C712024,22174.63,GBP,2026-09-23T11:17:53,wire,CI,Jacob Miller,Area trouble more PM.,domestic
52E654B1-60B,ACC65259205,C941204,5111.75,USD,2026-09-23T11:21:21,wire,SA,Travis Ramirez,Despite wind safe off store little chair.,cross_border
BFFAE18A-0A8,ACC33763566,C532322,876.68,GBP,2026-09-23T11:28:50,cash_deposit,JO,Brenda Gomez,Land least effect stay agree.,
8A50012C-3CD,ACC16150444,C793384,35481.37,EUR,2026-09-23T11:34:24,crypto,AU,Scott Parsons,With recently least ready activity decision ok.,
4E2533D0-C87,ACC46361787,C421517,30411.57,GBP,2026-09-23T11:59:35,card,MH,Tiffany Simmons,Enjoy no health party off sign.,
43E65519-B58,ACC46361787,C421517,28924.0,USD,2026-09-23T13:13:49,cash_deposit,JO,Tommy Anthony,Child choice husband real past.,
3AC49291-A95,ACC48349783,C345884,7703.77,CHF,2026-09-23T13:27:55,swift,ID,Steven Ward,A political often recent girl process for.,cross_border
402AC7E7-A57,ACC61410126,C827659,18986.71,CHF,2026-09-23T13:30:04,card,TJ,Erin Conner,Law deal environment yet.,
4E978E1D-3EA,ACC86483924,C739979,19299.83,GBP,2026-09-23T13:32:06,cash_deposit,BF,Courtney Howard,Course seven year lawyer condition.,
9C2810F7-B0B,ACC81621574,C498468,20997.16,USD,2026-09-23T13:37:25,crypto,ZA,Kevin Gonzalez,Plan return collection picture should decision.,
3B210E85-FB5,ACC32097220,C497382,14399.28,GBP,2026-09-23T14:18:35,wire,SO,Tracey Reilly,Air star audience national human employee movement.,domestic
6D6CBF79-AF8,ACC53536830,C934816,40408.59,USD,2026-09-23T14:20:18,card,GN,Christine Olson,When once consumer together character.,
79891475-878,ACC99038359,C989208,44055.19,GBP,2026-09-23T14:43:36,card,SB,Anna Compton,Firm threat sense with.,
6A981AA5-316,ACC66722344,C456778,361473.35,CHF,2026-09-23T14:53:01,card,KP,Cynthia Hendricks DDS,Our pull fly few century produce determine.,
E7F5DBC4-2A0,ACC50785405,C400850,41634.69,CHF,2026-09-23T14:58:28,wire,ML,William Parsons,Term indicate short feel mission mouth.,cross_border
A55BBF65-1B8,ACC98231132,C712024,9994.07,CHF,2026-09-23T15:17:08,swift,UZ,Ashley Murray,Stuff million picture deal run.,cross_border
48399075-830,ACC82498004,C184491,27504.01,CHF,2026-09-23T15:25:03,swift,GD,Suzanne Moreno,Purpose main decade family everything her.,domestic
2816E359-B25,ACC32097220,C497382,21532.58,EUR,2026-09-23T16:11:27,swift,UG,Penny West,Today base know against.,domestic
DFFE8673-304,ACC22489409,C408528,11925.39,CHF,2026-09-23T16:21:47,card,EG,Mike Garcia,Several form teacher picture.,
2E9803AB-621,ACC33357554,C745414,11849.06,CHF,2026-09-23T17:12:45,sepa,TH,Whitney Ochoa,Thing region plan.,
88842353-83A,ACC72409658,C563246,7559.66,EUR,2026-09-23T17:30:47,sepa,MD,Alexandra Riley,Physical send suddenly.,
575D33FA-24F,ACC85146293,C526117,32021.47,GBP,2026-09-23T17:53:00,swift,SR,Alejandro Davis,Product end thought raise daughter reason wide.,domestic
20072CA5-B88,ACC95132217,C544151,9997.5,CHF,2026-09-23T18:41:12,swift,GE,Jorge Jenkins,Age choose admit look bad down human.,cross_border
224D45E8-BD2,ACC31980274,C426147,12215.87,EUR,2026-09-23T18:49:42,card,HR,Richard Nelson,Care both cup it so represent year.,
E446EB59-F7E,ACC24366125,C878480,28088.72,CHF,2026-09-23T18:49:45,card,SY,Lisa Webb,Others American quickly.,
EADC0476-206,ACC73380266,C355570,47860.24,USD,2026-09-23T18:54:55,cash_deposit,DJ,Lindsey Brandt,Water dinner sea left job score.,
159BE547-70C,ACC20099059,C824586,10454.77,GBP,2026-09-23T19:03:17,card,MH,Andrew Fowler,Two might fish example.,
35D772E1-5BA,ACC72363359,C800005,46954.12,CHF,2026-09-23T19:16:26,wire,OM,Eric Jordan,Help final no issue range above.,domestic
71BB1661-A8F,ACC58884978,C552248,39587.44,EUR,2026-09-23T19:21:54,crypto,AF,Karen Hoffman DVM,Wide what account consider Mr statement.,
2BAF7C2C-962,ACC95613415,C889359,32104.1,GBP,2026-09-23T19:52:37,card,BT,Eugene Cook,One we call bit.,
B61534C3-F68,ACC35848226,C430876,27524.98,EUR,2026-09-23T20:23:24,swift,ZA,Amy Crawford,Real risk strategy traditional.,domestic
1D3A589C-9D8,ACC25228493,C583863,8320.66,GBP,2026-09-23T21:44:16,card,ER,Julie Gross,Church evening individual action there bed several.,
77187F01-287,ACC93955206,C321275,43274.29,GBP,2026-09-23T22:01:38,wire,YE,Steven Flores,Modern court room sister dog too.,domestic
FE90BD54-7D2,ACC19736572,C109767,26817.64,EUR,2026-09-23T22:06:24,wire,BW,Chad Walker,Others short why chance three cell most.,domestic
7598A273-3BF,ACC97260863,C171951,30845.6,CHF,2026-09-23T22:08:13,wire,TM,Sherri Douglas,Style identify month world community power.,cross_border
C5A5E4AC-52A,ACC25228493,C583863,9418.42,USD,2026-09-23T22:10:58,cash_deposit,DZ,Deborah Nguyen,With unit term part.,
B9BE54F5-02C,ACC72363359,C800005,4855.69,CHF,2026-09-23T22:35:07,wire,ET,David Jackson,Doctor administration commercial pass federal low.,cross_border
F097A49F-2AE,ACC82160068,C323508,15817.57,USD,2026-09-23T22:52:42,card,WS,Kevin Mitchell,Start forget half act build deal join.,
5D039DEB-BAA,ACC88961459,C680828,23666.86,GBP,2026-09-23T22:52:58,cash_deposit,EE,Robert Johnson,Very thousand soldier.,
1AC3647B-A6E,ACC68461818,C965845,6325.13,GBP,2026-09-23T22:54:07,crypto,MU,Dennis Garner,Movie college anything third center.,
4347DD02-C0E,ACC38470244,C472060,23908.78,GBP,2026-09-23T22:57:25,wire,BN,Evelyn Gordon,Most respond end yet paper certain.,domestic
C38852DC-06E,ACC40742311,C961722,34391.46,GBP,2026-09-23T23:22:37,wire,SR,Randy Hopkins,Apply both chance such treatment.,cross_border
36AC9B77-3D9,ACC71115319,C437408,18505.25,EUR,2026-09-23T23:29:09,swift,GW,Michelle Kennedy DVM,Along day technology especially offer.,cross_border
D14A5DA0-015,ACC82498004,C184491,43686.78,GBP,2026-09-23T23:37:14,swift,EG,Stephanie Jones,Answer only yourself government.,cross_border
E5E19A51-8E6,ACC68802946,C832168,49155.08,USD,2026-09-23T23:55:07,card,IN,Jacob Schmidt,Say available hospital win throughout good.,
7B5222CE-826,ACC71070189,C399105,14216.54,CHF,2026-09-24T00:16:05,card,AT,Linda Parrish,Resource business natural stand country himself behavior.,
C7C683D6-B61,ACC76344695,C992288,11742.93,USD,2026-09-24T00:20:09,swift,BY,Richard Castro,Fight man town film.,domestic
0A7B3017-D72,ACC72409658,C563246,5811.8,USD,2026-09-24T00:23:32,swift,NO,Jordan Watts,Information as until model purpose listen walk.,cross_border
97A616ED-C33,ACC26941092,C596564,16142.57,USD,2026-09-24T01:28:25,cash_deposit,CU,Brittany Strickland,Give idea most hot rather you language.,
C875B283-EF2,ACC63640499,C355836,15777.1,GBP,2026-09-24T01:33:58,wire,VC,Michael Snow,Space guess small state treatment group exactly.,domestic
E238F76C-756,ACC39042654,C874483,47981.37,GBP,2026-09-24T02:15:08,sepa,PY,Kathleen Bullock,Level near write glass may relate man run.,
6F311956-11C,ACC34627347,C392075,33173.79,GBP,2026-09-24T02:57:14,card,NR,Jessica Rodriguez,Suggest interesting no total perform worker story face.,
1973BFE1-69C,ACC99889098,C850981,18232.08,EUR,2026-09-24T03:02:02,crypto,RU,Deborah Green,Law more often option some.,
9F41FE46-C24,ACC21819185,C429795,45530.6,EUR,2026-09-24T03:15:37,card,VE,Kimberly Mcbride,Consumer charge call school appear shoulder unit get.,
5FC14AA4-C7B,ACC16927215,C313446,45819.08,GBP,2026-09-24T03:34:04,sepa,NR,Elizabeth Gonzalez,Visit item allow myself different.,
CFEC4F7D-4F2,ACC19736572,C109767,19066.86,EUR,2026-09-24T03:40:52,card,AD,Jason Lamb,Use situation well task everybody baby.,
2ECBE661-B1B,ACC33763566,C532322,9240.96,USD,2026-09-24T03:48:11,wire,BB,Susan Melendez,Major many situation whom teach party range practice.,domestic
2BA46E93-6C2,ACC36726767,C254511,27542.43,GBP,2026-09-24T04:09:24,sepa,IN,William Porter,Draw tell pass performance question four nearly democratic.,
712FD83D-5A0,ACC77827638,C731262,5568.23,CHF,2026-09-24T04:59:44,wire,SM,Ricardo Bell,Door chair culture own.,domestic
14ADD7DE-66F,ACC94525678,C703634,9017.32,EUR,2026-09-24T05:06:16,crypto,LB,Corey Carroll,Point draw hospital cell gun everything figure.,
3A4036A0-188,ACC36786211,C956253,30186.49,CHF,2026-09-24T05:12:36,wire,KN,Ricky Robertson,Ten up discussion significant.,domestic
F88867C6-FC1,ACC73481797,C839485,41580.65,CHF,2026-09-24T05:16:53,cash_deposit,BY,Sally Lara,Within inside practice late car green.,
38E05CC3-A3F,ACC22534217,C958179,34439.03,GBP,2026-09-24T05:20:39,swift,LA,David Baldwin,Case economic bar off occur month.,domestic
5223FF82-5DF,ACC39042654,C874483,15675.83,EUR,2026-09-24T05:20:55,sepa,LR,Katherine Ruiz,Tonight goal design.,
6257FED9-10D,ACC81621574,C498468,42146.77,GBP,2026-09-24T05:25:40,cash_deposit,HR,Wendy Miller,Admit produce fire discover.,
B5819EFB-05B,ACC69476001,C947272,1623.41,GBP,2026-09-24T05:35:34,card,IR,Patrick Caldwell,Place run instead hair term skin success.,
B33549A3-67A,ACC42614537,C922733,46153.59,CHF,2026-09-24T05:40:58,crypto,AM,Katherine Caldwell,Nearly always operation decade old according.,
898C3181-C0B,ACC15614174,C423232,30525.49,CHF,2026-09-24T05:45:41,card,PT,Elizabeth Tucker,Contain amount government ball recognize between anyone.,
BFA30B8A-AA2,ACC72363359,C800005,16848.31,USD,2026-09-24T05:50:12,cash_deposit,GM,Karen Watson,Fine responsibility fight peace.,
D72C3E65-ADE,ACC41348220,C997594,20449.39,GBP,2026-09-24T06:37:06,sepa,RU,Lori Miller,Student system there age.,
CB137FA7-893,ACC84093639,C407419,4858.38,USD,2026-09-24T06:58:59,sepa,EG,Nathaniel Cooper,Others attention her car admit mission training.,
8A843A70-C1B,ACC32329103,C827712,7832.67,EUR,2026-09-24T07:11:35,card,SD,Travis Montgomery,Up really choose agree region.,
FC441AC4-4DE,ACC38408562,C576786,7721.33,USD,2026-09-24T07:29:59,cash_deposit,ME,John Foster,Responsibility several maintain those safe they money.,
3C064392-FA8,ACC82287061,C607868,3250.64,CHF,2026-09-24T07:32:46,cash_deposit,BG,Daniel Rodriguez,Or action clearly difficult parent after.,
7F09CD89-BD0,ACC21490777,C353080,361.55,USD,2026-09-24T08:00:27,cash_deposit,PW,Samuel Rodriguez,Consumer home mission him military my against.,
5555D7E0-781,ACC55176955,C207175,36047.76,USD,2026-09-24T08:08:51,cash_deposit,BR,Valerie Moore,Hospital plant strong race at recognize.,
D240FB0B-583,ACC97225156,C491559,9964.15,EUR,2026-09-24T08:13:09,swift,TG,Sarah Martin,Rich dream line require current car.,domestic
D146437A-5F6,ACC82287061,C607868,28322.26,GBP,2026-09-24T08:28:21,crypto,VE,Shirley Rodriguez,Section assume clearly discover resource significant wait.,
B482460E-A6D,ACC51098277,C796212,17181.82,USD,2026-09-24T08:35:27,cash_deposit,KE,Kevin Ruiz,Fire best pull way.,
B72160ED-DD2,ACC71662963,C662275,27647.71,CHF,2026-09-24T09:04:52,cash_deposit,BW,Nathaniel Conway,Lead with enough anyone spend.,
4FF07351-71F,ACC42614537,C922733,12218.87,USD,2026-09-24T09:05:17,card,BB,Mitchell Anderson,Until cause bill clear.,
09347F98-277,ACC50785405,C400850,38770.28,USD,2026-09-24T09:09:04,sepa,PY,Travis Ferrell,Break of check parent.,
F1440119-9B6,ACC47346970,C888539,12516.49,CHF,2026-09-24T09:17:48,card,SV,Veronica Macias,Member there water know fall effort.,
540B0439-FF1,ACC73900135,C777278,36046.43,USD,2026-09-24T09:20:05,sepa,ML,Michele Sandoval,Center Republican recently especially.,
F0B5B80E-62F,ACC41329612,C377405,36995.0,GBP,2026-09-24T10:18:35,sepa,AF,Susan Holmes,Spring service suggest back recently hundred open.,
ADF9650C-41F,ACC69476001,C947272,38721.54,CHF,2026-09-24T10:29:26,swift,GQ,Angela Collier,Out close current strategy four door soldier.,domestic
15AD519C-D31,ACC64038913,C863587,20708.55,GBP,2026-09-24T10:44:45,cash_deposit,CA,Jennifer Jackson,Point similar security at year dinner prevent tree.,
EFC23406-798,ACC77834855,C612262,37219.44,GBP,2026-09-24T11:23:10,crypto,GH,Amy Williams,Rule music save development work since.,
83D05B09-926,ACC58884978,C552248,30134.87,GBP,2026-09-24T11:26:52,swift,VE,Jesse Phillips,Dog above truth unit.,domestic
07660BBA-C09,ACC66722344,C456778,35848.73,CHF,2026-09-24T11:40:13,cash_deposit,IR,Julie Lang,Seven floor data fine animal ten scientist.,
A6D6A0D2-8DC,ACC25228493,C583863,1071.64,USD,2026-09-24T11:41:58,cash_deposit,TN,Tracy Rowe,Church college choose keep skill consider.,
CAE5C87D-B78,ACC50071487,C978157,29731.09,CHF,2026-09-24T11:42:16,cash_deposit,IR,Tracey Sanchez,Point admit yet determine dream break hour.,
34233474-7AF,ACC99038359,C989208,9990.1,GBP,2026-09-24T11:47:50,wire,AF,Paul Adams,Have condition both find.,cross_border
B84FF625-3F4,ACC92874006,C171744,47489.38,GBP,2026-09-24T12:02:49,swift,SZ,Tiffany Long,Mouth wear feeling product.,cross_border
450F5EA9-CBD,ACC81503856,C549186,12731.73,EUR,2026-09-24T12:07:39,cash_deposit,UY,Michele Dixon,Boy feel decision free deep theory political stay.,
8E6632D2-E01,ACC83089925,C335729,13514.03,GBP,2026-09-24T12:15:58,wire,PT,Corey Davis,Others entire past democratic.,cross_border
E7DE1301-A81,ACC19943140,C705050,1185.66,GBP,2026-09-24T12:42:53,wire,UZ,Kimberly Pittman,Assume issue service reality might what.,cross_border
E3CD8DC5-1D0,ACC16150444,C793384,13214.19,CHF,2026-09-24T12:45:57,cash_deposit,CI,Sherri Li,Economic kind help low during fund simply.,
9CF6011F-B3E,ACC63640499,C355836,42767.26,EUR,2026-09-24T13:05:29,card,GT,Dr. Jessica Larson,Value of end success claim level executive.,
14E12A46-606,ACC24366125,C878480,9638.36,EUR,2026-09-24T13:49:33,cash_deposit,GY,Robert Spencer,Pick really again know music.,
19D945DB-00E,ACC84093639,C407419,24949.59,CHF,2026-09-24T14:04:16,wire,EC,Andrew Ramirez,Candidate once effort form report.,domestic
F52A0C80-33A,ACC95613415,C889359,873.46,EUR,2026-09-24T14:07:47,card,CO,Cynthia Payne,At international significant.,
637784F7-2EE,ACC38470244,C472060,42805.35,EUR,2026-09-24T14:14:45,card,IR,Lisa Fuentes,And long Democrat likely seem check happy.,
607AC095-378,ACC81503856,C549186,7590.92,USD,2026-09-24T14:29:47,sepa,LR,Melissa Thomas,Military wish behavior specific lose sport.,
91A268F9-D60,ACC36757737,C979995,17906.79,EUR,2026-09-24T14:41:24,card,AR,Jennifer Pearson,Vote dream forget possible.,
94622DA4-CA8,ACC71070189,C399105,9876.41,CHF,2026-09-24T14:52:03,card,JO,Sarah Reed,Everything effort prove growth.,
01182395-83A,ACC71115319,C437408,39333.74,GBP,2026-09-24T14:55:14,sepa,PK,Kathleen Kelly,Read trip a street weight.,
1C2D14DF-0E8,ACC99943797,C209680,8740.84,EUR,2026-09-24T15:02:23,card,KH,Alan Martin,Create improve mean could ever.,
B5CA229D-8F8,ACC49392920,C555884,44400.02,EUR,2026-09-24T15:10:14,card,SM,Jennifer Gentry,Choose prevent difficult.,
1ABE3467-C56,ACC73771720,C740967,28898.59,USD,2026-09-24T15:48:55,crypto,MV,Lawrence Graham,More west from business.,
ADD20482-6C8,ACC39958838,C246316,4596.97,GBP,2026-09-24T15:49:03,cash_deposit,NA,April Booth,Including could gun series personal service data.,
8F0A28FF-E73,ACC65177213,C589710,20052.95,GBP,2026-09-24T16:30:19,wire,ME,Lawrence Barker,Hotel full clear.,cross_border
F0C53481-725,ACC50071487,C978157,14422.09,USD,2026-09-24T16:43:52,wire,AO,Abigail Kirk,Thus yet quite mission represent growth remain.,cross_border
F942C6ED-5E5,ACC65259205,C941204,17126.09,USD,2026-09-24T16:46:57,card,BI,John Lee,Wrong fast husband cultural.,
FC52EF3C-200,ACC83089925,C335729,12260.6,GBP,2026-09-24T17:14:27,sepa,BG,Cristian Weber,Claim win election fact.,
00D2BF36-67E,ACC73123515,C120324,42094.23,CHF,2026-09-24T17:23:50,card,JP,Tyler Rivers,Discuss agree accept issue different speech student.,
33DEE9B6-E9E,ACC95822412,C216739,41525.33,GBP,2026-09-24T17:48:41,cash_deposit,JM,Lisa Davis,Pull different current agency each.,
78368B45-4F3,ACC44188276,C146542,48867.93,GBP,2026-09-24T17:56:32,card,AU,Tyler Robles,Husband exist and green eight former north.,
12A78538-D1D,ACC11698142,C990844,139.16,EUR,2026-09-24T17:58:36,card,FM,Shirley Miller,Sign maybe few reduce.,
AE2E8308-E60,ACC73771720,C740967,24061.28,USD,2026-09-24T18:05:05,cash_deposit,IR,Richard James,Late good individual think either current.,
1CBBE0A6-38F,ACC36726767,C254511,36090.71,CHF,2026-09-24T18:09:19,swift,CO,Misty Woods,Dog successful concern ready apply.,cross_border
5DBAEC16-328,ACC58181396,C988662,33652.15,CHF,2026-09-24T18:33:43,swift,GR,Dr. Andrea Marshall,Similar financial beat lead hard.,cross_border
DEEAFADA-801,ACC32097220,C497382,20985.51,GBP,2026-09-24T18:35:33,cash_deposit,BI,David Medina,Piece national what role term left necessary.,
41B3F88E-642,ACC30514014,C757924,31047.53,CHF,2026-09-24T18:40:53,cash_deposit,HT,Kristen Harrison,Future beat suffer investment walk individual just.,
72A8FA1F-FFC,ACC67110154,C882169,47237.61,CHF,2026-09-24T18:50:24,wire,TT,Mary Rose,Sometimes own establish no.,cross_border
C5515E4C-5E0,ACC94525678,C703634,36434.85,CHF,2026-09-24T18:58:56,wire,CU,Arthur Sparks,Staff president now discover war film kitchen.,domestic
63E899FA-684,ACC20200074,C720859,36402.98,EUR,2026-09-24T19:44:22,sepa,BW,Jerry Anderson,Operation cut season according.,
CB74475E-7E7,ACC70467027,C564226,16501.31,CHF,2026-09-24T19:46:28,wire,DK,Kimberly Burns,Wish value through research film who.,cross_border
145C8319-145,ACC43273328,C335612,8250.31,CHF,2026-09-24T20:14:41,wire,TT,Peter Martinez,Scientist group yet indeed decision before medical.,cross_border
A8D59F67-A2C,ACC16927215,C313446,12208.14,USD,2026-09-24T20:38:04,card,VU,Deborah Douglas,Then easy first Democrat maintain woman return.,
6E68FECF-CE2,ACC25480907,C373903,160.18,GBP,2026-09-24T20:52:11,card,ID,Adam Banks,Space agent approach throughout something about.,
FA232032-7BB,ACC16150444,C793384,17219.01,USD,2026-09-24T21:26:05,card,ZM,Emily Tucker,No nothing huge real art.,
2CE13C75-545,ACC25312516,C962050,42477.75,USD,2026-09-24T21:28:17,wire,IR,Robert Jenkins,Research improve matter south blood.,cross_border
1CEFFACA-CE9,ACC65259205,C941204,2124.42,CHF,2026-09-24T21:34:36,card,SE,Mark Goodman,Strong forward read chance through happen.,
DED542F4-188,ACC45551614,C246413,10345.8,GBP,2026-09-24T22:13:52,card,AG,Angela Edwards,Its hotel also two.,
FE4734F8-6F5,ACC20099059,C824586,30326.76,EUR,2026-09-24T22:15:19,card,NO,Ashley Carroll,Step history green save miss professional civil.,
959FD2C2-898,ACC85146293,C526117,20207.23,GBP,2026-09-24T22:19:58,wire,GQ,Crystal Young,Line bill whatever money job.,cross_border
2CB600D2-D32,ACC48349783,C345884,1003.79,GBP,2026-09-24T22:32:48,card,MH,Jessica Martinez,Form wonder carry operation.,
4DDE346B-D9D,ACC17275149,C296694,13000.94,GBP,2026-09-24T22:48:23,card,IR,Sharon Carter,Claim teach successful two budget design.,
AB6400A3-FD2,ACC99508850,C528231,8847.24,GBP,2026-09-24T22:56:21,wire,RU,Sophia Daniel,Structure tend whether where.,domestic
89B7AB56-958,ACC25312516,C962050,46286.56,GBP,2026-09-24T23:05:45,card,AF,Thomas Robinson,Yourself together often near.,
A04A2481-E4B,ACC17774584,C352572,13431.29,EUR,2026-09-24T23:11:20,cash_deposit,GY,Kathryn Ross,National through old view.,
8D575718-39B,ACC41329612,C377405,12597.92,EUR,2026-09-24T23:34:10,sepa,NA,Robert Ewing,Financial town brother mission.,
6A0DC3E5-F78,ACC20099059,C824586,47273.19,GBP,2026-09-24T23:43:51,sepa,BE,Thomas Martinez,Significant thank data year defense.,
A8CCB673-92C,ACC97260863,C171951,2146.66,USD,2026-09-25T00:05:24,card,GN,Olivia Garcia,Hit shoulder food particular research child administration.,
3DA9CFEC-D29,ACC72409658,C563246,38265.39,EUR,2026-09-25T00:18:50,cash_deposit,LT,Patrick Cruz,Standard plan win season give.,
ABF5E2BF-4C9,ACC21267237,C773971,317747.4,USD,2026-09-25T00:32:24,card,CI,James Armstrong,Environmental adult per college again right price.,
7663F542-994,ACC72409658,C563246,30564.54,GBP,2026-09-25T00:36:36,cash_deposit,BY,David Davenport,Beautiful edge threat language pretty especially.,
A0626D43-A9C,ACC83089925,C335729,46455.27,GBP,2026-09-25T00:42:54,crypto,CI,Brooke Ortiz,Police audience music quickly answer treatment control.,
27AE069D-728,ACC21267237,C773971,9487.67,CHF,2026-09-25T00:57:33,crypto,GR,Teresa Lamb,Physical full chance everything.,
BE3401B8-9A0,ACC31682744,C665579,39467.98,CHF,2026-09-25T01:11:23,card,SA,Michael Lucas,Detail apply along entire.,
F0D5C686-054,ACC90267122,C141797,8525.29,CHF,2026-09-25T01:41:06,card,SV,Gary Hutchinson,Young continue director work front read.,
89ABFF22-B11,ACC61410126,C827659,35356.94,CHF,2026-09-25T01:49:11,wire,BF,Alicia Patrick,Whom finish person everyone Democrat listen require.,domestic
32BED2BD-74C,ACC22517517,C890170,27082.04,GBP,2026-09-25T01:57:02,card,TH,Chase Burnett,Care hair role risk.,
CE9B450C-D0D,ACC44392446,C904150,12693.93,CHF,2026-09-25T02:59:31,crypto,DJ,Jacob Reed,Security office test see age into.,
60C72B69-E6B,ACC95613415,C889359,49250.8,GBP,2026-09-25T03:31:03,card,SM,Ashley Santiago,Western even image thousand.,
E78F7693-BCF,ACC88320463,C518801,42607.95,USD,2026-09-25T03:37:56,wire,BY,Ashley Black,State guess better Republican stock.,cross_border
6863B25F-55B,ACC72363359,C800005,10774.66,CHF,2026-09-25T04:18:02,card,MV,Tina Bender,Whom even economy thus effort affect early very.,
F715EF76-14F,ACC63640499,C355836,22366.63,USD,2026-09-25T04:28:41,card,OM,Lisa Carrillo,Cost station general American case ability kid close.,
EC8B2244-59E,ACC40547349,C333752,9995.59,USD,2026-09-25T05:03:59,card,TT,Dawn Cox,Toward morning according easy know.,
8A8D5436-774,ACC45551614,C246413,48060.2,GBP,2026-09-25T05:30:13,card,CN,Diane Davis DDS,Future player age three music else strategy.,
9EAA302F-CD4,ACC84093639,C407419,49470.29,GBP,2026-09-25T05:49:19,crypto,ER,Jonathan Perry,Idea glass third professional former family wear.,
DD3E8DF9-5FA,ACC76500726,C402218,34879.48,EUR,2026-09-25T05:53:19,cash_deposit,IQ,James Moore,Avoid vote girl hot create talk recognize.,
B5165FE0-359,ACC22130508,C555052,45132.95,GBP,2026-09-25T05:57:30,wire,CU,Michelle Stewart,Plant big contain all design base.,cross_border
0A837CAC-5A0,ACC35583290,C728492,25469.75,USD,2026-09-25T06:05:26,crypto,LS,Tracy Hernandez,Total debate base knowledge whatever.,
ED2EE94A-9A4,ACC86460539,C358175,38551.48,USD,2026-09-25T06:13:44,sepa,KW,Norman Hughes,Example thank see simple budget itself.,
FC22CB51-EB7,ACC72409658,C563246,37535.14,CHF,2026-09-25T06:32:47,crypto,TZ,Toni Garcia,Training eat in may across.,
59DD79E5-52C,ACC16150444,C793384,15994.28,GBP,2026-09-25T06:45:08,wire,TD,Victor Brown,Policy keep cut prevent.,cross_border
E5EC41C7-66F,ACC22489409,C408528,22081.53,CHF,2026-09-25T06:48:09,swift,ZW,Bradley Shaffer,Name way art.,cross_border
558F3F9B-E25,ACC46540265,C624783,39720.34,USD,2026-09-25T06:52:30,swift,SY,Adam Avery,Can themselves there gun degree citizen.,domestic
F55AEA1E-F0C,ACC41068214,C402099,24344.87,GBP,2026-09-25T07:17:20,card,VE,Kathryn Castro,Bad will where then each.,
44EB607A-CCF,ACC67110154,C882169,10369.38,GBP,2026-09-25T07:25:34,wire,UG,Natasha Harris,Apply herself discussion agency.,cross_border
24819112-C93,ACC19289546,C897549,44384.87,USD,2026-09-25T07:25:51,wire,MA,Ryan Guerrero,Along play account carry heavy wall pull enter.,cross_border
4F411EF5-B7F,ACC25312516,C962050,30927.54,CHF,2026-09-25T07:42:23,crypto,KP,Tammy Craig,Rate stuff nearly moment trouble step.,
2FC7B484-758,ACC42194159,C282256,4635.8,CHF,2026-09-25T07:50:54,cash_deposit,CR,Teresa Weaver,Girl account election executive bed interest Democrat.,
4795584F-6CF,ACC99508850,C528231,35564.33,CHF,2026-09-25T08:27:54,crypto,GQ,Diamond Randolph,Maintain officer break.,
2A92DB7B-8F3,ACC73083727,C464863,168446.59,CHF,2026-09-25T09:10:15,card,GQ,Marcus Joseph,Similar three back if.,
BCC01D31-E5F,ACC45570755,C455007,25963.78,CHF,2026-09-25T09:37:01,swift,DJ,John Leonard,Theory animal explain security.,domestic
DE2954E6-711,ACC46361787,C421517,22161.09,USD,2026-09-25T10:13:35,card,PG,Shelly Solomon,Unit several discussion service blood morning myself.,
E7823428-FD1,ACC97225156,C491559,14732.95,EUR,2026-09-25T10:22:08,wire,CO,Daniel Sanchez,Local better think anything so authority long kind.,domestic
E8FEEA92-757,ACC13471527,C195763,30364.75,GBP,2026-09-25T10:31:22,card,GD,Christine Banks MD,Yet nice soldier.,
4A9E4A3C-5B7,ACC82160068,C323508,45839.03,GBP,2026-09-25T10:39:29,sepa,CF,Stephanie Moore,Reflect reason per tend official.,
4B82494E-283,ACC61642594,C500156,20547.78,GBP,2026-09-25T11:06:25,sepa,BE,Michelle Prince,Real know our any help cut.,
B4C96450-F08,ACC64038913,C863587,41429.21,EUR,2026-09-25T11:20:30,wire,AF,Laura Blair,Manage draw involve party home.,cross_border
C586E4B5-63E,ACC44392446,C904150,2448.15,CHF,2026-09-25T11:52:11,wire,WS,Steven Casey,Party fall live quickly.,domestic
3694A87B-133,ACC19736572,C109767,18862.82,USD,2026-09-25T12:18:42,card,BY,Emily Bates,Position reason form center of source change.,
05D63D2B-097,ACC77827638,C731262,15726.13,CHF,2026-09-25T12:31:43,wire,BS,Andrea Fox,Skill medical after them analysis hit health.,domestic
7E121573-23A,ACC42614537,C922733,47373.26,EUR,2026-09-25T12:34:11,wire,RU,Diane Gibbs,Red system fear daughter fast agreement.,domestic
F41A0946-39C,ACC82383095,C891952,33881.45,CHF,2026-09-25T12:42:06,cash_deposit,ES,Amanda Nguyen,Chair with point.,
4BD53E8C-21D,ACC35848226,C430876,15779.71,EUR,2026-09-25T13:23:36,sepa,PS,Morgan Perry,Side provide field top chance accept.,
97E5849C-A5F,ACC36726767,C254511,12990.92,USD,2026-09-25T13:27:24,wire,SV,Rodney Rosales,Be provide less.,domestic
BE6C8FD7-B72,ACC68186525,C479781,40139.29,CHF,2026-09-25T13:28:38,wire,MY,Lori Hartman,Choice training your act audience world my tonight.,cross_border
FD598517-FA5,ACC84411983,C233470,27055.48,EUR,2026-09-25T13:44:55,wire,LK,Michael Johnson,Development fear individual behavior fear nothing question.,cross_border
D816986F-C39,ACC82383095,C891952,9986.83,CHF,2026-09-25T13:55:44,card,BY,William Walton,Professional small approach bed.,
562E43E6-34A,ACC67062156,C329471,44114.58,USD,2026-09-25T14:05:09,crypto,TV,Ruth Moore,None agency leave state deep wide.,
021C96F2-33A,ACC88961459,C680828,40074.58,EUR,2026-09-25T14:17:28,card,KR,Mark Ruiz,Federal by sea lawyer audience without.,
A9AD9099-268,ACC21490777,C353080,12743.81,USD,2026-09-25T14:22:49,crypto,JO,Jennifer Allen,Enough nearly participant nature.,
5706A2A7-7A0,ACC66722344,C456778,49642.41,USD,2026-09-25T14:37:40,sepa,BY,Corey Fox,Environment however health image north wrong.,
D01BDFB2-F6B,ACC34627347,C392075,26482.84,USD,2026-09-25T14:50:04,card,WS,Alexandra Lopez,Young ahead blood.,
7F02AD6E-C32,ACC75181648,C604740,148315.54,CHF,2026-09-25T15:09:54,swift,BI,Charles Nash,Allow woman idea.,domestic
1E7BF7BD-91E,ACC39958838,C246316,13758.05,GBP,2026-09-25T15:12:50,swift,PS,Veronica Wall,Dinner conference add move ever.,cross_border
56CE0C65-D3F,ACC83932360,C114338,7621.65,USD,2026-09-25T15:36:30,card,BJ,Laura Johnson,Final hope admit.,
2F61B6F2-96E,ACC75181648,C604740,9991.43,EUR,2026-09-25T15:37:55,crypto,RU,George Smith,Word change expert can style option.,
F2CCCF84-B3A,ACC71662963,C662275,328.83,USD,2026-09-25T15:38:08,swift,GD,Laura Cunningham,Mind read peace item risk loss.,cross_border
65C3B127-005,ACC12614124,C217301,29181.53,USD,2026-09-25T16:11:23,crypto,MA,Arthur Rios,Pretty none least teach cause size.,
B0C57623-2D9,ACC83089925,C335729,37015.96,USD,2026-09-25T16:29:10,card,RO,Kevin Meadows,Think red offer much decision.,
77DF572A-0B3,ACC97971488,C623481,9991.96,EUR,2026-09-25T16:39:58,crypto,TT,Stephen Young,Significant finish strategy say.,
D0630CB9-45D,ACC12614124,C217301,39634.19,GBP,2026-09-25T16:41:14,card,GT,Nicole Rowe,Fight save laugh same.,
C6590297-09D,ACC90267122,C141797,37594.25,CHF,2026-09-25T16:51:58,cash_deposit,ST,Ashley Clements,Director spend continue mention alone bank.,
C04F56E5-469,ACC50785405,C400850,46231.34,GBP,2026-09-25T16:53:59,card,KR,James Ford,Likely teach eight learn determine his teacher.,
3AD0CDBB-88D,ACC13895645,C507746,37537.18,GBP,2026-09-25T17:07:07,wire,BF,Jody Mclean,Official crime act throw choice.,domestic
6B095CA6-EAF,ACC34627347,C392075,46243.67,CHF,2026-09-25T17:58:30,swift,VU,Austin Adams,Up tend education.,cross_border
247B8E9C-D3C,ACC50079111,C890075,23825.78,GBP,2026-09-25T18:58:05,card,NG,Sarah Porter,Everybody growth almost range to early.,
32E6B337-A2C,ACC50785405,C400850,29146.12,CHF,2026-09-25T19:17:28,card,PT,Nicole Spencer,Animal economic from discover save cost.,
279B0C09-65F,ACC44788100,C888295,35921.13,GBP,2026-09-25T19:18:54,cash_deposit,CA,Richard Bond,Old article give skill plan focus.,
F176DDF9-B96,ACC65177213,C589710,29362.9,EUR,2026-09-25T20:02:33,card,LR,Michael Moran,Radio south sing early spring its evening.,
EE4205E6-831,ACC46540265,C624783,45666.09,CHF,2026-09-25T20:05:22,sepa,JP,Garrett Lambert,Clear continue less hope.,
7D44E4A8-E5B,ACC73481797,C839485,44641.7,EUR,2026-09-25T20:23:25,crypto,CM,Mrs. Alicia Rice,Animal daughter eat last trip sign.,
B94BC68F-4C2,ACC49172995,C633590,14837.66,USD,2026-09-25T20:56:34,cash_deposit,SD,Teresa Bonilla,Situation dream certainly perhaps provide spend director safe.,
1E72CBA6-995,ACC50079111,C890075,19491.92,USD,2026-09-25T21:04:56,cash_deposit,CU,Ashley Barber,Go town power feel wall.,
F674406B-49B,ACC19528530,C842225,22601.38,USD,2026-09-25T21:30:24,crypto,LI,Michaela Boyd,Poor executive career shake fall phone identify.,
D5A25010-4DD,ACC11698142,C990844,21177.95,GBP,2026-09-25T21:45:57,crypto,NZ,Zachary Boyd,Past try whole eat maintain far.,
279785BD-15F,ACC71070189,C399105,40142.66,EUR,2026-09-25T22:20:13,card,TZ,Brittney Tanner,Article year fire official car look ever last.,
BDE06FB0-32D,ACC24549543,C725550,36559.8,EUR,2026-09-25T22:21:56,card,SY,Tyrone Long,Television bit civil way factor sure day.,
BF84FC8A-C93,ACC99508850,C528231,39793.93,USD,2026-09-25T22:25:15,sepa,BH,Nicole Butler,Seem voice different already song some.,
EFEFFCD9-A34,ACC32775593,C790855,4651.22,GBP,2026-09-25T22:44:22,wire,NL,Mary Miller,Option during view buy institution risk.,domestic
389A979A-96C,ACC82160068,C323508,19647.55,CHF,2026-09-25T22:48:00,cash_deposit,VA,Rodney Allen,Beyond role the his.,
9A217EC5-AFD,ACC72409658,C563246,3323.57,GBP,2026-09-25T23:17:42,card,PY,Sarah Johnson,Protect shoulder rather improve control level.,
6B332505-41B,ACC45551614,C246413,34756.61,GBP,2026-09-25T23:46:12,sepa,BH,Kenneth Tran,Throughout individual list manager voice.,
BF06B8B7-4A7,ACC34627347,C392075,3766.47,CHF,2026-09-25T23:47:55,card,MN,Brian Yu,Bank them state factor word.,
2E563A11-844,ACC36757737,C979995,33473.41,GBP,2026-09-25T23:51:06,swift,SB,Matthew Wise,Thousand start prove sense there argue.,domestic
1B972274-C5C,ACC32775593,C790855,43508.24,CHF,2026-09-25T23:51:20,cash_deposit,KI,Rachael Johnson,Travel argue whether father explain.,
8F37D256-A4E,ACC84411983,C233470,13102.96,EUR,2026-09-25T23:57:31,crypto,ID,Gary Barajas,Star rather home state.,
C07A4CB6-15C,ACC97971488,C623481,1327.98,EUR,2026-09-26T01:00:17,wire,AL,Corey Campbell,Above rise under turn surface listen recently.,domestic
8638BEB8-F17,ACC98231132,C712024,7692.29,USD,2026-09-26T01:12:16,card,OM,Sarah Phillips,Budget oil reduce woman least employee suggest.,
117A21A7-957,ACC24549543,C725550,23489.13,EUR,2026-09-26T01:15:26,card,CH,Michael Lee,Raise theory policy culture lead.,
FB61C0F7-2DF,ACC73380266,C355570,9995.44,USD,2026-09-26T01:50:47,crypto,BW,Michelle Berry,Issue cover into his both ground prove.,
9D32492D-EC7,ACC41068214,C402099,28525.74,USD,2026-09-26T02:04:31,wire,PK,Kenneth White,Account future Democrat film more name up man.,domestic
30088C9A-44F,ACC98231132,C712024,28233.32,USD,2026-09-26T02:27:10,card,HN,Krista Smith,Network class individual special color sing.,
0D9F458C-991,ACC35583290,C728492,24505.47,EUR,2026-09-26T02:52:59,crypto,SY,Madeline James,Event real water on rather line thing.,
3244A8BF-33F,ACC92874006,C171744,21028.81,CHF,2026-09-26T03:06:54,wire,DO,Robert Roy,Ever spend catch allow.,domestic
727BE76F-9DC,ACC65026398,C786587,19775.11,CHF,2026-09-26T03:11:26,swift,LU,Daniel Jarvis,Prevent direction factor seven.,domestic
C2E0F8B5-8F4,ACC61410126,C827659,289741.19,GBP,2026-09-26T03:18:38,cash_deposit,IR,Nathan Bailey,Sing then cover require article some Democrat.,
49564CEE-921,ACC82160068,C323508,45939.62,USD,2026-09-26T03:53:19,swift,GT,Cody Ramos,Subject me food learn.,domestic
C38563CC-EE0,ACC73481797,C839485,30107.25,GBP,2026-09-26T03:58:44,sepa,NA,Jay Cline,Ground individual my allow contain research.,
D4A9FC44-B2E,ACC24549543,C725550,11554.95,USD,2026-09-26T04:25:28,card,BN,Sherry Smith,Seek money worker state business.,
CB35CD2B-F41,ACC34391257,C152727,34047.22,CHF,2026-09-26T04:30:47,card,VE,John Rivera,Become medical color throughout.,
1878C6EE-5E6,ACC76344695,C992288,38624.63,EUR,2026-09-26T04:38:45,wire,KN,Janet Hunter,Tough them person today sure protect.,cross_border
E07B4F02-D55,ACC84093639,C407419,19425.18,GBP,2026-09-26T04:52:24,swift,VN,Justin Goodwin,Boy generation drive.,domestic
98281148-295,ACC94560158,C738448,9998.61,GBP,2026-09-26T05:13:13,card,DM,Kristin Jackson,Official none tend major short.,
8F0CB2E8-2BD,ACC64038913,C863587,17107.54,CHF,2026-09-26T05:26:30,swift,AF,Daniel Underwood,However involve when sort event.,domestic
3EB0A22D-0CD,ACC64038913,C863587,48928.26,CHF,2026-09-26T05:44:09,wire,IS,Joseph Garza,Cultural show rule always who opportunity face you.,cross_border
5ED8D5C1-3F3,ACC15614174,C423232,20427.17,CHF,2026-09-26T06:04:40,cash_deposit,GT,Kerry Johnson,General very price practice arm hard staff.,
24AA3D8F-B23,ACC99889098,C850981,44790.05,GBP,2026-09-26T06:19:04,swift,BH,Joseph Garcia,Response amount foreign these federal research deal.,cross_border
136049AE-038,ACC26941092,C596564,4652.33,USD,2026-09-26T06:37:51,card,TD,Carlos Smith,Often event stock health involve treatment.,
7EB2B383-2A4,ACC99889098,C850981,2114.64,USD,2026-09-26T06:43:14,card,AM,Sandra Sutton,Clear region music important miss toward.,
A9343F83-592,ACC22489409,C408528,23056.99,GBP,2026-09-26T06:46:51,swift,YE,Robert Lambert,Professor notice which attack up leave.,domestic
F86ABB7B-A53,ACC69096899,C204555,40626.77,CHF,2026-09-26T06:53:02,card,SD,Timothy Lopez,Ball reason environment least brother those again.,
9B2748AE-34E,ACC47333543,C290305,5420.18,GBP,2026-09-26T06:56:09,cash_deposit,AG,Colton Mann,Well purpose office receive last hard defense.,
920EB661-406,ACC82498004,C184491,14752.1,GBP,2026-09-26T08:30:19,cash_deposit,GB,Lee Harris,Yeah teacher development its reflect.,
2C3093E6-ED8,ACC12614124,C217301,46325.6,EUR,2026-09-26T08:40:41,sepa,BI,Darrell Oliver,Hot big safe they environmental day.,
B11612AA-107,ACC47333543,C290305,18091.56,EUR,2026-09-26T09:29:25,sepa,CU,Elizabeth Hughes,Vote remember themselves make practice.,
89A6D459-530,ACC81691040,C864544,18297.27,CHF,2026-09-26T09:35:05,card,PY,Michael Price,Certain that activity until large.,
F07AE8BD-A66,ACC22489409,C408528,33817.52,EUR,2026-09-26T09:37:22,crypto,NZ,Carrie Escobar,Experience civil table degree hair three girl.,
359B4E85-E5F,ACC87049595,C398151,44507.95,CHF,2026-09-26T09:42:15,wire,NR,Margaret Lamb,Will eight bill group.,domestic
CE89C662-224,ACC76481885,C138817,47328.63,GBP,2026-09-26T10:40:26,card,KP,John Gomez,Point support tend manage future discussion organization.,
228D5AAD-9BA,ACC75529051,C330080,19214.79,EUR,2026-09-26T11:09:07,cash_deposit,AE,Nancy Kelley,Physical treatment south.,
D0BDE510-B32,ACC84093639,C407419,38204.85,EUR,2026-09-26T11:10:51,sepa,SO,Austin Santiago,Ten interest billion Mrs reflect.,
304963CB-797,ACC98231132,C712024,9395.54,CHF,2026-09-26T11:12:33,cash_deposit,SO,James Frank,Agreement face act painting production method house.,
95DEEE4E-C9F,ACC68812137,C974244,41591.9,EUR,2026-09-26T11:21:44,cash_deposit,CD,Nicholas Alvarado,Collection third feel common in open.,
0B11C156-4AF,ACC13895645,C507746,35439.57,GBP,2026-09-26T11:24:36,cash_deposit,NE,Ashley Barry,Teach nation here board Congress.,
6EC3347F-8F5,ACC13895645,C507746,26696.26,EUR,2026-09-26T11:37:51,card,CU,Juan Farmer,Us purpose clearly fact kind difficult worry.,
FB364667-039,ACC71070189,C399105,41575.27,GBP,2026-09-26T11:39:15,cash_deposit,ID,Margaret Holder,Set woman address.,
67049C61-4CA,ACC91178885,C320861,25560.81,CHF,2026-09-26T11:44:27,sepa,VU,Casey Rasmussen,True way various product election event.,
AFAEC132-FA7,ACC21631697,C392477,9988.68,USD,2026-09-26T11:51:29,card,NG,Thomas Harvey,Drive whose back would clear guy.,
86DA8540-F8B,ACC52091325,C159942,9988.76,EUR,2026-09-26T12:34:03,sepa,BB,Tiffany Wheeler,Better performance imagine police right traditional represent price.,
FDC7E155-255,ACC24508349,C501124,19302.9,CHF,2026-09-26T12:57:18,crypto,MX,Matthew Mcdonald,Professor charge team movie whom glass adult simple.,
81F45E7C-31F,ACC97260863,C171951,37374.51,GBP,2026-09-26T12:59:40,card,IR,David Mccullough,Much truth leader save career art.,
B2F1337E-A64,ACC76500726,C402218,37624.03,EUR,2026-09-26T13:08:57,swift,MW,Aaron Garcia,Machine oil season discuss wait plant friend.,cross_border
DDC1D93D-C85,ACC25374874,C814825,46243.82,EUR,2026-09-26T13:16:12,cash_deposit,KE,Kenneth Neal,Treat you paper member reach production and.,
2877C6D6-C88,ACC67110154,C882169,11590.02,USD,2026-09-26T13:21:40,swift,SE,Jennifer Gray,Those particular time.,domestic
55042886-434,ACC52091325,C159942,18927.66,USD,2026-09-26T13:23:58,cash_deposit,AT,Monica Simpson,State turn center build happy near begin.,
A040ACD2-65F,ACC39042654,C874483,42238.6,USD,2026-09-26T13:41:51,crypto,VA,Larry Davis,Able summer western let gun inside.,
D7F42ECC-633,ACC55176955,C207175,14970.85,GBP,2026-09-26T14:01:14,card,BI,Walter Summers,Environmental stock front official not magazine gas.,
FFEDD99E-C21,ACC86460539,C358175,27008.41,EUR,2026-09-26T14:02:23,swift,TO,Courtney Foley,Standard base sure behind.,domestic
B10C85BA-367,ACC45351479,C624902,48480.58,CHF,2026-09-26T14:25:04,card,GE,Matthew Chen,Foot watch this enough card together.,
70085C8C-F09,ACC19289546,C897549,14748.62,CHF,2026-09-26T14:48:20,swift,JO,Kenneth Carroll,Employee whether level yeah draw traditional exactly.,cross_border
0F04A769-50F,ACC65259205,C941204,46463.76,USD,2026-09-26T14:53:12,sepa,HR,Shelia Moore,Response too set book.,
CC5A5E61-B20,ACC84093639,C407419,9976.35,GBP,2026-09-26T14:58:32,wire,CL,Nathan Brown,Animal summer group me face rate paper example.,domestic
3B0FF7CC-E01,ACC41068214,C402099,4291.36,EUR,2026-09-26T14:59:45,card,NI,Michelle Davis,Nature others decision rate consider.,
E9D3C5C9-C04,ACC91178885,C320861,17669.74,CHF,2026-09-26T15:10:10,card,WS,Marissa Williams,Rather against behind read a.,
0D2047C6-1B4,ACC41244663,C205907,29155.35,CHF,2026-09-26T15:35:31,swift,PW,Thomas Arroyo,Federal she something others someone nature country.,cross_border
CFEA6B7E-FAD,ACC11698142,C990844,39050.13,USD,2026-09-26T15:42:11,card,TR,Todd Fowler,Enjoy customer staff daughter economic.,
B127FB90-882,ACC88183110,C679364,48018.82,CHF,2026-09-26T15:45:35,card,AF,Tammy Martinez,Police she difference.,
359310CD-F43,ACC35714784,C299448,35816.12,CHF,2026-09-26T16:24:18,card,MT,Brandon Perkins,Too discover record wear.,
507CB9D1-C3B,ACC52091325,C159942,14255.36,CHF,2026-09-26T16:35:52,wire,GH,Joshua Miller,Thing notice less win cold real high might.,domestic
342DC9AE-52A,ACC38470244,C472060,22551.5,CHF,2026-09-26T16:48:03,card,CU,Elizabeth Coleman,History right physical represent newspaper perform much.,
78BE5E18-5F0,ACC50079111,C890075,26034.61,EUR,2026-09-26T17:05:46,cash_deposit,ST,Ian Olson,Score yard money common.,
7BCE30D9-AFC,ACC68186525,C479781,16504.68,GBP,2026-09-26T17:10:02,card,SA,Christina Obrien,Computer true sit turn gun expert well.,
31C57558-52C,ACC95132217,C544151,36042.01,GBP,2026-09-26T17:43:32,card,CN,Matthew Shea,Side agreement charge which play.,
496C13AA-57C,ACC69302158,C678478,37948.74,USD,2026-09-26T18:23:16,cash_deposit,CR,John Jackson,Result business thank process cause central challenge.,
31E38998-8D7,ACC97260863,C171951,3230.05,USD,2026-09-26T18:36:12,card,FR,Lisa Myers,Group thing institution may.,
D18C7649-C75,ACC49172995,C633590,4688.9,CHF,2026-09-26T18:39:20,card,SK,Ashley Schmitt,Benefit use seek keep.,
B6032DB3-320,ACC24508349,C501124,1290.8,GBP,2026-09-26T18:59:45,wire,VE,Mr. Tommy Mcdonald,Front effort development establish whom plant finally.,domestic
0BFBBA71-394,ACC67062156,C329471,33648.47,EUR,2026-09-26T19:16:37,wire,LA,Jeffrey Heath,Magazine operation course loss.,cross_border
B4AD3857-E0D,ACC35714784,C299448,8291.0,GBP,2026-09-26T19:46:05,cash_deposit,US,Teresa Allen,Ready must price receive according success stage.,
DE3AB9F7-A35,ACC24508349,C501124,36146.04,CHF,2026-09-26T20:07:24,cash_deposit,NR,Johnathan Rogers,Song company cell able old should.,
F532A88C-76E,ACC67062156,C329471,20362.68,EUR,2026-09-26T20:29:02,card,CH,David Marshall,Type force radio tough realize outside seek.,
7D74CECB-75F,ACC19233013,C356150,30585.22,EUR,2026-09-26T20:57:45,swift,AF,Justin Yang,Business story small sell bed.,cross_border
9DC6EEDD-442,ACC24508349,C501124,36851.03,USD,2026-09-26T21:04:06,crypto,IS,Traci Miller,Relationship fact money range.,
3B396322-8A4,ACC84903294,C901577,5758.08,CHF,2026-09-26T22:15:47,crypto,VU,Christy Mercer,Nation share avoid today.,
9D31F37E-E74,ACC73900135,C777278,1197.61,USD,2026-09-26T22:37:45,card,IN,Richard Brown,Room region minute foot physical building oil.,
4F2DF157-9BD,ACC53536830,C934816,39029.61,EUR,2026-09-26T23:20:14,crypto,HR,Steven Kelly,Factor ever early up new apply my.,
326FF2B1-A34,ACC45551614,C246413,36981.69,GBP,2026-09-26T23:42:34,wire,YE,Eric Ford,Instead bring total school knowledge machine after.,domestic
A2832C95-1B8,ACC38195995,C815198,17015.9,GBP,2026-09-26T23:51:42,card,MT,Jasmine Dixon,Until describe necessary single discuss agreement must.,
2EBF847E-65A,ACC90014570,C835244,9977.76,EUR,2026-09-27T00:03:36,crypto,KR,Rachel Navarro,Build model imagine moment.,
E8EF3486-D16,ACC50785405,C400850,38442.42,USD,2026-09-27T00:08:14,card,RU,Kevin Reilly,Indeed when close new energy key interview.,
DA532EF9-950,ACC41244663,C205907,17143.21,CHF,2026-09-27T00:34:51,wire,BI,Cheryl Vega,Child executive important focus benefit probably analysis.,domestic
3635B3D2-307,ACC81691040,C864544,40386.91,CHF,2026-09-27T01:08:31,swift,LA,Emily Brown,Movement action law town off former.,cross_border
E1D102CE-C0A,ACC42614537,C922733,13700.34,USD,2026-09-27T01:10:33,wire,PG,Carly Williams,Truth work certain game plan seat surface.,cross_border
55B3FEDF-8DA,ACC67062156,C329471,12827.8,EUR,2026-09-27T01:10:50,card,PS,Elizabeth Hill,Media think physical economy rise page may.,
0010389E-F10,ACC66722344,C456778,9983.09,CHF,2026-09-27T01:22:55,card,HR,Scott Wilson,Hotel camera without strong series without leg.,
CC3CE965-803,ACC73083727,C464863,9984.25,USD,2026-09-27T01:23:00,card,DO,Jenna Hernandez,Anyone idea read wall.,
CBF962E3-6A6,ACC84813739,C361303,43992.98,USD,2026-09-27T02:04:00,crypto,VN,Maria Rivera,Through speech list Democrat.,
68A08BCE-84A,ACC15614174,C423232,43330.51,EUR,2026-09-27T02:40:11,swift,UA,Robert Rocha,Key quality beyond community set exactly.,cross_border
A0EBDCFE-7C4,ACC43273328,C335612,11992.37,USD,2026-09-27T03:11:24,card,CN,Benjamin Harrell,Probably cut clear yard do.,
DFDFE66C-3AA,ACC99943797,C209680,40100.58,GBP,2026-09-27T03:59:36,card,NO,Amy Horne,Tonight level fire up country beyond popular.,
21AD2705-29E,ACC19289546,C897549,46087.56,CHF,2026-09-27T04:02:27,cash_deposit,MH,Lindsay Bailey,Medical both back daughter.,
76965A82-BEB,ACC35583290,C728492,18431.63,CHF,2026-09-27T04:12:33,cash_deposit,LU,Jennifer Robinson,Crime during nor think why.,
8E5B2B9D-1BC,ACC66722344,C456778,9985.54,EUR,2026-09-27T04:19:23,card,GD,Perry Taylor,May window approach join.,
947A137A-8F6,ACC99508850,C528231,28772.61,USD,2026-09-27T04:56:05,crypto,KI,Jason Sutton,Important arrive little expert tell speech house kid.,
C4A9E1C1-77F,ACC83089925,C335729,33492.04,GBP,2026-09-27T05:00:11,wire,BJ,Philip Wilson,Loss pay probably issue sometimes.,cross_border
F8FC10DF-6E6,ACC17275149,C296694,15237.25,EUR,2026-09-27T05:06:57,card,BZ,Brian Lopez MD,Rock turn along ahead government.,
EDD6F966-3A7,ACC42194159,C282256,49524.55,USD,2026-09-27T05:17:35,cash_deposit,PA,Jessica Henry,Fine vote price contain state start.,
F7965F46-DB1,ACC25480907,C373903,39465.95,USD,2026-09-27T05:21:27,wire,BZ,Mrs. Nicole Hanna,Focus page system area agency under.,domestic
4174EBFD-090,ACC68186525,C479781,10449.61,CHF,2026-09-27T05:32:03,wire,TW,Jasmine Smith,They southern finally maintain record.,cross_border
C44C2D35-E21,ACC83534128,C567574,9997.28,EUR,2026-09-27T05:39:14,swift,VN,Zachary Dalton,Police both common never thousand.,cross_border
E9188AE8-102,ACC44188276,C146542,17205.03,EUR,2026-09-27T06:26:47,cash_deposit,LK,Jill Jackson,Value artist cover city produce store section.,
B621458B-DE1,ACC95758349,C632323,15378.34,USD,2026-09-27T06:39:57,cash_deposit,DK,Daniel Smith,Could cut upon drive be.,
8D8F9C91-58C,ACC41244663,C205907,22801.76,EUR,2026-09-27T06:45:17,cash_deposit,IN,Aaron Little,Safe third people hair per fly.,
534C37EF-EFA,ACC22489409,C408528,38774.05,CHF,2026-09-27T06:53:49,wire,GW,Stacy Osborn,Travel side cell style soldier last third.,domestic
A9655592-906,ACC73123515,C120324,12444.09,USD,2026-09-27T06:56:41,sepa,LY,Tammy Francis,Task approach sister during technology message.,
9CA4C315-ACE,ACC13471527,C195763,4701.59,EUR,2026-09-27T07:05:52,card,HU,Melissa Sanders,Plan return these soldier.,
FA13C481-550,ACC82160068,C323508,14624.55,CHF,2026-09-27T07:16:30,cash_deposit,JO,Kathy Robinson,Feeling blue interesting.,
FFF31F70-CBA,ACC71115319,C437408,11793.27,EUR,2026-09-27T07:30:39,swift,AF,Wendy Liu,Institution day bank center team.,cross_border
ABF7248A-207,ACC51098277,C796212,46070.21,GBP,2026-09-27T07:36:54,card,DO,Scott Harris,Finish simply growth stop Mrs civil leg article.,
BCDF54F2-409,ACC23492385,C973074,23549.84,USD,2026-09-27T07:37:51,card,IQ,Angela Peterson,Total short world rule.,
1ADB6AA8-BFC,ACC33357554,C745414,5090.35,CHF,2026-09-27T07:46:18,crypto,IR,Bryan Blair,Themselves pass participant develop arrive.,
33F68883-120,ACC58181396,C988662,9295.83,EUR,2026-09-27T07:57:47,card,SA,John Davis,Own after long forward pass.,
1D6246F4-FD6,ACC49172995,C633590,19887.99,GBP,2026-09-27T08:02:55,card,RU,Marissa Sellers,Fear skin final leader knowledge civil.,
5371143C-6D4,ACC39587039,C571029,29594.5,GBP,2026-09-27T08:04:20,card,SY,Elijah Moore,Soldier meeting building cut.,
E55224C2-A4B,ACC70467027,C564226,27803.84,USD,2026-09-27T08:06:39,card,HR,Courtney Simmons,Politics center you result.,
557D3723-057,ACC81691040,C864544,12836.96,CHF,2026-09-27T08:54:17,crypto,GA,Fernando Thomas,Off commercial find throughout music.,
83DBAB3C-1C8,ACC36786211,C956253,45976.89,CHF,2026-09-27T09:38:32,swift,KI,Joseph Williams,Red work rise describe bring.,cross_border
63C7ED72-36B,ACC54058573,C392136,35526.53,EUR,2026-09-27T09:39:37,swift,LK,Renee Harris,Whose medical management top read democratic movement.,cross_border
6473A75A-C23,ACC50071487,C978157,39292.44,GBP,2026-09-27T10:12:31,swift,FR,Amy Carroll,Film pay wear hair.,cross_border
DEFAF7CB-494,ACC21819185,C429795,41131.04,EUR,2026-09-27T10:24:23,wire,AZ,Arthur Johnson,Down again recently agency.,domestic
38093548-5A4,ACC69302158,C678478,9890.26,USD,2026-09-27T10:31:12,cash_deposit,UZ,James Luna,Former least do series he throw.,
BE0DC009-FCD,ACC11698142,C990844,4275.55,EUR,2026-09-27T10:53:51,crypto,SY,Anthony Martin,Agent produce likely special story result risk pretty.,
E14E72A2-080,ACC82498004,C184491,4622.71,EUR,2026-09-27T11:02:33,card,HT,Angela Stevens,Save manager also happy produce.,
8594D923-B38,ACC99038526,C208618,14521.43,EUR,2026-09-27T11:19:02,wire,ZW,Andrew Salazar,Popular strategy himself civil skill vote.,cross_border
3E1BA947-69A,ACC46817443,C147726,240027.8,GBP,2026-09-27T11:25:56,cash_deposit,GY,Sandra Gomez,Learn performance cost matter such.,
939FC1CF-48B,ACC68186525,C479781,24187.6,GBP,2026-09-27T11:45:01,crypto,TT,Sean Roy,Memory according easy a until lay child.,
53A729BC-720,ACC41068214,C402099,35419.33,CHF,2026-09-27T12:33:05,sepa,HN,Frederick Cook,Become pretty cause.,
2BC75045-52C,ACC58181396,C988662,35074.31,CHF,2026-09-27T12:37:36,swift,BW,Jacob James,Knowledge enjoy let difficult.,cross_border
29D59F3E-5F4,ACC13895645,C507746,21559.82,EUR,2026-09-27T12:44:48,card,RO,Heather Sanchez,Team often be purpose.,
1B0A805A-457,ACC46361787,C421517,18091.25,USD,2026-09-27T12:44:58,cash_deposit,BN,Brandon Rose,Skill specific American matter stop beyond.,
FA4436B4-7F5,ACC66722344,C456778,41351.22,EUR,2026-09-27T13:22:15,card,WS,James Hall,Get every visit right both special information.,
1DE6B6E6-76D,ACC83932360,C114338,9997.67,GBP,2026-09-27T14:18:36,cash_deposit,ST,Elizabeth Brown,Itself be change general bar item.,
EE3FC351-E1E,ACC12614124,C217301,7471.07,CHF,2026-09-27T14:28:07,crypto,VE,Joann Mullen,Company travel give former operation war everybody.,
57A9C4E5-863,ACC58884978,C552248,37688.43,GBP,2026-09-27T14:59:23,swift,RO,Jeffrey Weaver,Control century leg her ahead during.,domestic
AD846DC0-032,ACC36786211,C956253,42780.22,CHF,2026-09-27T15:12:51,wire,MN,Jonathan Evans,Police above gun dream sound surface lose full.,cross_border
CA1B153C-79B,ACC22489409,C408528,1977.08,EUR,2026-09-27T15:43:57,cash_deposit,BD,Ricardo Barker,Stuff realize physical detail region standard.,
96ACBFCB-E8F,ACC83089925,C335729,32220.78,USD,2026-09-27T15:44:01,sepa,ES,Luis Jimenez,North writer leg catch concern on.,
F0BF7E39-3A8,ACC77827638,C731262,18051.22,USD,2026-09-27T15:46:07,sepa,EG,Brian Murphy,Fill owner international ready goal.,
32326474-2C2,ACC38470244,C472060,23370.18,CHF,2026-09-27T15:55:20,card,KP,Laura Oconnor,They hotel very away catch find notice.,
AA305AC5-45E,ACC82383095,C891952,12323.34,USD,2026-09-27T16:01:55,swift,KH,Amanda Johnson,Relationship computer surface bar.,domestic
E541595C-251,ACC43273328,C335612,2206.51,USD,2026-09-27T16:42:45,card,IN,Patrick Rios,Under front throughout effort southern maintain nature.,
C3511C75-E6B,ACC24366125,C878480,41400.5,CHF,2026-09-27T16:50:04,wire,LC,Brad Ryan,Open hour civil vote rule.,domestic
14BD893E-9F7,ACC82160068,C323508,9995.93,GBP,2026-09-27T17:00:49,wire,CU,Susan Velez,Southern care or share marriage better.,cross_border
938148FE-A5D,ACC46361787,C421517,40025.86,USD,2026-09-27T17:07:21,swift,BO,Morgan Knight,Risk born situation trouble job.,domestic
E10F8CFD-CC0,ACC88183110,C679364,15207.27,GBP,2026-09-27T17:14:12,sepa,AO,Anthony Torres,So floor operation nice full decade.,
774FDD32-CF2,ACC69476001,C947272,34532.74,USD,2026-09-27T17:15:23,crypto,SA,Haley Martinez,Language through nation film or.,
8181BBFF-69F,ACC95822412,C216739,19438.41,EUR,2026-09-27T17:18:06,card,AE,Stephanie Freeman,Job ahead from quickly identify.,
EF43793F-458,ACC46817443,C147726,4845.41,GBP,2026-09-27T17:41:53,card,ZA,Zachary Bradley,Enjoy very attack wind evening administration.,
BA4FA1EE-B9B,ACC81503856,C549186,38956.73,EUR,2026-09-27T17:50:41,swift,PA,Sandra Patrick,Drug oil eye author official go wife mean.,domestic
EC426740-906,ACC57683626,C319684,34593.97,GBP,2026-09-27T17:56:32,wire,MC,Jason Hayes,Law to time think.,cross_border
078618E2-954,ACC35848226,C430876,22609.33,GBP,2026-09-27T18:12:41,wire,ES,Scott Foster,North every bad experience occur day.,cross_border
67317911-5D8,ACC97971488,C623481,11037.42,GBP,2026-09-27T18:26:18,crypto,SR,Phillip Ewing,Himself fire heavy least.,
2BDAFD3B-075,ACC68802946,C832168,44814.67,USD,2026-09-27T18:34:10,card,KP,Angela Brown,Under collection computer.,
CA19FD72-160,ACC82160068,C323508,49374.59,CHF,2026-09-27T18:37:45,swift,FJ,Kim Ford,Tax investment fill.,cross_border
F17EC484-3A2,ACC41348220,C997594,10399.01,USD,2026-09-27T18:56:15,card,SR,Cody Schroeder,Appear keep really get list.,
C07AB7C3-EC2,ACC17275149,C296694,20772.15,EUR,2026-09-27T19:19:56,sepa,SE,Jerry Graham,Happy can likely bag such.,
BDF31E3D-070,ACC54769200,C908577,5677.58,EUR,2026-09-27T19:26:44,swift,FJ,Erica Lewis,Improve foreign see east officer.,domestic
C6D9DBA5-BF8,ACC95758349,C632323,21988.89,EUR,2026-09-27T19:38:26,cash_deposit,KR,Rebecca Jacobson,Behind finish value claim evidence guy become.,
ABB08376-CE2,ACC99943797,C209680,1483.22,GBP,2026-09-27T19:42:55,wire,ZA,Keith Walker,Author election official manager prevent difference instead.,cross_border
E9BB4C12-1AA,ACC68461818,C965845,30673.03,USD,2026-09-27T20:41:30,swift,DE,Casey Thomas,Network quickly trouble set.,cross_border
7649C35F-8A0,ACC25228493,C583863,44371.18,EUR,2026-09-27T21:30:12,card,CO,David Benson,Mr however then environment step.,
1E0FACD1-119,ACC22517517,C890170,40514.08,CHF,2026-09-27T21:36:22,swift,BF,Andrew Williams,Major specific rather letter me tell just.,cross_border
18FC85A2-6B3,ACC88961459,C680828,34876.6,GBP,2026-09-27T21:37:26,cash_deposit,HN,Willie Johnson,Street work early difficult possible.,
F29190A9-518,ACC58884978,C552248,38941.47,GBP,2026-09-27T21:55:14,swift,LI,Angela Fernandez,Water hand despite.,cross_border
CFA3F712-E6B,ACC38195995,C815198,28078.66,EUR,2026-09-27T22:01:25,card,SY,Becky Olson,Yourself design place certainly focus.,
B802B553-3FF,ACC87342561,C142185,21076.91,CHF,2026-09-27T22:02:20,wire,BI,Richard Cobb,Particularly beautiful light into mouth reduce none.,cross_border
097E3C0B-839,ACC19528530,C842225,42840.37,EUR,2026-09-27T22:07:58,card,PL,Rebecca Brooks,Degree center board present feel.,
CE726C2F-7BF,ACC16927215,C313446,24524.28,CHF,2026-09-27T22:32:20,wire,MY,Erik Kelly,Down final air leader guy play put.,domestic
E12A78DF-FA3,ACC31980274,C426147,39440.43,CHF,2026-09-27T22:39:01,card,AD,Olivia Stone,Several moment begin time leave executive.,
989C8DA7-349,ACC42614537,C922733,12355.96,GBP,2026-09-27T22:42:14,wire,MR,Kelly Weiss,Officer seek reach write difficult.,domestic
E736C15F-19D,ACC19233013,C356150,7820.63,USD,2026-09-27T22:47:43,cash_deposit,GE,Jennifer Butler,Group by throw issue.,
100FAB83-3C2,ACC77834855,C612262,40586.37,GBP,2026-09-27T23:08:10,cash_deposit,WS,Marcus Ramirez,Information lose up decide support kitchen record.,
CC3C9F7E-FCF,ACC95613415,C889359,39272.36,USD,2026-09-27T23:12:29,wire,DK,Jennifer Joseph,Wait process sell customer probably bank current.,domestic
210867C1-471,ACC86483924,C739979,36636.65,USD,2026-09-27T23:17:46,crypto,IT,Bradley Cook,Not role recognize life.,
764025A7-6AA,ACC77827638,C731262,38927.98,CHF,2026-09-27T23:31:40,crypto,CZ,Lisa Henderson,Down business draw police performance.,
365ACD8B-4BD,ACC65259205,C941204,31149.09,GBP,2026-09-28T00:03:10,card,VE,Randy Flores,Scientist remain down song for though.,
C5E81BDD-8E2,ACC50079111,C890075,37885.42,GBP,2026-09-28T00:12:02,wire,JP,Rodney Mendoza,Prevent off describe.,cross_border
30A8F19C-FBF,ACC39587039,C571029,16065.17,USD,2026-09-28T00:31:49,wire,NI,Nicole Pham,Seven quite other skin moment.,domestic
95477445-4B2,ACC35583290,C728492,10561.98,CHF,2026-09-28T00:37:23,swift,IR,Nicholas Romero,Now those deal over statement could south painting.,cross_border
2B173B67-19B,ACC22489409,C408528,380980.51,CHF,2026-09-28T00:50:24,cash_deposit,ZA,Julie Beltran,Color reveal later foreign.,
2B289893-609,ACC34391257,C152727,9995.95,EUR,2026-09-28T01:19:22,wire,IQ,George Rogers,Hospital street send improve drug full even.,cross_border
5A2D717C-885,ACC19233013,C356150,14079.64,USD,2026-09-28T01:21:57,cash_deposit,TN,Zachary Zamora,Question environmental stock art.,
000FFCB9-BBB,ACC84093639,C407419,32462.52,GBP,2026-09-28T01:31:57,card,PL,Michael King,Rise maintain former campaign pretty.,
36F8F2E0-3C7,ACC25312516,C962050,39879.81,GBP,2026-09-28T02:39:35,cash_deposit,WS,Robin Gallegos,Commercial wear program.,
4A448F20-978,ACC94525678,C703634,4791.81,USD,2026-09-28T02:40:13,card,NO,Jeremy Sparks,Contain ask nothing off technology.,
6322F5C3-5AC,ACC81621574,C498468,41220.34,GBP,2026-09-28T02:47:04,wire,LU,Sabrina Mcgee,Usually late spend particular.,domestic
2365462A-075,ACC64038913,C863587,45400.6,EUR,2026-09-28T02:47:59,cash_deposit,PS,Susan Miller,Very that national trade price beyond idea.,
6F2D8AD2-98F,ACC93955206,C321275,5520.45,USD,2026-09-28T03:03:46,card,IR,Vanessa Hernandez,Drug yeah old huge.,
ECDA049C-77F,ACC71070189,C399105,14006.48,CHF,2026-09-28T03:05:11,card,NL,Chloe Parker,First put best about safe yes lead seem.,
72B23344-B98,ACC87049595,C398151,2249.81,EUR,2026-09-28T03:21:37,sepa,SA,Amanda Gallegos,Quickly police seven beyond.,
882F07E8-8FF,ACC64830300,C572387,17446.9,USD,2026-09-28T03:51:31,sepa,BY,Danny Williams,Instead memory themselves notice yeah least shake industry.,
AA9E01B4-382,ACC44392446,C904150,26913.76,CHF,2026-09-28T04:04:38,sepa,TV,Angela Thompson,Pressure since worker than.,
DD9A243C-C63,ACC53536830,C934816,9981.56,USD,2026-09-28T04:07:30,cash_deposit,RS,Alyssa Edwards,Significant article heavy table start hope tend image.,
06AF0EE9-899,ACC39958838,C246316,13612.42,USD,2026-09-28T04:16:09,cash_deposit,KR,Jason Walker,Left brother strategy marriage.,
69DEC508-844,ACC48349783,C345884,18135.08,GBP,2026-09-28T04:29:04,card,CU,Daniel Summers,Back like increase game.,
7B8C5659-E42,ACC58884978,C552248,28469.79,CHF,2026-09-28T04:35:13,wire,DM,Casey Taylor,Trip model music item.,domestic
10C8A042-BC7,ACC39042654,C874483,30656.7,CHF,2026-09-28T05:34:37,swift,SM,Daniel Rhodes,Political live not media office detail subject black.,cross_border
EF666739-57B,ACC81503856,C549186,41644.89,EUR,2026-09-28T05:36:07,card,BW,Robert West,Base than response war this subject.,
B444C6D5-6CF,ACC90014570,C835244,30657.47,EUR,2026-09-28T05:37:45,card,KH,Sean Stone Jr.,Phone attack window suddenly more place everything.,
01460F2C-124,ACC41068214,C402099,38855.54,USD,2026-09-28T06:01:22,crypto,LK,Sherry Bell,Child statement other.,
7DD68C27-C9C,ACC66722344,C456778,34139.69,EUR,2026-09-28T06:08:38,card,SN,Alan Bowen,Within admit spend purpose south travel blood.,
6F76DB95-8C1,ACC21267237,C773971,24604.91,USD,2026-09-28T06:26:16,swift,IN,Mary Maxwell,Property specific north.,cross_border
00DA2A59-79B,ACC86320155,C751194,20174.73,CHF,2026-09-28T06:28:07,swift,KN,Isabella Sims,Effect face best task always.,domestic
279BE63C-32E,ACC38470244,C472060,10729.97,CHF,2026-09-28T06:38:43,card,MN,Andrew Nolan,Form he source ten size.,
946567DA-4B9,ACC81691040,C864544,32237.28,CHF,2026-09-28T07:05:28,swift,NO,Janice Perez,Painting official suggest door maybe improve.,cross_border
2A80EB27-B57,ACC41348220,C997594,17667.56,EUR,2026-09-28T07:19:17,wire,CA,Kristen Taylor,Reach report unit room majority benefit purpose.,domestic
39F0928E-2DF,ACC73083727,C464863,44527.96,CHF,2026-09-28T07:36:01,card,DO,Bonnie Leblanc,Certain town conference.,
642FA81A-CDF,ACC73481797,C839485,293.93,EUR,2026-09-28T07:37:20,cash_deposit,UZ,Jill Bowman,Avoid goal stop three stand.,
AAC964AB-7A9,ACC69302158,C678478,37668.84,USD,2026-09-28T08:15:18,card,LS,Gregory Vasquez,Or fill should name everything office.,
0020F066-FE5,ACC89864260,C171262,33652.08,EUR,2026-09-28T08:15:26,swift,ML,David Murphy,Determine authority various nearly answer daughter.,domestic
C9E59025-1A9,ACC68802946,C832168,13321.76,CHF,2026-09-28T08:30:33,wire,KM,Crystal Young,Big east one report common result.,domestic
2E4F53C9-B3D,ACC83534128,C567574,14131.4,GBP,2026-09-28T08:58:17,card,ES,Jesse Martin,List four wonder difficult.,
3FDADB1E-652,ACC73123515,C120324,37241.36,CHF,2026-09-28T08:58:23,wire,OM,Megan Baird,Add guess decade tend second build.,cross_border
02F2EA28-8F0,ACC97225156,C491559,23268.0,CHF,2026-09-28T09:58:03,cash_deposit,IR,Sarah Medina,Wife argue note easy.,
5F020B9F-0D2,ACC98231132,C712024,32118.21,USD,2026-09-28T10:04:44,swift,CD,William Young,Understand language have actually.,domestic
7D671162-994,ACC39958838,C246316,25282.5,EUR,2026-09-28T10:08:28,wire,BF,Tony Little,Bill activity expect long future whole education.,cross_border
13719EA6-58F,ACC73123515,C120324,21796.97,EUR,2026-09-28T10:41:45,swift,PY,Jonathon Dickson,Lead bill personal TV lot animal.,domestic
6E182B7F-FF9,ACC58181396,C988662,20148.51,CHF,2026-09-28T10:42:26,card,GT,James Mills,Reach view of dog federal house take.,
253CC51C-C66,ACC41244663,C205907,647.34,USD,2026-09-28T10:51:00,crypto,IS,Laura Duncan,Also green catch happen.,
7037F43A-808,ACC20099059,C824586,20265.12,EUR,2026-09-28T11:02:20,wire,KM,Michael Gutierrez,Author world time try cause behind single.,cross_border
819EAAD4-CC7,ACC22517517,C890170,23940.28,CHF,2026-09-28T11:10:06,swift,KM,Brian Brown,Responsibility whether population compare.,cross_border
7A2535AE-0BD,ACC44188276,C146542,9979.05,CHF,2026-09-28T11:24:32,card,BY,Monica Carlson,Baby ground officer brother.,
66301F89-AF9,ACC50071487,C978157,47526.71,EUR,2026-09-28T12:09:25,card,KI,Kathleen Smith,Protect he later hospital investment student data.,
A2483882-3CA,ACC19233013,C356150,9982.39,CHF,2026-09-28T12:31:47,card,SD,Dominique Logan,Create simply cover class sure hour clear interview.,
254C7904-896,ACC85146293,C526117,18951.69,CHF,2026-09-28T12:45:54,swift,CR,Alex Adams,Start against technology clear service nice.,cross_border
2022500D-55C,ACC46361787,C421517,19633.83,EUR,2026-09-28T13:07:29,swift,RW,Thomas Mendez,Tv together partner.,domestic
9560FD87-453,ACC82160068,C323508,28757.71,EUR,2026-09-28T13:26:34,swift,CF,Richard Garcia,Serious this choose write great resource within wrong.,cross_border
56249834-20F,ACC55176955,C207175,311767.06,USD,2026-09-28T13:45:41,swift,EC,Dylan Lopez,People tend weight machine crime himself no.,cross_border
8375AF35-007,ACC22130508,C555052,25326.21,USD,2026-09-28T13:48:09,crypto,KI,Laura Collins,Respond article executive crime hand.,
0F84FFC8-BDB,ACC90014570,C835244,49391.41,CHF,2026-09-28T13:53:28,wire,TG,Marvin Torres,Day article edge learn necessary sound.,domestic
A1D7117E-4E7,ACC35714784,C299448,34417.74,EUR,2026-09-28T13:57:32,crypto,LC,Kiara Santana,Together true worker though church young mouth note.,
56D73033-29B,ACC82287061,C607868,21175.0,USD,2026-09-28T14:30:57,cash_deposit,HR,Kimberly Knight,Plant defense population article until.,
5D6F7044-F9C,ACC36786211,C956253,35551.24,GBP,2026-09-28T14:37:08,card,ZM,Christine West,Else series law strategy leader tend itself.,
8E471757-F95,ACC69302158,C678478,46312.15,USD,2026-09-28T15:02:59,card,SE,Courtney Cruz,Marriage tree politics whose purpose dinner.,
717AFE63-9C8,ACC98231132,C712024,33165.77,CHF,2026-09-28T15:14:02,crypto,SY,Max Williams,Figure spring necessary peace say energy take.,
526AF6F3-748,ACC64830300,C572387,19223.57,EUR,2026-09-28T15:14:29,sepa,SZ,Gina Parks,Else value summer down explain character general.,
C830D6A4-EA3,ACC73771720,C740967,22440.26,EUR,2026-09-28T15:14:57,cash_deposit,GN,Renee Jackson,Office traditional possible wife phone since least.,
13EB7E11-F7F,ACC69302158,C678478,24450.79,USD,2026-09-28T15:28:08,wire,SK,Anita Davis,Subject least place first.,domestic
4DA24A19-DD2,ACC45551614,C246413,49670.67,USD,2026-09-28T15:32:14,swift,CZ,Mary Yates,Country approach consumer.,cross_border
4A723B7C-079,ACC36726767,C254511,26416.47,CHF,2026-09-28T15:42:22,crypto,AD,John Williams,Yes matter image collection agency.,
45751E53-9CA,ACC98231132,C712024,8629.28,EUR,2026-09-28T15:51:09,card,EE,Christine Wiggins DDS,Pull third data sport imagine section.,
7643F39A-F41,ACC50079111,C890075,9990.32,GBP,2026-09-28T16:25:56,cash_deposit,BA,Samantha Tucker,Sound employee matter bag deep most sign.,
11785A6A-D0D,ACC69302158,C678478,5168.59,CHF,2026-09-28T16:27:00,card,EC,Adam Ramirez,Term moment group paper other allow.,
02239D2F-DBF,ACC31980274,C426147,23326.09,GBP,2026-09-28T16:37:12,wire,IR,Amanda Cochran,Evidence coach before west three bit city.,cross_border
DE04AAD4-A2F,ACC20200074,C720859,31983.84,CHF,2026-09-28T16:39:44,swift,BG,Tracie Mcguire,Position might event occur economic first still.,cross_border
8B5E1FD5-E33,ACC35714784,C299448,44895.75,GBP,2026-09-28T16:57:49,card,PG,Alyssa Davis,Occur project court state doctor and conference still.,
9B33711B-EB9,ACC71115319,C437408,1164.96,CHF,2026-09-28T17:01:55,card,FM,Timothy Day,Blood artist rest success national may maintain forget.,
CD40DE1D-82E,ACC19943140,C705050,33799.61,USD,2026-09-28T17:07:51,card,MZ,Sarah Collins,Purpose career political all out major most.,
7511BBDC-699,ACC44188276,C146542,7265.98,EUR,2026-09-28T17:09:00,sepa,VE,Kristi Boyd,Us budget ability.,
E260CCD4-0CA,ACC50079111,C890075,11416.37,USD,2026-09-28T17:48:34,wire,UZ,Paul Washington,Home half pass population money.,cross_border
6782D818-81F,ACC73900135,C777278,29262.15,USD,2026-09-28T17:49:27,swift,GQ,Troy Baird,Professional method be sea hard fall painting.,domestic
E7E7D8B8-A99,ACC35848226,C430876,43333.72,EUR,2026-09-28T17:50:20,crypto,UY,Amy Newman,Far address cause maintain catch.,
DE358346-A51,ACC41348220,C997594,36929.64,USD,2026-09-28T17:59:43,swift,SB,Jessica Walker,Herself call huge according result number outside.,domestic
1088F4E1-82A,ACC92874006,C171744,1152.31,EUR,2026-09-28T18:30:32,card,RU,Timothy Zhang,Later black grow traditional management reduce letter.,
BE167FC9-8DB,ACC49172995,C633590,28876.83,GBP,2026-09-28T18:38:16,card,VE,Joseph Johnson,Health live open especially see.,
81F4E496-BE7,ACC88183110,C679364,49080.09,EUR,2026-09-28T18:43:38,cash_deposit,BY,Patrick Johnson,Under truth wait.,
1933108E-02B,ACC65026398,C786587,17951.11,EUR,2026-09-28T19:27:53,cash_deposit,VE,Abigail Carroll,New call writer decade word quality.,
98B4BDE5-1CA,ACC21819185,C429795,12747.21,EUR,2026-09-28T19:40:18,crypto,KP,James Mills,Stay hear three government.,
3FE42345-DC9,ACC64038913,C863587,5677.87,CHF,2026-09-28T19:41:31,wire,SA,Jasmine Day,Tonight already could number admit.,cross_border
DAC55294-190,ACC83534128,C567574,35561.3,EUR,2026-09-28T20:16:06,sepa,VE,Frederick Gonzalez,Agent me cell identify.,
16878D9C-914,ACC21267237,C773971,6367.93,USD,2026-09-28T20:17:37,swift,AU,Mr. Paul Tanner,Arrive should shake offer debate store bit.,cross_border
7ED668C5-A06,ACC69476001,C947272,48406.06,GBP,2026-09-28T20:30:02,card,SL,Hannah Martin,Very newspaper tree simply.,
19738B9B-A8B,ACC44188276,C146542,9997.4,EUR,2026-09-28T20:35:07,card,TR,Clayton Brooks,Fish wind say body top.,
9502242D-0C0,ACC94120751,C350867,42140.05,GBP,2026-09-28T21:03:20,card,KR,Melissa Hughes,Network moment number still physical wrong science.,
84455491-E5C,ACC73900135,C777278,47999.69,GBP,2026-09-28T21:11:43,sepa,ZW,Elizabeth Cross,Garden number among require no society.,
46341DD1-96B,ACC16927215,C313446,24013.27,GBP,2026-09-28T21:15:44,wire,CL,Joseph Jones,Spend follow after.,cross_border
4960EE46-F1A,ACC32775593,C790855,2190.17,EUR,2026-09-28T21:31:23,card,NO,Mary Harris,Record team increase meeting night site green.,
C2FB8C9C-508,ACC65259205,C941204,21264.25,GBP,2026-09-28T21:47:54,cash_deposit,CL,Catherine Garza,Image pass toward environment.,
A07BD585-987,ACC41244663,C205907,21049.36,CHF,2026-09-28T21:56:32,card,EE,Jennifer Garcia,Group learn professor third coach Congress husband.,
54A5A95E-842,ACC33357554,C745414,16187.13,CHF,2026-09-28T22:07:11,card,DK,Tiffany Abbott,Admit truth reduce outside base while.,
ACEFE7E8-148,ACC69096899,C204555,46828.19,EUR,2026-09-28T22:34:10,crypto,AE,Theresa Joseph,Attention suffer stage behind.,
2FC38C10-37D,ACC65259205,C941204,23102.69,GBP,2026-09-28T22:57:07,wire,IQ,Johnny Anderson,News vote certain glass far.,cross_border
498857AE-6E8,ACC77827638,C731262,9979.79,CHF,2026-09-28T23:06:15,sepa,KR,Rickey Li,Behavior provide meet adult final week game.,
60B94693-85A,ACC21267237,C773971,2202.37,USD,2026-09-28T23:32:47,wire,VE,Regina Fernandez,Know everything practice thousand sound.,domestic
27D67C16-1D8,ACC94525678,C703634,43152.64,EUR,2026-09-28T23:59:24,card,PS,Kristen Espinoza,Make live just he as matter let.,
E53CC2CB-6A6,ACC65026398,C786587,35576.18,EUR,2026-09-29T00:09:50,wire,JP,Mark Garcia,Professional year red boy exactly what.,domestic
8BDF936A-205,ACC97260863,C171951,4384.38,USD,2026-09-29T00:35:29,card,BF,Christina Pearson,Relationship strategy often improve.,
FA3C3727-C5A,ACC73083727,C464863,8850.02,CHF,2026-09-29T00:56:19,swift,MM,Carol Griffith,Building meet mean positive result.,cross_border
FF82CF77-8A1,ACC35714784,C299448,34109.77,CHF,2026-09-29T01:46:01,wire,CU,Terry Carpenter,Apply conference then sometimes.,domestic
8DF56A05-53F,ACC25480907,C373903,28518.1,EUR,2026-09-29T01:58:58,sepa,FJ,Sarah Bennett,Wide during perform tend probably hold.,
CEB97B6B-690,ACC22660194,C201639,7184.68,EUR,2026-09-29T02:03:11,card,TZ,Lisa Guerrero,Case front reality window mouth pattern as.,
B12BED52-6F9,ACC99889098,C850981,37342.17,GBP,2026-09-29T02:07:13,card,SV,Brandy Baird,Enough main decade.,
B79C74A7-486,ACC82498004,C184491,3539.36,USD,2026-09-29T02:14:12,swift,PW,Nicole Neal,Money number test truth someone choice.,domestic
3E41CB96-83B,ACC44788100,C888295,276487.63,USD,2026-09-29T02:14:47,card,BH,Brandon Hudson,Walk executive increase science.,
79D1F55C-4B5,ACC67110154,C882169,49078.05,CHF,2026-09-29T02:16:56,crypto,SB,Chad Day,Effort customer truth seat throw five.,
0A69896C-C84,ACC88961459,C680828,47855.27,GBP,2026-09-29T02:44:48,swift,ME,Justin Thompson,Receive cup bed our theory identify enjoy respond.,domestic
500464D5-D4E,ACC86320155,C751194,34327.44,GBP,2026-09-29T03:39:21,card,NP,Annette Mckee,Season cultural treatment want perform kitchen maintain.,
FD4033AB-F0D,ACC36786211,C956253,39278.0,USD,2026-09-29T03:44:46,cash_deposit,MY,Elijah Mason,Develop difficult still class suddenly pressure somebody.,
4D73A325-925,ACC68186525,C479781,7501.4,EUR,2026-09-29T04:39:36,wire,TT,Aaron Osborne,Lawyer care production story.,cross_border
4DEAC398-DB4,ACC21490777,C353080,11868.22,GBP,2026-09-29T04:39:42,sepa,SN,Deborah Weber,Hour computer chair environmental few.,
3B6F159D-B6B,ACC45570755,C455007,28657.81,GBP,2026-09-29T04:50:26,card,MC,Jennifer Thompson,From four thousand thing blue treatment.,
2837A34D-DFE,ACC41348220,C997594,29035.9,CHF,2026-09-29T05:01:26,crypto,SL,Taylor Jones,Coach carry personal second.,
F4C7DAFF-603,ACC35487660,C411120,15565.11,USD,2026-09-29T05:03:55,cash_deposit,MH,Jennifer Cohen,Life father wife situation.,
9734B6E8-71A,ACC94120751,C350867,182.42,GBP,2026-09-29T05:13:26,cash_deposit,VE,Katherine Nolan,Turn where quite institution this minute.,
DD165F02-7E4,ACC15614174,C423232,850.73,CHF,2026-09-29T05:15:40,swift,KE,Crystal Case,Pressure war picture take story democratic.,domestic
CD9886FF-79F,ACC61642594,C500156,9983.14,EUR,2026-09-29T06:02:35,card,BA,Jessica Hall,Break because become scientist visit.,
55532DCB-EA7,ACC87282128,C810250,873.3,EUR,2026-09-29T06:18:18,card,GT,Donna Garcia,Pm less I central read assume.,
F70CFA8D-EE3,ACC22517517,C890170,15713.15,CHF,2026-09-29T06:22:21,sepa,ML,Karen Gray,Walk foot peace memory simply prove law.,
B50D897D-5FB,ACC61642594,C500156,30655.83,CHF,2026-09-29T06:24:08,wire,LI,Lori Villa,Voice building degree ground community I.,cross_border
02211D7F-794,ACC82498004,C184491,35323.86,EUR,2026-09-29T06:36:28,card,DE,Nancy Smith,World mission policy start explain.,
67525B60-F6C,ACC71662963,C662275,9914.67,GBP,2026-09-29T06:55:45,sepa,MH,Mr. Michael Butler,Experience suggest space mission agent certainly prove.,
BA2259AC-101,ACC54058573,C392136,376665.99,USD,2026-09-29T07:05:39,cash_deposit,CL,Nathaniel Gomez,Dinner change north success story.,
86723CCE-1B8,ACC98231132,C712024,37399.32,USD,2026-09-29T07:17:31,card,AO,Richard Ellis,Effort goal pay number if away meeting.,
D0EEA236-B0C,ACC24508349,C501124,29999.09,CHF,2026-09-29T07:37:11,wire,TL,Teresa Lawson,Lay hear attention occur.,cross_border
B6EDCEC3-1A8,ACC87049595,C398151,17085.14,GBP,2026-09-29T07:44:41,wire,MW,Angelica Walter,Know nothing easy customer nature government.,cross_border
5CD93076-3D4,ACC58181396,C988662,39417.3,CHF,2026-09-29T07:52:10,wire,CD,Rachel Dillon,There enough pressure occur list common.,domestic
5FEF8D97-7FD,ACC22660194,C201639,25195.85,GBP,2026-09-29T08:04:20,card,UY,Jon Bauer,After modern really play blood list.,
014CCD6E-54B,ACC36726767,C254511,20644.92,GBP,2026-09-29T08:09:02,swift,FM,Phillip Jones,Rate return throughout operation.,domestic
2115FF62-49A,ACC92874006,C171744,11204.47,GBP,2026-09-29T08:35:50,card,PH,Sharon Marsh,Deep little wrong hold.,
2E47289F-EE3,ACC33357554,C745414,41275.15,CHF,2026-09-29T08:40:26,card,BJ,Amanda French,But miss develop describe capital.,
62CD177B-02C,ACC63121477,C237235,47786.03,GBP,2026-09-29T08:48:23,wire,LT,Allison Murray,Left couple single pressure commercial behavior daughter spend.,domestic
B69AC2A0-42E,ACC87282128,C810250,26458.62,USD,2026-09-29T09:03:48,card,DK,Norman Perez,Despite white way major amount put play.,
86D8EF99-098,ACC42614537,C922733,12480.84,CHF,2026-09-29T09:06:01,sepa,BD,Jessica Crane,Social resource score expert because happen star.,
1846EB56-D38,ACC69096899,C204555,125.44,CHF,2026-09-29T09:28:11,crypto,KI,Mr. Todd Bowman,Ok pull week.,
2C404FC8-E55,ACC47346970,C888539,18733.84,CHF,2026-09-29T09:37:53,card,NG,Audrey Hernandez,Knowledge him much.,
9C15D874-68D,ACC67062156,C329471,23835.67,EUR,2026-09-29T10:05:50,wire,NL,Sandra Boyle,Mouth land per whatever beat house.,cross_border
F3643E8A-FA2,ACC58181396,C988662,3707.52,CHF,2026-09-29T10:29:10,cash_deposit,JP,Nancy Sanchez,Option management significant crime too set.,
A4536030-2A8,ACC90014570,C835244,35653.72,EUR,2026-09-29T10:53:45,sepa,MD,Amy Pruitt,Partner product building certainly.,
BFE4686E-924,ACC35714784,C299448,10823.16,USD,2026-09-29T10:59:16,wire,TM,James Weber,Foot tax ground serve mouth.,domestic
D9ACDC22-6C1,ACC19584466,C162535,26458.89,EUR,2026-09-29T11:13:58,card,KR,Shannon Allen,Forget star decision minute rise different.,
0051053A-D7F,ACC58181396,C988662,7117.16,USD,2026-09-29T11:30:40,cash_deposit,BY,Paul Contreras,Property space including series.,
67823850-F8D,ACC87282128,C810250,20854.63,USD,2026-09-29T11:54:47,sepa,LU,Phillip Martinez,Social more single control task speak sign.,
0860535C-12C,ACC90014570,C835244,43143.63,EUR,2026-09-29T12:39:13,sepa,GM,Alexander Williams,Treat pattern executive fire.,
20561761-440,ACC95758349,C632323,3895.99,USD,2026-09-29T12:47:36,wire,TN,William Webb,Fire want across.,cross_border
9EBA5FB3-8C5,ACC95320121,C974628,44506.64,USD,2026-09-29T12:54:14,cash_deposit,CY,Emily Grant,Contain style certainly ahead.,
92208FF3-60C,ACC47333543,C290305,31875.01,GBP,2026-09-29T12:58:34,wire,RS,Christopher Richardson,Practice drop pattern less unit.,domestic
5ED3F654-445,ACC89864260,C171262,13580.96,USD,2026-09-29T13:22:28,crypto,BY,Cody Marshall,Body play practice case.,
C6BA1FB3-99A,ACC65682626,C527398,24074.24,USD,2026-09-29T13:43:31,sepa,BY,George Haynes,Seat tree letter program hand threat dream.,
11DF5972-DA1,ACC45935572,C169403,24545.36,EUR,2026-09-29T13:48:22,swift,CY,Tammy Morgan,Rule too cause nearly.,domestic
5F304210-052,ACC12614124,C217301,24965.54,GBP,2026-09-29T14:18:00,cash_deposit,JP,Mr. Antonio Yang,School apply day century science manager difference.,
604E0A24-E3F,ACC88183110,C679364,41800.2,USD,2026-09-29T14:39:58,card,LB,Brandy Peterson,Lose charge follow owner many fast near.,
AF60C5E6-9C1,ACC90267122,C141797,47882.72,USD,2026-09-29T14:55:23,crypto,SC,Susan Santos,Nice anyone door.,
D133EDA5-594,ACC36757737,C979995,46715.93,EUR,2026-09-29T14:55:36,wire,MW,Rita Turner,Environment term southern nation different.,cross_border
D61053D3-D2C,ACC35487660,C411120,25668.49,EUR,2026-09-29T15:20:28,swift,KW,Victor Smith,Service record anything floor front television.,cross_border
9D927688-40F,ACC19233013,C356150,45093.77,EUR,2026-09-29T16:25:45,crypto,BW,Jerome Howell,One Congress land reflect.,
89095A13-F53,ACC64038913,C863587,20082.01,CHF,2026-09-29T16:55:20,card,GB,Catherine Booth,West indeed main write.,
E89A38EF-921,ACC99038359,C989208,10125.81,GBP,2026-09-29T17:00:03,card,LU,Jason Coleman,Discuss according beat.,
AA6B92D9-E08,ACC89864260,C171262,25714.87,GBP,2026-09-29T17:11:35,card,IT,Eric Hickman,Rich development area agree.,
1F03A0E3-140,ACC66722344,C456778,1620.54,EUR,2026-09-29T17:25:27,sepa,MD,Anthony Jones,Tonight nor allow up fire.,
710A3F6E-384,ACC22130508,C555052,48864.47,USD,2026-09-29T17:28:30,wire,UZ,Michele Bray,Resource physical direction soon instead suffer.,cross_border
207B61EB-448,ACC92874006,C171744,13591.87,USD,2026-09-29T18:37:14,card,BY,Jordan Taylor,Have best accept resource though study later.,
4354F731-FBB,ACC23492385,C973074,22342.96,USD,2026-09-29T18:55:57,crypto,BY,Bobby Thomas,Production risk ever hope.,
4FC6B6DF-144,ACC24549543,C725550,171052.9,EUR,2026-09-29T19:43:49,swift,TZ,Julie Perez,Wife someone crime store with system firm.,domestic
DCCE681D-810,ACC72409658,C563246,4526.48,GBP,2026-09-29T20:09:17,card,MM,Richard Coleman,Street final magazine your authority.,
D3308691-419,ACC19289546,C897549,43839.0,GBP,2026-09-29T20:22:14,cash_deposit,SO,Robert Marks,Spend baby camera Congress analysis.,
B16DD98A-B8D,ACC42194159,C282256,7904.48,GBP,2026-09-29T20:40:18,card,OM,Rebecca Miller,As off top adult suddenly worry.,
BF50EEAD-AC8,ACC33357554,C745414,30076.63,CHF,2026-09-29T20:44:00,swift,UZ,Audrey Gentry,Six health theory from offer public science or.,cross_border
22AD5645-DB8,ACC49172995,C633590,20527.64,USD,2026-09-29T20:52:31,sepa,AF,Nicholas Shelton,I together moment very.,
254B921B-EDB,ACC46361787,C421517,9992.54,GBP,2026-09-29T20:56:02,swift,BY,Courtney Fletcher,Throughout entire audience before back couple almost.,domestic
27904629-6F6,ACC17774584,C352572,42618.77,EUR,2026-09-29T20:56:41,swift,NE,Andrea Lopez,Many strategy now list goal peace next.,domestic
9C7444AC-810,ACC63640499,C355836,29098.52,CHF,2026-09-29T20:57:23,card,MV,Kayla Taylor,National call score leader south.,
4B1B3003-2E5,ACC90014570,C835244,32713.31,USD,2026-09-29T21:01:05,crypto,MY,Mark Nunez,Trip mind evening goal design economic.,
30EBCD07-8E3,ACC91178885,C320861,173.32,GBP,2026-09-29T21:14:40,sepa,MN,Kyle Hall,Off station wide among.,
44950CC4-D3E,ACC25374874,C814825,19250.11,EUR,2026-09-29T22:13:09,swift,ZM,Thomas Hickman,Stay along leg pay major green past.,domestic
9372C842-97C,ACC97971488,C623481,6839.84,CHF,2026-09-29T22:15:00,cash_deposit,CG,Mary Jennings,Like no choose argue enjoy opportunity help.,
C4330F4F-1A4,ACC20200074,C720859,36705.96,EUR,2026-09-29T22:36:47,cash_deposit,TH,Amber Ward,Factor recently order economy despite thought identify.,
ADB0EB65-514,ACC64038913,C863587,8528.83,CHF,2026-09-29T22:37:22,crypto,ER,Ashley Burnett,Despite remain college whatever tell meeting writer.,
AB297256-035,ACC89864260,C171262,10394.52,USD,2026-09-29T23:29:08,cash_deposit,MY,Leah Mullins,Street war election official expect.,
263911AA-C92,ACC98231132,C712024,9941.87,USD,2026-09-29T23:42:40,card,PE,Philip Sloan,President most class.,
25B965B1-7BF,ACC87267850,C498858,31024.89,EUR,2026-09-29T23:46:05,cash_deposit,PS,Jessica Robbins,Their thank for responsibility.,
9C84C043-5BB,ACC41329612,C377405,14899.04,EUR,2026-09-29T23:55:55,card,EC,Alicia Harris,Rest focus red organization animal catch field.,
E477BC6B-28B,ACC99889098,C850981,49050.74,EUR,2026-09-30T00:08:36,cash_deposit,AD,Jonathan Gallagher,Voice meeting she that senior.,
61B84A71-AF4,ACC44788100,C888295,45862.4,GBP,2026-09-30T00:27:10,card,GT,David Dudley,Score themselves most should plan people.,
40F3056A-C4E,ACC65682626,C527398,20830.29,CHF,2026-09-30T00:28:26,sepa,SC,Jennifer Banks,Establish always history then relationship nor.,
84E3F38F-446,ACC88183110,C679364,15481.99,GBP,2026-09-30T00:37:43,crypto,AG,Chloe Schneider,Wear writer foot cost.,
9A0F5763-9AE,ACC42614537,C922733,7789.96,CHF,2026-09-30T01:23:59,cash_deposit,PS,Elizabeth Norris,Though stand guess approach personal.,
9FE6CA7B-856,ACC97971488,C623481,4020.35,CHF,2026-09-30T01:44:29,swift,MT,Kenneth Stokes,Real day market specific.,domestic
8B16A2A5-2B8,ACC16927215,C313446,155941.86,EUR,2026-09-30T02:10:44,sepa,ZW,Ethan Garcia,Easy upon eye natural camera.,
9BC637A1-174,ACC81503856,C549186,41701.15,GBP,2026-09-30T02:21:31,sepa,ZA,Christina Allen,Stock job success financial choice.,
62C9172B-C5C,ACC38470244,C472060,15666.8,USD,2026-09-30T02:44:20,card,TL,Leonard Cook,Have common what you our area young.,
0C38D1A2-5FA,ACC72363359,C800005,29269.51,EUR,2026-09-30T02:55:52,crypto,DM,Cody James,Decision tree central language.,
A95EFDA0-E35,ACC87282128,C810250,566.01,GBP,2026-09-30T03:11:23,card,BR,Amanda Ortiz,Raise wish under enter rate final.,
74E67724-0B5,ACC68186525,C479781,15340.6,CHF,2026-09-30T03:29:18,card,NO,Teresa Harris,Level war hot both especially give within attack.,
B2EBAAEB-543,ACC84903294,C901577,16712.67,USD,2026-09-30T03:33:46,wire,MD,Tanya Schultz,Suddenly statement through however information let others.,domestic
95353E5D-27A,ACC54058573,C392136,1831.1,CHF,2026-09-30T03:36:09,crypto,KZ,Donald Bryan,Test huge loss training game.,
E585BF3C-C1A,ACC19289546,C897549,20971.07,GBP,2026-09-30T03:37:57,card,JM,Jeremy Martinez,Far body relationship suddenly know it enjoy.,
4E5FAF8B-B4F,ACC16927215,C313446,6116.29,USD,2026-09-30T04:06:02,card,KP,Kristen Bradshaw,Really indicate history.,
4972E20D-20B,ACC57683626,C319684,17940.54,EUR,2026-09-30T04:06:11,card,CD,Lori Benitez,Right painting small religious interview summer employee.,
6CDFCFFA-1C0,ACC21631697,C392477,36738.02,EUR,2026-09-30T04:07:27,card,MU,Ryan Ellis,Second four candidate.,
35302EA6-CCF,ACC18357162,C316881,20769.88,CHF,2026-09-30T04:09:39,sepa,MV,Jesse Waters,Everyone yes stuff example east.,
114651F4-B60,ACC25312516,C962050,38155.49,EUR,2026-09-30T04:19:07,cash_deposit,IT,Amy Campbell,Suggest color best subject coach.,
4EED1672-A7A,ACC24549543,C725550,42094.27,EUR,2026-09-30T04:33:53,wire,BJ,Mary Madden,Small move those play.,domestic
2963AE71-165,ACC41244663,C205907,21196.1,CHF,2026-09-30T04:44:00,swift,VA,Terry Miller,Direction first fact environment popular even.,domestic
5F12763B-44B,ACC71070189,C399105,8908.84,CHF,2026-09-30T04:44:18,card,PS,Charles Jones,Guess member will brother main fact bed.,
DAABD832-367,ACC94120751,C350867,31718.29,CHF,2026-09-30T04:46:14,card,BS,Danny Bailey,Phone employee daughter number store consumer seven.,
706CAF22-B86,ACC65692629,C456385,2209.18,GBP,2026-09-30T05:01:19,card,AU,Randy Stewart,More threat do let success.,
E76FC383-EB6,ACC83089925,C335729,9980.86,CHF,2026-09-30T05:11:10,cash_deposit,TD,Denise Johnson,Reflect feeling hour room point.,
DDCD89FD-94D,ACC64038913,C863587,26243.65,CHF,2026-09-30T05:20:22,card,UZ,Ethan Garza,Enter through system stage protect often house.,
6F3F4F4F-A1A,ACC99788677,C608993,48284.4,CHF,2026-09-30T05:21:55,crypto,DE,Peggy Shields,Rich say game.,
D4FB1D3D-E5A,ACC82498004,C184491,42151.22,GBP,2026-09-30T05:22:16,wire,RS,Ann Bauer,Value reduce cause send.,cross_border
053A6762-4D4,ACC66722344,C456778,20418.88,EUR,2026-09-30T05:29:08,crypto,HN,Melissa Jackson,Feeling manage as itself inside.,
651DFF2E-A2F,ACC50071487,C978157,22139.86,EUR,2026-09-30T05:34:52,swift,SZ,Andrew Lee,Story open themselves month defense realize shake.,domestic
280C193F-3F0,ACC95132217,C544151,22486.12,EUR,2026-09-30T06:16:53,card,LY,Drew Miller,Main scientist type particular interesting kind from way.,
12771D9A-CF4,ACC82498004,C184491,49796.53,GBP,2026-09-30T06:28:54,wire,PW,Laura Holt,By vote take act customer eight house.,domestic
E126E334-A42,ACC32775593,C790855,1599.56,EUR,2026-09-30T06:49:36,cash_deposit,KM,Whitney Matthews,Customer control personal.,
3B61A028-6A0,ACC42194159,C282256,23252.31,CHF,2026-09-30T06:49:54,wire,AO,Michelle Levy,Official truth bill kind health.,domestic
5BB4EEEE-CCB,ACC73481797,C839485,24470.25,CHF,2026-09-30T06:53:53,card,PW,Robert Edwards,Billion series item outside writer cell administration.,
DAA179F9-0D4,ACC73771720,C740967,27356.02,USD,2026-09-30T07:02:46,cash_deposit,MZ,Crystal Livingston,Entire blood skill attack feel.,
EBAAF797-6FA,ACC43273328,C335612,10302.56,USD,2026-09-30T07:17:11,cash_deposit,LR,Mary Hawkins,Ready cell show that recognize.,
18F2E3FE-E8D,ACC58181396,C988662,39796.09,CHF,2026-09-30T07:31:23,swift,ME,Zachary Sanford,Consider fish speak.,cross_border
A312FEA0-581,ACC39587039,C571029,2634.03,USD,2026-09-30T07:37:20,wire,TV,Matthew Schwartz,Property let civil rather.,domestic
4BD74905-C60,ACC25480907,C373903,37714.31,EUR,2026-09-30T07:48:59,sepa,MT,Pamela Parks,System long cultural usually available enough energy.,
BA36DFCC-E8E,ACC41068214,C402099,21797.63,GBP,2026-09-30T07:51:28,crypto,ZW,Diana Mccormick,Movie moment size house people.,
9276D95E-5FF,ACC77834855,C612262,16514.3,EUR,2026-09-30T07:59:41,card,GR,Albert Rogers,Seven and price it collection pay establish practice.,
D6DF922B-61E,ACC35487660,C411120,9655.07,USD,2026-09-30T08:06:16,swift,TH,Scott Cooper,Either what she including run where soldier method.,cross_border
19D77BC3-A32,ACC18357162,C316881,40322.09,USD,2026-09-30T08:11:03,cash_deposit,PT,Stacy Henderson,Where either lot play seem Republican best.,
DD47E0D1-6D8,ACC83932360,C114338,9990.26,CHF,2026-09-30T08:27:02,sepa,CY,Natasha Zimmerman,Common everyone yourself leader sit sound push.,
7747B416-442,ACC73900135,C777278,18927.05,USD,2026-09-30T08:43:36,swift,TO,Hannah Garcia,Doctor project scene culture quite.,cross_border
7B7FB039-7DD,ACC46540265,C624783,16399.35,GBP,2026-09-30T08:47:41,card,TW,Julie Smith,Economy might manage resource free modern.,
A2A4EACB-1D1,ACC86320155,C751194,49138.08,GBP,2026-09-30T08:48:24,swift,PS,Gina Cooper,Approach cup strategy movement professional.,cross_border
8B770616-26F,ACC82287061,C607868,29056.41,CHF,2026-09-30T09:03:04,card,GN,Michael Lawrence,Short later several interest across ahead.,
119CCC49-F5C,ACC94560158,C738448,4628.0,EUR,2026-09-30T09:06:47,cash_deposit,CN,Charles Smith,You line table stage along.,
25E3F969-C70,ACC92874006,C171744,12572.25,USD,2026-09-30T09:08:55,crypto,AO,Timothy Salinas,Kitchen trial join focus protect.,
71B56E50-2FC,ACC99508850,C528231,2190.03,USD,2026-09-30T09:43:18,swift,RW,Belinda Clark DVM,Those her PM week line still.,domestic
34E33E7E-2F8,ACC46817443,C147726,36210.71,GBP,2026-09-30T09:56:25,swift,SB,Jill Thomas,Center investment that her.,domestic
5BD10F99-79F,ACC58181396,C988662,16301.05,EUR,2026-09-30T10:02:02,cash_deposit,CA,Ashley Yang,Analysis television each.,
19EA6EE5-B73,ACC41068214,C402099,42143.46,GBP,2026-09-30T10:04:19,swift,BY,Michelle Johnson,Reduce president continue Republican close west final.,domestic
09875BB4-D72,ACC51098277,C796212,23931.07,USD,2026-09-30T10:10:33,card,PY,Michael Fowler,Development early girl boy impact clear class.,
8DF05B57-D28,ACC67062156,C329471,45770.51,GBP,2026-09-30T10:13:30,cash_deposit,FR,Ashley Mueller,Last why kid thus nice theory.,
39A2D749-6CE,ACC24549543,C725550,5975.39,GBP,2026-09-30T10:58:25,card,GA,Jeffrey Berry,Air paper that remember determine instead tonight.,
66764CBA-124,ACC35714784,C299448,48796.03,EUR,2026-09-30T11:12:08,card,VE,Kendra White,Within about when force ready network nothing.,
BAEF532C-92B,ACC95132217,C544151,40350.22,EUR,2026-09-30T11:24:54,swift,PY,Allison Juarez,Standard institution task west sport.,cross_border
744919D3-87E,ACC45551614,C246413,34429.72,EUR,2026-09-30T11:32:12,cash_deposit,CZ,Mark Reeves,Win information though red them return finish.,
FA3349CE-1A2,ACC68812137,C974244,6025.05,CHF,2026-09-30T11:43:13,card,PY,Patty Mendez,Laugh positive issue design service put space.,
E62F5D55-C04,ACC34627347,C392075,36696.77,GBP,2026-09-30T12:38:03,card,DZ,Joshua Perez,Morning gas ago cause young crime.,
6C5F7E2D-8E8,ACC51098277,C796212,28251.22,EUR,2026-09-30T12:57:16,wire,TW,Ralph Martinez,Throw institution decide sure north.,cross_border
372290FA-D01,ACC43273328,C335612,28810.88,GBP,2026-09-30T13:05:23,card,EG,Joseph Schwartz,Threat husband family perhaps hope across.,
B05FFCF4-D86,ACC41244663,C205907,43924.99,CHF,2026-09-30T13:09:44,wire,UG,Courtney Roberts,Challenge from live seat nature energy.,cross_border
982F299D-895,ACC64247457,C639593,46944.91,EUR,2026-09-30T13:10:40,card,TD,Aaron Green,Second well past series speak author.,
30404C9E-3CC,ACC99889098,C850981,16089.91,USD,2026-09-30T13:22:16,card,AO,Robert Barnes,Employee series true team phone reality.,
EA68113F-CFD,ACC75529051,C330080,18689.85,USD,2026-09-30T13:23:31,wire,KP,Parker Williams,Maybe language available station weight may break huge.,domestic
410DFDA1-145,ACC91178885,C320861,5378.27,CHF,2026-09-30T13:55:01,crypto,DZ,Jessica Manning,Summer identify Democrat form those.,
D06479B0-00F,ACC89864260,C171262,27123.02,USD,2026-09-30T14:00:43,crypto,GM,Kim Townsend,Old value between citizen whose young set.,
85D19643-15B,ACC58181396,C988662,45934.94,USD,2026-09-30T14:10:52,swift,GN,Rebecca Kelly,Compare or south recently.,domestic
D482A359-D5F,ACC81503856,C549186,5101.41,USD,2026-09-30T14:14:40,wire,ET,Lori Massey,Physical world hour we study us yourself long.,cross_border
0F0A7A6B-3FA,ACC77827638,C731262,6888.6,CHF,2026-09-30T14:20:14,card,KW,Jared Bowman,Boy again foot soon peace.,
8FAAC2DF-011,ACC70467027,C564226,13822.49,GBP,2026-09-30T14:34:32,card,SY,Janet Miranda,Number air interesting audience language structure administration.,
7A502B49-566,ACC83534128,C567574,43283.98,CHF,2026-09-30T14:34:50,card,IN,William Cook,Coach spend place mother federal.,
D9551EE0-A09,ACC73083727,C464863,34291.62,USD,2026-09-30T14:55:13,card,RU,Jo Cantrell,Cold decide fire need energy.,
55A5280F-0D5,ACC16150444,C793384,28216.69,CHF,2026-09-30T15:10:48,wire,MC,Cesar Woods,Travel base our myself election.,domestic
AD6D1C54-28E,ACC41244663,C205907,49433.41,USD,2026-09-30T15:26:25,wire,FM,Anna May,Room office bad.,cross_border
72335C81-F3E,ACC20099059,C824586,9984.68,EUR,2026-09-30T15:29:52,card,PG,Travis Hicks,Painting material science beat deal across friend.,
77C43434-32D,ACC81691040,C864544,17863.35,GBP,2026-09-30T15:43:10,swift,IR,William Carroll,Both loss real center rule worker.,cross_border
47DF9CF3-F06,ACC99889098,C850981,10476.96,GBP,2026-09-30T15:55:07,swift,LU,Roberto Rojas,Prevent term such of suffer street knowledge officer.,domestic
A12E3881-412,ACC39587039,C571029,38035.64,CHF,2026-09-30T16:41:44,swift,BD,Daniel Armstrong,Police marriage phone face what lot source rate.,domestic
EE4F5039-F5D,ACC89864260,C171262,23853.95,GBP,2026-09-30T16:42:21,card,LU,Kimberly Alvarez,Inside down PM debate piece occur trouble.,
DF193FE7-2F5,ACC34627347,C392075,3761.36,EUR,2026-09-30T16:49:17,card,DO,Andrew Klein,Like image drive own pass least great your.,
BB127E3C-C40,ACC31682744,C665579,39638.64,GBP,2026-09-30T16:50:51,cash_deposit,ET,Jacqueline Cox,To maybe test record power.,
2DF1F7FD-ABC,ACC43273328,C335612,22896.83,USD,2026-09-30T16:53:36,crypto,VC,Raymond Harris,Beyond mouth war always.,
D8387D64-41F,ACC24549543,C725550,3367.77,CHF,2026-09-30T17:31:31,wire,MK,Christian Reeves,West west life break condition.,domestic
60E7C73A-697,ACC36757737,C979995,4711.94,USD,2026-09-30T17:54:12,card,UY,John Campbell,Story yes whatever guess former difference which.,
EF6F5540-20D,ACC39587039,C571029,8133.48,CHF,2026-09-30T18:42:25,swift,TT,Anthony Castillo,Pick people subject challenge quite all way.,cross_border
94BD4623-00D,ACC68942178,C230394,47821.1,GBP,2026-09-30T18:50:57,sepa,LA,Tamara Lopez,Purpose there well candidate more allow speech.,
618BC207-98E,ACC68571795,C735656,35323.23,GBP,2026-09-30T19:00:58,cash_deposit,RU,Laurie Griffith,Rather turn exactly.,
762D5A28-280,ACC35487660,C411120,32364.43,GBP,2026-09-30T19:30:26,sepa,AD,Ryan Richardson,Report adult same.,
73B44DC4-585,ACC22130508,C555052,28622.43,EUR,2026-09-30T19:54:22,wire,KP,Jonathan Escobar,City firm ball rock religious.,cross_border
F8F406B9-6C2,ACC73083727,C464863,27346.85,CHF,2026-09-30T20:02:20,cash_deposit,IQ,Kenneth Douglas,Yeah move war political total than reveal.,
04676665-389,ACC99943797,C209680,18726.21,CHF,2026-09-30T20:45:41,card,UZ,Lisa Wall,Should suddenly how certainly hold.,
210FAAE7-5B8,ACC45551614,C246413,10198.03,EUR,2026-09-30T21:05:59,cash_deposit,LK,Kristen Roberts,Hundred message right very toward test discussion.,
2A8DF605-B5A,ACC99943797,C209680,26610.45,CHF,2026-09-30T21:09:01,card,TG,Louis Harris,Charge away difference there air property small among.,
FCEB3122-082,ACC65692629,C456385,21182.72,USD,2026-09-30T21:20:09,swift,CM,David Pacheco,Ever better style why buy carry.,cross_border
BDC2A0E6-CC4,ACC83089925,C335729,14759.31,USD,2026-09-30T21:25:24,card,MW,Kenneth Scott,Look life here partner Mrs imagine.,
718B9F78-55A,ACC44188276,C146542,12695.28,EUR,2026-09-30T21:50:42,card,SY,Jeremy Gray,Possible family bar approach.,
CDE82F74-A3A,ACC70467027,C564226,16833.81,CHF,2026-09-30T22:23:58,wire,BB,Judy Willis,Still open begin bag catch consider sell.,cross_border
E168928B-A86,ACC65259205,C941204,30352.06,CHF,2026-09-30T23:13:17,sepa,VC,Seth Walters,Measure job white employee along too forget subject.,
232C8EB6-EBC,ACC16927215,C313446,37315.73,CHF,2026-09-30T23:18:46,card,KP,Manuel Jenkins,Treatment culture owner indeed tend health.,
DCD8C05A-E21,ACC38408562,C576786,44817.21,EUR,2026-09-30T23:26:14,cash_deposit,NR,Daniel Meza,Still newspaper debate loss they.,
8464937E-4D7,ACC40547349,C333752,23065.6,EUR,2026-09-30T23:34:12,wire,ML,Elizabeth Woods,Black anything well office.,cross_border
D486D198-41D,ACC84411983,C233470,10732.36,USD,2026-09-30T23:35:25,wire,GB,Andrew Patrick,Station safe research apply myself once central.,cross_border
CD91D9AB-0B2,ACC97225156,C491559,29981.46,EUR,2026-09-30T23:46:52,wire,IN,Ashley Jackson,Prevent center during lot enough form.,cross_border
898EC00B-31B,ACC72363359,C800005,7348.24,EUR,2026-10-01T00:04:48,wire,GY,Christian Jones,Drug step PM rate quickly.,domestic
1A915871-371,ACC58436637,C288158,6484.63,EUR,2026-10-01T00:11:39,cash_deposit,AF,Paul Barnes,Adult measure development change generation.,
8E8D4C11-929,ACC87282128,C810250,37468.13,EUR,2026-10-01T00:30:21,swift,AL,Carolyn Reynolds,Certain general friend.,domestic
72A235E2-2E8,ACC68812137,C974244,35946.35,EUR,2026-10-01T00:43:26,card,FI,Pamela Hicks,Bag yet staff us make no industry follow.,
D20FAAEA-B4D,ACC53536830,C934816,48792.77,USD,2026-10-01T00:49:46,card,VE,Caitlin Hamilton,Those information official manager like tend per hair.,
671D5BA0-7C6,ACC61642594,C500156,29658.33,GBP,2026-10-01T01:06:48,wire,LI,Amy Michael,Leader clear case receive fact.,domestic
30792D82-63F,ACC46817443,C147726,33227.03,CHF,2026-10-01T01:07:31,card,TW,Jennifer Wagner,Account politics need argue certain.,
98A02D90-ECB,ACC54769200,C908577,3764.83,GBP,2026-10-01T01:31:29,wire,TJ,Melissa Russell,Necessary fund economic face theory religious wrong.,domestic
5F75F7CC-C5C,ACC73083727,C464863,4945.42,EUR,2026-10-01T01:53:30,swift,BA,Molly Herrera,Buy might health relationship increase end.,domestic
BEC91FDB-F8D,ACC34627347,C392075,9988.86,USD,2026-10-01T02:11:06,cash_deposit,TM,Regina Mitchell,Various research laugh effort.,
E45D93B7-5B4,ACC99038359,C989208,3577.86,GBP,2026-10-01T02:23:09,card,BG,Michael Hayes,Create ahead respond of image try guess myself.,
F0BAC345-EA8,ACC81503856,C549186,28040.38,GBP,2026-10-01T02:34:55,crypto,GE,James Green,Edge yet couple cold chance pick effort.,
FCF510E6-D93,ACC58884978,C552248,11666.41,USD,2026-10-01T03:07:10,crypto,CR,Victoria Perry DVM,Reality while itself.,
33B1E763-F13,ACC63121477,C237235,37848.6,GBP,2026-10-01T03:34:47,wire,SO,Ann Trujillo,Thing year reflect run sort those effort.,cross_border
DA719546-70B,ACC73481797,C839485,45671.41,USD,2026-10-01T03:43:25,card,CI,Zachary Short,Whose since bit language carry war.,
9F06D3B8-E0E,ACC45551614,C246413,29822.07,EUR,2026-10-01T03:55:59,wire,GW,Stephanie Burton,Suddenly doctor federal project spring of cause.,cross_border
F9653F2E-AAD,ACC84411983,C233470,45911.86,EUR,2026-10-01T04:04:25,crypto,TW,Jennifer Reed,Single race road campaign activity job.,
614CF4CF-F8E,ACC94525678,C703634,176740.82,CHF,2026-10-01T04:29:43,card,BY,Matthew Gomez,Ago improve final blue.,
D438F30A-931,ACC52091325,C159942,32796.87,CHF,2026-10-01T04:36:37,wire,SE,Christopher Hicks,Which financial apply benefit method collection.,cross_border
B1C91E0C-876,ACC24508349,C501124,487064.5,GBP,2026-10-01T05:02:59,sepa,AE,Sara Tucker,Feeling maintain up best impact and skin travel.,
782CD15B-FB8,ACC93955206,C321275,36836.56,GBP,2026-10-01T05:08:21,wire,US,Sandra Chambers,Individual could production.,cross_border
8809EAD0-C98,ACC41068214,C402099,7386.1,CHF,2026-10-01T05:20:03,swift,DZ,Kimberly Moore,Statement member return third rich actually door.,cross_border
E854599E-42D,ACC55176955,C207175,34784.36,GBP,2026-10-01T05:26:53,swift,QA,Jonathon Knapp,Myself so growth time Mr point.,cross_border
09A64CDE-767,ACC53536830,C934816,37332.5,CHF,2026-10-01T05:40:24,card,MT,Suzanne Hall,Will space carry industry.,
93FB2239-197,ACC68186525,C479781,47832.35,CHF,2026-10-01T06:20:17,card,CU,Mallory Fernandez,Past go because participant side.,
F8FEE826-287,ACC48349783,C345884,33030.04,EUR,2026-10-01T06:29:28,swift,GQ,Melvin Gutierrez,Product no customer power.,cross_border
2C914946-7FA,ACC35583290,C728492,42021.56,USD,2026-10-01T06:50:54,crypto,TG,Ann Ford,Office simple spring station couple pull senior.,
33557B8B-936,ACC69302158,C678478,42889.23,EUR,2026-10-01T07:07:56,wire,BZ,Tammy Montoya,Field less test claim.,cross_border
5524C05B-271,ACC51098277,C796212,23529.31,CHF,2026-10-01T07:16:15,crypto,NE,Bonnie Taylor,Stuff book hear nor provide edge agreement though.,
9EF79889-431,ACC63640499,C355836,172900.94,USD,2026-10-01T07:20:38,card,CF,Richard Ward,Computer within finally clearly.,
18BB8031-D9A,ACC85146293,C526117,9529.28,USD,2026-10-01T07:24:37,wire,NR,Yvonne Greene,Now do Mr behavior.,cross_border
501608E0-309,ACC66722344,C456778,46831.07,USD,2026-10-01T07:33:14,card,VE,Steven Griffin Jr.,Message lead around left.,
7CF9D785-F3B,ACC12614124,C217301,25823.13,CHF,2026-10-01T07:34:48,card,PY,Shane Kennedy,Standard note wrong.,
7769D7B1-38C,ACC87049595,C398151,422.65,USD,2026-10-01T07:51:39,swift,AO,Marcus Wolf,Its parent bad right actually receive job.,domestic
76FD378D-C77,ACC99038526,C208618,19004.57,USD,2026-10-01T08:09:28,wire,TN,Collin Cooper,World training way price child trip owner week.,domestic
E13282CE-FF9,ACC19528530,C842225,10496.22,USD,2026-10-01T08:15:17,card,KW,Jillian Morgan,Face big no too.,
FA2D8A92-59E,ACC45551614,C246413,4604.34,CHF,2026-10-01T08:29:07,card,GH,Mrs. Pamela White DVM,Should quality thought ago race.,
71A6D13F-E4C,ACC45935572,C169403,36848.91,GBP,2026-10-01T08:44:52,swift,TO,Jesse Ingram,Continue the phone region ability physical.,cross_border
007DC9C0-017,ACC92874006,C171744,39827.21,USD,2026-10-01T08:56:39,card,SK,Michelle Taylor,Example past black section fine already answer stuff.,
E304D2EE-8EC,ACC99889098,C850981,28671.51,CHF,2026-10-01T09:05:24,card,OM,Joshua Guerrero,Stuff star federal music police trade later bank.,
E9B4F141-7DC,ACC11698142,C990844,46955.59,GBP,2026-10-01T09:28:58,wire,VN,Claudia Summers,More music table fire describe amount above.,domestic
46DF095B-505,ACC94120751,C350867,25818.12,EUR,2026-10-01T09:29:09,swift,MA,Russell Long,Your item should certain station.,domestic
411B2C39-D52,ACC78387461,C617488,45165.59,CHF,2026-10-01T09:43:53,wire,SE,Christine Miller,Social past cold hold think seem hear.,cross_border
BF600A37-05E,ACC45351479,C624902,44915.11,GBP,2026-10-01T10:18:08,swift,GE,Stephen Anderson,Build only treatment pressure couple relate understand avoid.,domestic
5FF781AD-717,ACC63640499,C355836,24640.54,EUR,2026-10-01T10:40:38,sepa,MD,Michael Harper,Else environment choice news group rate drug.,
DE45DFAC-930,ACC82287061,C607868,9430.31,CHF,2026-10-01T11:13:20,sepa,GR,Robert Wiley,Plan many get later create.,
04BCEEB6-286,ACC19289546,C897549,48733.24,USD,2026-10-01T11:18:00,card,GQ,Lisa Flynn,Finish bank inside work office plan.,
D46C16F7-D8C,ACC68802946,C832168,9985.02,EUR,2026-10-01T11:36:19,cash_deposit,TW,Joshua Jones,International window night in almost.,
60335196-62D,ACC69302158,C678478,4444.62,GBP,2026-10-01T12:17:46,swift,TH,Mary Davis,Rise responsibility economy truth dream result other add.,cross_border
CC1B337E-097,ACC97971488,C623481,7485.91,GBP,2026-10-01T12:21:19,cash_deposit,KI,Justin Ford,Social child feel.,
415D33BD-668,ACC45551614,C246413,17170.14,EUR,2026-10-01T12:23:50,cash_deposit,PG,Edward Gallegos,Anything account piece require woman support.,
F823601D-B85,ACC25228493,C583863,46126.42,CHF,2026-10-01T12:32:13,swift,ZM,Diane Castro,Tree success carry success focus rock.,cross_border
27F06C78-168,ACC65177213,C589710,26628.4,EUR,2026-10-01T13:01:21,crypto,GN,Linda Patrick,Without hair set.,
4674CEBD-F2D,ACC99038526,C208618,24765.19,GBP,2026-10-01T13:11:28,swift,AM,Timothy Frye,Hair across necessary entire later statement unit.,domestic
163AEBC4-D82,ACC78387461,C617488,16671.15,USD,2026-10-01T13:28:10,card,ZM,Heather Hester,Cup company those responsibility fund.,
5D07A06E-919,ACC90267122,C141797,34829.51,CHF,2026-10-01T13:45:43,wire,IR,Michelle Wolfe,Plan prevent building business loss collection bag.,cross_border
532BFA79-10F,ACC81621574,C498468,13891.19,USD,2026-10-01T14:19:45,cash_deposit,MV,Mr. Bryan Henderson,Available ever simply against ever safe discussion.,
08AC946D-5E2,ACC61642594,C500156,12674.25,GBP,2026-10-01T14:23:10,card,MU,Jason Walter,Body of something sport.,
7943419A-57C,ACC42194159,C282256,26523.17,EUR,2026-10-01T15:29:58,card,NI,Louis Davis,Reduce could will time beat like where.,
62802270-224,ACC82160068,C323508,36675.13,CHF,2026-10-01T15:58:11,cash_deposit,LU,Kathryn Shields,Right month everyone soon.,
FE923D43-28D,ACC22517517,C890170,14042.2,GBP,2026-10-01T16:14:59,sepa,ZA,Mary Davis,Long president same cover partner.,
134C633F-E33,ACC71662963,C662275,5169.04,EUR,2026-10-01T16:15:05,cash_deposit,PY,Hailey Monroe,See read expect hit clear.,
71E86ABB-22D,ACC64830300,C572387,172.29,CHF,2026-10-01T16:21:32,swift,MA,Jack Meyer,Her create particularly responsibility.,domestic
992BAB75-37B,ACC66722344,C456778,10312.02,USD,2026-10-01T16:36:52,crypto,GE,Robert Nicholson,Federal nor note support.,
ECABE603-397,ACC22660194,C201639,46275.78,EUR,2026-10-01T16:49:16,swift,FM,Heather Mata,Yes here while service beautiful edge begin.,domestic
59EC9495-5C8,ACC45551614,C246413,3591.48,CHF,2026-10-01T17:00:57,sepa,KW,Nicole Cole,Game truth special decision back.,
0D98EF67-F32,ACC21819185,C429795,15292.43,CHF,2026-10-01T17:09:12,wire,GQ,Mr. Andrew Lee,Hot surface maybe above.,cross_border
1867F147-F11,ACC54058573,C392136,744.48,GBP,2026-10-01T17:39:13,wire,MZ,Francisco Lewis,Tend social read company light really free cup.,domestic
54761292-FCE,ACC64247457,C639593,43461.51,GBP,2026-10-01T17:42:21,cash_deposit,SZ,Patrick Washington,Pattern example responsibility then say paper leg.,
E0893A6F-EE8,ACC99889098,C850981,49865.15,CHF,2026-10-01T17:47:35,card,VA,Rachel Norris,Answer other future direction.,
671B69B1-F6F,ACC20200074,C720859,21225.8,USD,2026-10-01T18:11:42,cash_deposit,LT,Susan Gentry,Rich while just in.,
CE8317B8-FFB,ACC90585882,C944657,37932.46,GBP,2026-10-01T18:59:02,card,MM,Ian Williams,Health hair floor feeling her play.,
63B7488F-A9A,ACC21819185,C429795,44258.35,CHF,2026-10-01T19:37:14,cash_deposit,AU,James French,Item indeed which type.,
214DBBBD-978,ACC34391257,C152727,9995.13,USD,2026-10-01T19:37:25,cash_deposit,BR,Colton Diaz,Stuff call officer possible decision large.,
BCF66808-5F2,ACC19943140,C705050,44791.3,GBP,2026-10-01T20:29:38,cash_deposit,SN,Robert Hart,Feel usually seek set upon.,
8980BB5E-5E0,ACC71070189,C399105,13709.75,GBP,2026-10-01T20:44:52,card,PY,Jennifer Dawson,Campaign themselves common other walk know size.,
DA050968-6A5,ACC68802946,C832168,12352.66,CHF,2026-10-01T21:15:13,cash_deposit,LI,Ryan Osborn,Grow identify cause change full Democrat kitchen senior.,
A454998E-DE6,ACC90585882,C944657,38377.48,CHF,2026-10-01T21:25:25,card,DK,Daniel Sparks,Fight make bed.,
5786EEFD-595,ACC87267850,C498858,2387.56,EUR,2026-10-01T21:27:29,wire,WS,Jessica Padilla,People staff cup and.,cross_border
7B9C3818-C4E,ACC22534217,C958179,34218.0,CHF,2026-10-01T21:32:24,wire,IQ,Jason Ferrell,Ask today product Mrs style office so.,domestic
1E9CC257-CB0,ACC15614174,C423232,5125.87,GBP,2026-10-01T21:33:11,sepa,AL,Amy Duncan,Page issue after such.,
BF4B65E1-907,ACC94120751,C350867,28765.83,EUR,2026-10-01T22:16:59,wire,VC,Elizabeth Morrison,Himself rise person attack.,domestic
D0F85E38-BA2,ACC48349783,C345884,32014.59,USD,2026-10-01T22:39:08,card,VU,Michael Wolf,East my language industry.,
B38378F6-E95,ACC75181648,C604740,3696.89,CHF,2026-10-01T22:41:43,sepa,AZ,Ronald Underwood,Situation more manage difference assume leg.,
15229C82-73A,ACC95613415,C889359,42292.46,CHF,2026-10-01T22:50:03,card,IL,Vincent Cabrera,Technology which none thousand shoulder such.,
ECDA49E1-5EE,ACC39958838,C246316,48420.25,CHF,2026-10-01T23:01:50,crypto,YE,Taylor Coleman,Different chance enter central arrive society organization.,
72F3F3D3-981,ACC38195995,C815198,36449.33,USD,2026-10-01T23:28:06,card,FM,Stacy Brown,Within coach another shake poor actually baby.,
2C66D506-543,ACC20200074,C720859,401.25,CHF,2026-10-01T23:39:41,card,NL,Brittany Potts,Amount cold feel memory.,
925FF428-C0E,ACC82287061,C607868,23258.82,EUR,2026-10-01T23:40:22,crypto,SE,Adriana Wilson,State travel agreement resource happen resource.,
1B9D45C4-23C,ACC41244663,C205907,6166.87,USD,2026-10-02T00:13:19,cash_deposit,VU,Jacob Obrien,Actually TV pretty up.,
5B35402A-338,ACC75529051,C330080,18869.34,CHF,2026-10-02T00:14:39,cash_deposit,VC,Sarah Stevens,Word provide fight.,
85B09BDA-BF1,ACC54769200,C908577,20283.19,USD,2026-10-02T00:15:17,wire,TT,Angela Johnson,Prevent two throw although morning.,domestic
EB46E54A-303,ACC91178885,C320861,29767.64,GBP,2026-10-02T00:46:10,wire,ZM,Amanda Mitchell,While example experience forget message buy administration.,domestic
7F6A6E6B-F97,ACC86320155,C751194,41285.48,GBP,2026-10-02T00:48:19,card,SY,Jose Harmon,Owner recently participant address.,
A1813C9C-838,ACC23492385,C973074,9975.33,USD,2026-10-02T00:53:26,card,BY,Eric Stewart,Whatever myself huge century seem large make.,
3FB7B0C6-594,ACC64038913,C863587,42153.11,EUR,2026-10-02T01:14:21,crypto,NA,David Anderson,Sport oil whose eat.,
D36B0705-607,ACC43273328,C335612,9987.3,EUR,2026-10-02T01:20:57,swift,SV,Laura Stephenson,Foreign hear certainly say.,cross_border
53CF1B3C-941,ACC89864260,C171262,29725.46,GBP,2026-10-02T01:41:55,swift,GH,Joshua Howard,Art sound specific adult.,cross_border
7F319D23-3AD,ACC32097220,C497382,8844.35,CHF,2026-10-02T01:47:35,card,SG,Lauren Barr,Land address represent treat close issue write produce.,
24D49601-CC4,ACC73481797,C839485,23907.26,GBP,2026-10-02T01:54:00,card,BH,Melissa Ortiz,Low important medical medical.,
D87A2841-08F,ACC48349783,C345884,24968.12,GBP,2026-10-02T02:12:25,swift,MM,Janet Smith,Often expect child least.,cross_border
2A1DD522-135,ACC19233013,C356150,416637.09,CHF,2026-10-02T02:36:03,swift,KP,Cassandra Benson,Since employee get agent modern strong.,cross_border
F63D8360-BAC,ACC19289546,C897549,42431.27,CHF,2026-10-02T02:57:54,card,LU,Ashley Bowen,School great large important.,
40AF482E-930,ACC75529051,C330080,9977.29,EUR,2026-10-02T03:28:37,wire,GH,Michelle Smith,Test myself say many close first feeling.,domestic
5F564BCA-66F,ACC50785405,C400850,49346.98,GBP,2026-10-02T03:34:39,wire,RO,Brittany Russo,Series benefit boy.,cross_border
29692B58-D30,ACC38470244,C472060,28829.58,CHF,2026-10-02T04:17:13,cash_deposit,CZ,Cheryl Sherman,They true bit thousand sit week quality happen.,
99276F87-57A,ACC41329612,C377405,32263.57,USD,2026-10-02T04:27:25,swift,AE,Donna Leonard,Join rule quickly learn seven weight.,cross_border
9077511C-968,ACC36757737,C979995,41605.25,EUR,2026-10-02T04:30:23,sepa,SI,Gordon Cox,Of become short stop sea direction question.,
35BBB4B0-923,ACC67110154,C882169,25749.81,EUR,2026-10-02T04:44:50,card,EC,Kimberly Lee,Word listen care stay behavior.,
A27BF4F2-AAF,ACC54769200,C908577,35592.9,GBP,2026-10-02T05:05:26,card,SA,Brian Wells,Political tell recently industry.,
323A6901-E22,ACC99038359,C989208,6361.52,USD,2026-10-02T05:11:31,sepa,IN,Alexis Snyder,Thus listen hospital around resource.,
41BDD233-994,ACC73771720,C740967,49063.45,USD,2026-10-02T05:36:15,crypto,SN,Linda Washington,Sell well remember doctor nearly record.,
DF63122E-90B,ACC68186525,C479781,46587.28,CHF,2026-10-02T05:51:18,card,NG,John Jones,Easy reach century network.,
3376A29A-F08,ACC25374874,C814825,43137.93,EUR,2026-10-02T06:13:46,cash_deposit,BY,John Newman,Fear by foot research television Mr.,
933D39E1-CFA,ACC21490777,C353080,14892.93,USD,2026-10-02T06:15:05,crypto,KE,Sherry Walker,Interesting spend above save game less such political.,
F1D229AB-9FC,ACC35583290,C728492,20666.91,GBP,2026-10-02T06:26:51,crypto,KM,Andrew Russell,Notice condition exist end citizen current general.,
6A75865A-96D,ACC73771720,C740967,746.38,EUR,2026-10-02T06:31:20,swift,RU,Marcus Bailey,Change TV ability surface son measure theory past.,domestic
DC3140D1-496,ACC22660194,C201639,22429.63,USD,2026-10-02T07:30:40,wire,CN,Phyllis Walls,Attorney Congress ever north soon movie.,domestic
782D5BD9-DC7,ACC94525678,C703634,1179.51,USD,2026-10-02T07:38:00,crypto,KN,Joy Hale,Themselves Mrs sort until clearly respond role.,
9E298F61-540,ACC16927215,C313446,9992.68,USD,2026-10-02T07:51:11,wire,DM,Debra Johnson,Seat learn since among.,cross_border
38D93942-8C6,ACC71662963,C662275,15732.04,GBP,2026-10-02T08:18:42,wire,KH,Elizabeth Rodriguez,From everybody foot everybody.,domestic
889BAE60-3E0,ACC67110154,C882169,40326.13,EUR,2026-10-02T08:22:24,crypto,VE,Guy Owens,Probably shake eye economy.,
487340A9-E96,ACC39958838,C246316,29327.39,CHF,2026-10-02T08:24:06,wire,PG,Andrew Roberts,Reflect law reach under skin.,domestic
95129CBC-077,ACC38195995,C815198,20188.53,GBP,2026-10-02T08:30:48,swift,MA,Mathew Olson,Himself our exactly analysis.,domestic
5D4EAC26-1C5,ACC41244663,C205907,45562.23,GBP,2026-10-02T08:33:19,cash_deposit,LY,Patricia Jackson,Pattern wrong kind certainly and stand.,
31B79DC5-B55,ACC95613415,C889359,27566.94,USD,2026-10-02T08:38:38,sepa,VE,Brian Davis,Test image guy.,
678D80A7-6F6,ACC42194159,C282256,6880.87,USD,2026-10-02T08:43:27,cash_deposit,FJ,Joseph Dillon,History response eight north early try.,
9394C7E2-3AD,ACC35848226,C430876,2910.99,CHF,2026-10-02T08:56:20,card,KP,Donna Patterson,Garden every around throughout air.,
328DE241-405,ACC35487660,C411120,41765.41,CHF,2026-10-02T08:59:49,sepa,AG,Timothy Barrera,Blue management record room program outside.,
3E5D8BE2-9B6,ACC68186525,C479781,25350.43,USD,2026-10-02T09:39:46,wire,MD,Roberto Moore,Important forward shoulder down on region hospital.,cross_border
2B401836-CBD,ACC97225156,C491559,10469.79,CHF,2026-10-02T09:50:21,card,VE,Charles Boyd,Determine he guy.,
52883803-F3E,ACC13471527,C195763,9997.91,EUR,2026-10-02T09:55:56,card,RW,Tracy Dunn,Tough few Mr none.,
6A569BA7-BC5,ACC38408562,C576786,46216.34,CHF,2026-10-02T10:02:15,wire,IQ,Christopher Rose,Kind media lose marriage Mrs try.,domestic
F8582A2D-7EA,ACC82287061,C607868,14226.28,EUR,2026-10-02T10:20:52,crypto,NG,Christina Johnson,Wide analysis certainly rest gas.,
6AD72AC6-F31,ACC72732043,C233827,10844.69,USD,2026-10-02T10:38:59,card,SL,Ashley Cabrera,Technology better wife fish whatever behavior election.,
3821B0A8-50F,ACC83534128,C567574,21568.28,EUR,2026-10-02T11:02:20,cash_deposit,PH,Mrs. Molly Dunn,Ago suggest natural door action blue seem.,
C14D91C6-1B1,ACC40742311,C961722,8879.33,USD,2026-10-02T11:07:09,card,SB,Connie Brock,Front structure scene I building range.,
EDBFE832-84D,ACC77834855,C612262,36163.19,EUR,2026-10-02T11:12:04,swift,BY,Mr. Brian Schaefer,Recognize number machine off must everyone young smile.,cross_border
6B3F0A9C-E35,ACC46361787,C421517,38402.48,EUR,2026-10-02T11:19:34,card,KI,Gabriel Stanton,Type church respond such professional.,
3BE5D918-CF2,ACC84903294,C901577,6377.53,GBP,2026-10-02T11:21:57,crypto,RS,Joseph Reed,Wind gas age sound share fear available interview.,
CC11FFDB-660,ACC67110154,C882169,47944.76,GBP,2026-10-02T11:33:44,cash_deposit,MH,Amy Cruz,Great security table example strategy.,
4A12A735-D9F,ACC88183110,C679364,33354.62,USD,2026-10-02T11:36:41,card,SY,Andrea Ramos,Road special finally station.,
E0C58720-36F,ACC84813739,C361303,29944.73,GBP,2026-10-02T11:52:17,crypto,KW,Sara Jones,Thus article this more couple.,
7A8B9204-914,ACC83932360,C114338,12780.83,EUR,2026-10-02T12:01:47,sepa,LI,Kimberly Perez,Government people office almost fly wrong.,
F7721FAC-19E,ACC22489409,C408528,29859.16,USD,2026-10-02T12:11:43,sepa,EC,Ronnie Murphy,This boy issue leg poor management.,
DA09A71A-7D5,ACC32775593,C790855,10420.12,EUR,2026-10-02T12:42:32,cash_deposit,NG,Hannah Bell,Happy forward member teach meet.,
CABECA2F-71B,ACC22517517,C890170,11230.18,USD,2026-10-02T13:15:33,crypto,TL,Joseph Jimenez,Democrat remain stage catch.,
43C93D8D-37E,ACC25480907,C373903,29109.83,EUR,2026-10-02T13:25:56,crypto,MD,Brian Phillips,Position guess above them out down product little.,
0F430D77-9EA,ACC32775593,C790855,19119.42,USD,2026-10-02T13:49:00,card,RO,Andrew Snyder,Them throughout outside exist story.,
F550C27F-EEC,ACC25228493,C583863,1487.84,GBP,2026-10-02T14:24:16,crypto,ME,Sean Cunningham,Finish within eat international kind best two.,
B5F34372-B7D,ACC44392446,C904150,24574.83,GBP,2026-10-02T14:43:36,card,SN,Marcus Anthony,Whatever anyone institution two authority which.,
0324E36D-3F8,ACC35848226,C430876,12177.86,EUR,2026-10-02T15:11:41,card,GT,Sarah Callahan,Everybody entire with control.,
AB1CF27A-59A,ACC65026398,C786587,13970.63,GBP,2026-10-02T15:26:03,cash_deposit,BO,Rachel Fletcher,Cause trip himself sea draw.,
411B3BFC-2F9,ACC87049595,C398151,28306.3,GBP,2026-10-02T15:36:42,wire,SO,Kenneth Richardson,North choose as lot test focus others.,domestic
FC206789-950,ACC35583290,C728492,12074.94,GBP,2026-10-02T15:36:57,sepa,AD,Leslie Meyer,Learn report attorney number respond trial.,
B6B25F25-B8B,ACC14265799,C131244,45838.16,USD,2026-10-02T16:10:20,card,DZ,Amber Cook,Skin day stop never.,
9D893795-EEE,ACC68461818,C965845,45619.42,USD,2026-10-02T16:47:55,swift,BB,David Spears,Area magazine could business wide institution.,cross_border
E90DA9A0-615,ACC17275149,C296694,37659.76,USD,2026-10-02T17:14:35,card,NE,Derrick Anderson,Every note go but.,
9B70B61B-DF0,ACC15614174,C423232,36730.05,CHF,2026-10-02T17:29:36,card,VN,Benjamin Garner,Financial allow form past.,
1B34EED7-754,ACC46817443,C147726,264.37,CHF,2026-10-02T17:33:00,card,NZ,Austin Franco,In born size space million.,
0AA4C8C9-FF0,ACC17275149,C296694,489737.16,EUR,2026-10-02T17:39:12,wire,NR,Patrick Benson,A hotel western option feel.,cross_border
F64B1050-BD6,ACC77827638,C731262,6679.15,CHF,2026-10-02T17:53:47,card,LU,Mark Cook,Behind question exist rich prevent trade.,
1A49A6D8-5B2,ACC45935572,C169403,18260.25,EUR,2026-10-02T18:00:45,crypto,TZ,Daniel Wells,Would at whether series because important trial.,
69842D47-730,ACC22660194,C201639,10124.06,GBP,2026-10-02T18:28:05,cash_deposit,GA,Sandra White,Heart hot response usually learn game effort.,
CCE41A20-C9F,ACC81503856,C549186,31935.97,CHF,2026-10-02T18:55:53,cash_deposit,SK,Ashley Strong,Present head manager learn three like ahead.,
909390D5-66D,ACC43273328,C335612,34840.15,USD,2026-10-02T19:20:41,card,MT,Carolyn Garcia,Today begin write both little work.,
F6D342EE-8BA,ACC41068214,C402099,10827.79,EUR,2026-10-02T19:29:19,card,NE,Michelle Kelly,Some fire degree good other clearly note.,
1F4E46EC-4B2,ACC77834855,C612262,9987.11,EUR,2026-10-02T19:53:29,wire,IR,Katie Johnson,Thousand sport add example reduce product central indicate.,domestic
CAD2B9ED-195,ACC83534128,C567574,1175.04,GBP,2026-10-02T20:25:57,swift,LI,Linda Bryant,Process recently degree send majority share.,cross_border
E2572F9A-416,ACC32097220,C497382,13423.18,CHF,2026-10-02T20:44:40,card,WS,Amy Mcdaniel,Yes east up threat and box listen.,
D819A098-2AB,ACC25480907,C373903,35137.83,EUR,2026-10-02T21:04:09,card,MT,Eric Tucker,Need since face why determine bad behavior.,
8C047A50-AA3,ACC77827638,C731262,40837.0,GBP,2026-10-02T21:14:59,cash_deposit,MY,Dan Dougherty,Share face build market.,
77E96E31-1C8,ACC24366125,C878480,14048.87,GBP,2026-10-02T21:37:23,swift,CL,Anna Combs,Though example develop begin race treat specific her.,cross_border
EF356AB3-7AF,ACC99038526,C208618,151353.66,CHF,2026-10-02T21:38:08,card,ET,William Powell,Above at father.,
2257F718-874,ACC76500726,C402218,38079.38,CHF,2026-10-02T21:47:36,wire,BS,John Williams,Around chair board chair quality.,domestic
D9FA3E63-AA3,ACC97225156,C491559,7128.67,USD,2026-10-02T21:48:59,sepa,BR,Jennifer Johnson,Economic notice line before have sea third pressure.,
47A1557A-6C4,ACC99889098,C850981,35586.16,GBP,2026-10-02T21:51:10,card,SE,David Gomez,Art according free focus them seem wife bed.,
09E4F74F-314,ACC54058573,C392136,35450.85,USD,2026-10-02T21:52:47,sepa,NG,Kyle Miller,Type picture around beyond forward.,
2551516F-3B0,ACC92874006,C171744,24553.72,CHF,2026-10-02T21:53:30,sepa,GB,Judith Rodriguez,Operation which skin order modern herself.,
82166D16-467,ACC45351479,C624902,36395.39,CHF,2026-10-02T21:58:38,card,YE,Vincent Rosario,My stand system be.,
8D65A83A-23C,ACC50071487,C978157,43683.51,EUR,2026-10-02T22:02:08,card,OM,Jennifer Robinson,Past fly position age whole.,
14A26542-FDB,ACC95132217,C544151,16632.57,EUR,2026-10-02T22:19:03,crypto,CM,Wanda Gutierrez,Ability young second trip.,
BC21D924-F98,ACC22660194,C201639,22974.91,EUR,2026-10-02T22:24:26,crypto,NR,Austin Miller,Significant always everyone exactly.,
F16CA38D-851,ACC97260863,C171951,34148.74,USD,2026-10-02T22:35:12,card,CI,Karla Bates,Garden by total professional feel enjoy.,
829A9DA9-584,ACC31682744,C665579,19034.86,EUR,2026-10-02T22:41:46,cash_deposit,IR,Christopher Armstrong,Drop wind cover popular stock soon.,
268D992C-4F6,ACC54769200,C908577,9987.55,EUR,2026-10-02T23:00:52,card,GN,Brian Price,Glass significant agree husband.,
76858450-AF2,ACC24508349,C501124,18475.16,CHF,2026-10-02T23:17:39,crypto,HR,James Tran,Pick short job reason western source them.,
1BF82B66-9AE,ACC16150444,C793384,2143.37,EUR,2026-10-02T23:23:40,swift,PW,Austin Walker,Participant right us husband.,cross_border
71F6F27B-2C1,ACC50079111,C890075,23557.41,GBP,2026-10-02T23:29:24,cash_deposit,CI,Francisco Schultz,List seem ago long training.,
7FE52C34-56B,ACC20099059,C824586,44320.55,CHF,2026-10-02T23:38:39,crypto,MY,Joseph Stewart,Suffer once agreement company material.,
5E498720-FA2,ACC70467027,C564226,30004.15,GBP,2026-10-02T23:48:29,crypto,MW,Nicole Clark,Wonder law firm evening friend center blood.,
180DA7EB-A98,ACC72409658,C563246,6173.06,USD,2026-10-03T00:01:28,card,DO,Kristin Nelson,Particularly fire dinner perhaps four agree kid.,
9C438AE2-B11,ACC71662963,C662275,41797.88,USD,2026-10-03T00:05:42,swift,KM,Erica Keith,Woman trouble several event white wife.,cross_border
8E7D47AA-2DB,ACC99943797,C209680,21212.1,EUR,2026-10-03T00:15:48,wire,LT,Samantha Herring,Similar teacher hit anyone drive six little month.,domestic
25368AD5-A35,ACC88183110,C679364,41628.17,CHF,2026-10-03T00:30:58,wire,BA,Zachary Martin,Impact decision budget night his.,cross_border
FE1C7C7B-B29,ACC43273328,C335612,16761.91,EUR,2026-10-03T01:00:16,cash_deposit,SL,Kristine Schmidt,Song guy discover.,
315F7AFB-C77,ACC22660194,C201639,40734.34,GBP,2026-10-03T01:02:40,card,BO,Melinda Jackson,Debate fire if eat fact discuss.,
8D11E295-C69,ACC19584466,C162535,34285.03,EUR,2026-10-03T01:19:33,cash_deposit,UA,Wendy Fitzpatrick,International information play perhaps.,
08008422-C03,ACC57683626,C319684,35520.53,CHF,2026-10-03T01:39:27,crypto,BR,Dana Kelley,Pick star debate continue area give certainly allow.,
ED4F4A7C-538,ACC34391257,C152727,2477.95,EUR,2026-10-03T02:07:39,cash_deposit,KW,Meghan Johnson,Author this ten.,
A2C1BB45-54A,ACC98231132,C712024,7945.9,EUR,2026-10-03T02:12:30,card,CO,Amanda Webb,Western next upon stand hear feeling.,
5C498701-A5C,ACC99038526,C208618,18208.1,GBP,2026-10-03T02:19:38,cash_deposit,DZ,Ashley Howard,Particular industry agree herself conference pay standard.,
1F3625F7-23C,ACC84813739,C361303,22819.91,GBP,2026-10-03T02:30:56,sepa,BG,Chelsea Christensen,Always analysis analysis art institution.,
67D47DD5-DEA,ACC25228493,C583863,45768.68,CHF,2026-10-03T03:08:00,sepa,TW,Nicole Vaughn,East nation learn film age protect.,
9760512B-07E,ACC38470244,C472060,27674.87,EUR,2026-10-03T03:36:08,wire,NR,Kimberly Jackson,Often debate lose themselves behind use democratic.,cross_border
3DAF13B6-0F8,ACC42194159,C282256,9986.78,CHF,2026-10-03T03:56:56,swift,KW,Katie Boyd,Especially director career north rate.,domestic
A53DE323-986,ACC88183110,C679364,32512.98,USD,2026-10-03T04:00:38,card,BA,Michelle Ponce,Less oil drop.,
2E634C93-82C,ACC69476001,C947272,116381.24,USD,2026-10-03T04:24:55,swift,LR,Marie Roach,Catch today serious structure wonder stock today.,cross_border
BC88EBA2-B42,ACC19289546,C897549,17073.31,GBP,2026-10-03T04:27:08,swift,VE,Dana Carter,Huge price prevent baby voice day relate spend.,domestic
F5363694-DD7,ACC82160068,C323508,23645.93,GBP,2026-10-03T04:33:58,crypto,MV,Janet Gomez,Employee project after song radio ground join.,
32596176-9BD,ACC90585882,C944657,30361.42,GBP,2026-10-03T04:42:11,cash_deposit,MX,Kelly Mendoza,Discussion tree would father much dream.,
9D19AE60-188,ACC50071487,C978157,22272.21,USD,2026-10-03T04:51:34,sepa,IR,Paul Clark,South threat now expect.,
D334FA74-87C,ACC76344695,C992288,10883.32,USD,2026-10-03T05:03:06,swift,MW,Kelly Duarte,Parent hospital analysis painting identify.,cross_border
BF2CDD14-027,ACC21819185,C429795,12469.92,CHF,2026-10-03T05:06:45,cash_deposit,BH,Glenn Dixon,Program like cost teacher over during.,
26B83BB2-5B3,ACC97260863,C171951,37519.62,GBP,2026-10-03T05:11:05,cash_deposit,GA,William Richardson,In animal ball feeling spend.,
5D76D8BD-CE6,ACC90014570,C835244,2326.15,CHF,2026-10-03T05:13:54,crypto,IN,Emily Gonzalez,Single add role happen pass tough role.,
ACB4770D-4D9,ACC36786211,C956253,45536.84,CHF,2026-10-03T05:34:32,swift,LU,Johnathan Vasquez,Recognize court generation matter traditional throw field.,domestic
C725A8B3-F05,ACC51098277,C796212,13650.78,GBP,2026-10-03T05:41:04,swift,YE,Sarah Jones,Girl want two population outside fund card resource.,cross_border
481BC8BD-FB8,ACC88320463,C518801,25990.09,GBP,2026-10-03T05:44:57,wire,GQ,Ana Anderson,Camera value talk thing.,domestic
BD9E0749-5D9,ACC46361787,C421517,14017.37,CHF,2026-10-03T05:46:17,cash_deposit,TM,Timothy Davis,Evidence contain above girl put end.,
701CAF08-8F3,ACC30514014,C757924,41102.93,CHF,2026-10-03T05:49:10,wire,TN,Laura Myers,Daughter hospital move could board notice.,cross_border
39280B9D-D46,ACC58436637,C288158,31616.46,CHF,2026-10-03T05:49:14,swift,US,Lisa Morrison,Sense party data measure right.,domestic
837535E4-752,ACC36757737,C979995,3853.32,USD,2026-10-03T06:02:08,swift,BY,Judith Ramirez,Dinner simply window or finally.,cross_border
D2F4E0F9-31F,ACC84411983,C233470,38518.52,CHF,2026-10-03T06:20:59,cash_deposit,GN,Thomas Harrison,Television question bag head draw behind member.,
3FA726B2-39B,ACC57683626,C319684,33715.43,USD,2026-10-03T06:28:42,card,TR,Thomas Williams,Year claim expect produce record occur.,
5927E6B6-2AB,ACC58181396,C988662,17422.95,USD,2026-10-03T06:31:05,crypto,KI,Russell Murphy,Represent why how any.,
84822603-0D0,ACC38195995,C815198,36123.82,EUR,2026-10-03T06:37:55,sepa,RU,Crystal Daniel,She office Congress weight.,
C552AE77-2E1,ACC22517517,C890170,2995.4,CHF,2026-10-03T07:13:43,wire,PE,Shannon Gonzales,Number key class former.,domestic
4FCB5DA5-25C,ACC45935572,C169403,3213.38,CHF,2026-10-03T07:17:42,wire,KE,Robert Cisneros,Official need discover in.,cross_border
85A00049-D6C,ACC72409658,C563246,20498.86,GBP,2026-10-03T07:27:54,wire,TV,Aaron Barber,Best value since traditional economic least.,cross_border
2F390174-14C,ACC39958838,C246316,40363.0,USD,2026-10-03T07:28:34,card,LI,Brandon Hayden,Onto again share start office several compare.,
D9575675-E7C,ACC26941092,C596564,8162.83,GBP,2026-10-03T07:54:42,sepa,MY,Jeffrey Berg,Forward around brother least.,
8D8548FB-DE0,ACC50079111,C890075,46004.86,EUR,2026-10-03T08:57:49,crypto,HU,Timothy Webb,Thought she other oil name key light article.,
92C2B720-091,ACC54058573,C392136,35746.15,CHF,2026-10-03T08:58:39,card,GH,Angela Guzman,Tough level store.,
8DBE0ECF-976,ACC46540265,C624783,44552.38,USD,2026-10-03T09:37:37,wire,BJ,Elizabeth West,Safe realize program community relationship allow staff listen.,cross_border
41480EE7-D6C,ACC73481797,C839485,2725.58,EUR,2026-10-03T09:56:12,wire,JO,Justin Simmons,Evidence make college face later week occur.,domestic
C3E58C8E-9F5,ACC41329612,C377405,12590.61,CHF,2026-10-03T10:07:42,swift,IL,Rachel Elliott,Size make buy.,domestic
D4CF8C28-972,ACC15614174,C423232,4318.59,CHF,2026-10-03T10:22:21,cash_deposit,PT,Steven Choi,Travel degree class born.,
3D068052-022,ACC20099059,C824586,39832.12,USD,2026-10-03T10:42:30,card,CU,Clinton Macias,Outside kind between far church catch capital few.,
8EEF2EA2-0EA,ACC99788677,C608993,13041.12,CHF,2026-10-03T11:39:16,cash_deposit,ML,Andrea Baker,Late score lose matter shake finish.,
7A2B3AA3-401,ACC65177213,C589710,20582.01,EUR,2026-10-03T11:40:43,card,MH,Sara Sullivan,Model imagine me matter source.,
A258D514-633,ACC21267237,C773971,38278.63,CHF,2026-10-03T11:52:47,card,UZ,Carolyn Jones,Bed get especially speech.,
E2F770FA-047,ACC92874006,C171744,45773.27,USD,2026-10-03T12:10:19,sepa,AT,Lindsey Thompson,Money worker spring mission west behind range best.,
B358A69F-D47,ACC97971488,C623481,36685.55,GBP,2026-10-03T12:22:19,cash_deposit,AO,Patrick Lindsey,Real small dream.,
8DE44C45-180,ACC68571795,C735656,28790.07,EUR,2026-10-03T12:44:02,wire,PL,Laura Patterson,Talk late series two market indicate worry.,domestic
96400B67-38D,ACC88320463,C518801,12990.41,CHF,2026-10-03T12:51:59,sepa,MA,Craig Nicholson,Book everyone matter color create school.,
70C9A4CD-9DC,ACC67062156,C329471,35124.37,USD,2026-10-03T13:16:35,card,ZA,Amber Hess,Capital write stage.,
EEA31046-9F0,ACC69476001,C947272,23692.38,CHF,2026-10-03T13:57:18,wire,RW,Peter Delacruz,Themselves much theory summer concern.,cross_border
19140BEC-8A2,ACC36726767,C254511,6286.45,CHF,2026-10-03T14:08:42,swift,RU,Chelsea Love,Maintain deep threat explain.,cross_border
97022ADD-B7A,ACC44188276,C146542,2287.63,EUR,2026-10-03T14:21:00,card,SC,Thomas Gardner,Human article out mention.,
4246EFCB-12E,ACC99788677,C608993,38905.77,EUR,2026-10-03T14:43:34,swift,RU,Jessica Valentine,Maintain program government black.,cross_border
BAF8D24C-06E,ACC39042654,C874483,47989.7,USD,2026-10-03T14:51:51,crypto,RU,William Alexander,Law find believe television to raise edge.,
1ACEA3A9-817,ACC94120751,C350867,22677.62,EUR,2026-10-03T15:06:50,wire,MY,Kevin Miller,Political involve nothing suffer.,domestic
FB660AF2-941,ACC19289546,C897549,40342.71,CHF,2026-10-03T15:22:17,swift,BF,Joseph Alexander,Crime offer treat forget sometimes.,cross_border
D0E429A2-CE3,ACC83534128,C567574,40197.29,CHF,2026-10-03T15:27:02,cash_deposit,KR,Robert Lloyd,Million make what pick.,
EA6004BA-3A7,ACC72409658,C563246,10162.72,CHF,2026-10-03T15:30:45,card,ER,Jason James,Amount try specific ahead determine decade whose.,
E0D3CD3F-086,ACC88183110,C679364,22570.08,GBP,2026-10-03T15:43:46,wire,BB,Melanie Warren,Crime single administration past happen.,domestic
F23A186D-6A1,ACC46817443,C147726,14899.17,GBP,2026-10-03T15:58:19,cash_deposit,LY,Donald Huff DVM,Dog high family north beyond article.,
6DD767FD-B5B,ACC35583290,C728492,32465.77,GBP,2026-10-03T15:59:30,crypto,ZM,Wendy Henderson,Class teach state.,
45EA26CB-F9E,ACC34391257,C152727,39276.96,CHF,2026-10-03T16:01:49,cash_deposit,LV,Andrew Price,Give party morning lose.,
C7CC5816-545,ACC89864260,C171262,47879.17,USD,2026-10-03T16:07:54,card,CD,Zachary Reed,Child staff yard place contain safe government.,
57B8A7AE-B30,ACC67062156,C329471,18543.07,CHF,2026-10-03T16:17:19,wire,AD,Chris Johnson,Local the want building once sell evidence conference.,domestic
B27223E0-16B,ACC73900135,C777278,33563.12,GBP,2026-10-03T16:22:31,swift,CI,Margaret Cooper,Laugh friend son employee.,domestic
23C13470-A1F,ACC99943797,C209680,20269.01,EUR,2026-10-03T16:29:01,swift,CO,Joshua Wilkinson,Across collection defense picture.,domestic
B6852C12-CD1,ACC44188276,C146542,19311.95,GBP,2026-10-03T17:17:20,cash_deposit,LA,Joseph Paul,Short above morning gas short space.,
6B737F66-829,ACC57683626,C319684,35842.23,USD,2026-10-03T17:18:03,sepa,BB,Jamie Edwards,Voice occur movie political region although body lead.,
B9E1B96B-896,ACC95613415,C889359,12666.1,USD,2026-10-03T17:29:19,card,BJ,Ann Gonzalez,Information response wind within choose guess.,
746BBD94-666,ACC84813739,C361303,32937.86,USD,2026-10-03T17:42:01,wire,TM,Allison Baker,Few skin beat.,cross_border
AAEB8B59-4C5,ACC42194159,C282256,34499.81,CHF,2026-10-03T18:05:01,crypto,LY,Jason Crawford,Full fear glass feeling.,
F2E13478-6F4,ACC65259205,C941204,20622.93,USD,2026-10-03T18:05:03,crypto,FM,Laura Garner,Within suggest subject save big.,
AEBA69EB-49F,ACC24366125,C878480,3009.1,USD,2026-10-03T18:09:54,card,TW,John Johnson,Table window bed reason which coach Mrs.,
10758CA3-501,ACC19584466,C162535,9975.67,USD,2026-10-03T18:19:45,swift,PG,Carmen Shields,Line rock religious another training from.,cross_border
00C2CD4A-ADA,ACC41244663,C205907,9940.35,CHF,2026-10-03T18:25:38,crypto,LI,Joshua Brooks,Unit effect which language however risk work.,
0D994E9F-C62,ACC67062156,C329471,28554.38,CHF,2026-10-03T18:53:31,cash_deposit,NG,David Gibson,Decision authority laugh occur national practice lead.,
BCC5A656-2FE,ACC97260863,C171951,39929.39,EUR,2026-10-03T19:06:31,cash_deposit,BW,Lauren Jackson,Matter piece level between realize how bit.,
D6762917-7DF,ACC95758349,C632323,186799.23,USD,2026-10-03T19:11:09,wire,ZA,Tara Peterson,Fund growth task issue.,domestic
3BB087F3-CCD,ACC33357554,C745414,11120.05,EUR,2026-10-03T19:12:44,wire,CO,Tina Miller,Hit shoulder music itself should final.,domestic
8F5B7092-9DB,ACC88320463,C518801,44877.51,EUR,2026-10-03T19:17:50,card,CU,Steven Chambers,New recent major hotel ball theory.,
14E73CE3-869,ACC65177213,C589710,41873.49,USD,2026-10-03T19:43:20,cash_deposit,KP,Laura Ramirez,Lawyer report require class paper.,
E2E76DC4-A91,ACC68186525,C479781,3393.29,CHF,2026-10-03T19:44:46,card,SI,Jeffrey Bates,Glass whether never.,
05409F20-F27,ACC19289546,C897549,7824.14,EUR,2026-10-03T19:52:59,sepa,CD,Erik Baldwin,Situation require vote her old price change.,
0FC49AAC-FDB,ACC92874006,C171744,21260.89,USD,2026-10-03T19:59:04,card,TJ,Emily Pace,Five various event other artist yourself glass.,
58680351-B53,ACC54769200,C908577,43101.72,USD,2026-10-03T20:45:14,crypto,KG,Ricky Thompson,Mention investment environment seat role on ground join.,
FD35551B-04B,ACC13471527,C195763,8994.43,EUR,2026-10-03T21:04:00,swift,MY,Mary Hernandez,Continue us as per sea often treatment gas.,domestic
1C53B5D4-B39,ACC45551614,C246413,40596.52,USD,2026-10-03T21:19:20,card,VA,Theresa Colon,Medical cold brother.,
B2150B88-D2E,ACC68186525,C479781,28479.46,EUR,2026-10-03T21:28:29,cash_deposit,GD,Jeffrey Knight,Probably present cost other trouble past room benefit.,
774362CE-DB7,ACC86460539,C358175,16291.0,GBP,2026-10-03T22:02:02,swift,VA,Robert Wright,Community politics decision back.,domestic
612E6CB5-062,ACC43273328,C335612,30246.38,CHF,2026-10-03T22:11:51,crypto,PT,Cheryl Jones,Stand letter threat yes charge form.,
D582BB42-622,ACC75529051,C330080,8772.56,CHF,2026-10-03T22:16:55,sepa,ET,Todd Kent,From dark theory crime require partner.,
68067556-E15,ACC93955206,C321275,20078.66,CHF,2026-10-03T22:24:11,card,LT,Linda Moran,Live bad middle.,
552DB9FD-84A,ACC55176955,C207175,18041.4,USD,2026-10-03T22:52:05,cash_deposit,AG,Jessica Bowen,Security turn pattern kind describe to cause but.,
A9D527F7-26C,ACC69476001,C947272,28806.19,GBP,2026-10-03T23:07:51,crypto,SA,Janice Hernandez,Off job market suddenly student can might cultural.,
38011206-B4D,ACC81621574,C498468,24056.55,EUR,2026-10-03T23:42:16,sepa,HT,Tanya Green,Quickly recognize picture into student.,
C3755E56-DFD,ACC85146293,C526117,39469.69,GBP,2026-10-03T23:44:48,swift,MN,Victoria Johnston,Affect with unit food training population.,cross_border
77F3F046-49F,ACC54058573,C392136,20990.32,CHF,2026-10-04T00:02:01,cash_deposit,LS,Nancy West,Clear offer PM street while.,
FC0FF9D6-3E3,ACC50071487,C978157,27351.43,GBP,2026-10-04T00:22:32,sepa,KR,Kimberly Bartlett,Physical hotel memory find.,
4531698E-941,ACC87282128,C810250,14793.19,GBP,2026-10-04T00:24:33,wire,GH,Lisa Mckee,Set where threat.,cross_border
14F1121B-11D,ACC39587039,C571029,25217.73,USD,2026-10-04T00:33:18,sepa,VU,William Long,Newspaper hand certain own husband American.,
15602982-5EA,ACC26941092,C596564,48169.06,CHF,2026-10-04T01:02:39,card,TD,Brian Acosta,High oil age every key.,
BA63F623-EDA,ACC82287061,C607868,7105.34,USD,2026-10-04T01:04:20,sepa,CU,Katie Eaton,Ready big question at organization.,
CD9D72D3-151,ACC95822412,C216739,40213.58,CHF,2026-10-04T01:05:34,card,PY,Angel Perry,Offer responsibility himself hundred challenge reach throughout team.,
21D475DD-B70,ACC85146293,C526117,15234.04,GBP,2026-10-04T01:06:16,wire,AE,Casey Rodriguez,Player throughout forget watch understand industry meet.,domestic
5422BF80-569,ACC44188276,C146542,1333.22,EUR,2026-10-04T01:51:21,card,KR,Jeffrey Alvarez,Treatment him rock necessary.,
8803F976-1CD,ACC58884978,C552248,9465.74,GBP,2026-10-04T01:51:55,swift,VE,Vanessa Johnson,Food possible read hit none place.,domestic
6F764EC9-5DC,ACC42614537,C922733,28612.18,CHF,2026-10-04T01:54:54,wire,SY,Carl Campbell,Southern ten hard wife as language.,domestic
D5AB638E-2F6,ACC86460539,C358175,20762.24,USD,2026-10-04T02:09:55,crypto,DK,Daniel Kaufman,Run visit true nothing technology.,
BFF1A99F-C5E,ACC42194159,C282256,43167.19,GBP,2026-10-04T02:21:53,card,LU,Michael Wilson,Rise hit provide from.,
0E262D1C-0ED,ACC24549543,C725550,3353.37,EUR,2026-10-04T03:17:19,crypto,NP,Justin Acosta,Across deal ability health travel.,
ECC652E2-3E2,ACC38195995,C815198,791.46,EUR,2026-10-04T04:42:00,card,SL,Sara Meyer,Strategy local expect pass person.,
B783A00E-392,ACC82498004,C184491,8390.74,CHF,2026-10-04T04:55:10,swift,SR,Joshua Moreno,Beat she anything discussion I.,domestic
DEC45916-6EF,ACC93955206,C321275,19573.62,EUR,2026-10-04T04:58:25,sepa,CV,Sharon Young,North eat decide deal town easy.,
5A897D18-483,ACC86483924,C739979,2086.36,GBP,2026-10-04T05:20:58,crypto,TV,Rachael Whitaker,Work want relate especially arrive specific particularly measure.,
7EDE6259-5FC,ACC46540265,C624783,48432.92,CHF,2026-10-04T05:22:44,crypto,BG,Heather Lee,Wish participant late ready.,
5682C462-0EC,ACC88961459,C680828,1904.96,GBP,2026-10-04T05:23:17,sepa,ES,Andrea Fischer,Century state share southern.,
81832DAA-2E3,ACC24508349,C501124,42407.6,EUR,2026-10-04T05:24:52,swift,CU,Richard Jones,Single job thought particularly key out.,domestic
7928FE36-016,ACC45570755,C455007,32235.16,USD,2026-10-04T05:38:48,card,IQ,Andrea Curtis,Hair analysis so just.,
90A6B448-791,ACC61410126,C827659,11404.05,USD,2026-10-04T05:45:32,card,GT,Daniel Hanson,Drive happen scientist think however miss.,
C9189EF0-FA5,ACC32097220,C497382,49261.01,EUR,2026-10-04T06:01:29,card,TH,Jonathan Williams,Energy add so financial interest hair.,
8323C8D2-8BC,ACC22130508,C555052,10849.97,CHF,2026-10-04T06:08:29,wire,RU,Cynthia Johnson,Authority score security center rise husband else.,cross_border
6A871D46-636,ACC99943797,C209680,27429.41,EUR,2026-10-04T06:09:35,card,NI,Jennifer Charles,Ago outside themselves imagine memory pattern.,
4865C614-CA6,ACC84093639,C407419,40434.61,EUR,2026-10-04T06:44:54,crypto,BA,Dana Williams,High someone box either rich agency.,
F30DC905-765,ACC38195995,C815198,34859.32,USD,2026-10-04T07:15:33,sepa,PW,Erin Lane,Financial own argue.,
203B1A05-B18,ACC40742311,C961722,7520.52,CHF,2026-10-04T07:21:59,card,GM,Susan Baldwin,Alone audience road since.,
84E61679-62D,ACC84093639,C407419,17530.55,CHF,2026-10-04T07:31:44,wire,GY,Nicole Taylor,Condition we process whose.,domestic
0B0C0F50-43A,ACC21819185,C429795,42606.49,GBP,2026-10-04T07:56:18,card,TZ,Richard Richards,Style somebody source black factor head.,
3AA8FD3E-C63,ACC95132217,C544151,41479.34,GBP,2026-10-04T08:04:12,card,PG,Chase Torres,Build family pattern deep since go.,
0DC82DB1-044,ACC64038913,C863587,30051.16,USD,2026-10-04T08:17:52,wire,RO,Bradley Mccormick,Computer southern nation economy adult trial.,cross_border
B51CAB9F-EAF,ACC39587039,C571029,15636.0,EUR,2026-10-04T08:26:34,card,KI,Kathryn Jackson,Child probably result painting successful nor stay agreement.,
FA3E8A14-337,ACC71662963,C662275,36500.62,CHF,2026-10-04T08:33:46,wire,CO,Jeffrey Patterson,Himself also current health add focus street.,domestic
ACD5270F-5A9,ACC53536830,C934816,19366.64,EUR,2026-10-04T08:37:12,crypto,GY,Janice Ayala,Glass note financial unit receive top toward.,
2CB0A62F-643,ACC13895645,C507746,9984.31,EUR,2026-10-04T08:50:45,card,SM,Holly Lee,Government simple property drive.,
C57257C2-8F4,ACC19584466,C162535,3010.72,GBP,2026-10-04T09:04:44,crypto,TM,Tracy Hawkins,Attention check meet wonder yeah see.,
211F3486-F64,ACC35848226,C430876,37987.01,CHF,2026-10-04T09:11:11,card,CU,Ashley Hall,Police available particularly too public loss account.,
FCE2C016-E9E,ACC36786211,C956253,16350.46,GBP,2026-10-04T09:12:43,card,IE,Edwin Chapman,Husband follow town sell.,
9EBE4957-68F,ACC22517517,C890170,26346.94,CHF,2026-10-04T09:19:50,crypto,CU,Jason Jackson,Run son price one.,
44E26FC4-557,ACC94560158,C738448,4442.77,CHF,2026-10-04T09:20:17,card,ID,Sharon Chavez,Probably receive herself first agency court write.,
A253338E-B6D,ACC25312516,C962050,42937.28,GBP,2026-10-04T09:48:20,crypto,MN,Spencer Moore,Well later out treat measure someone.,
43D2310A-DED,ACC96098221,C634150,21898.14,EUR,2026-10-04T09:58:49,swift,DJ,Timothy Odom,Reality research blood yard not popular finish.,cross_border
279FF819-5C1,ACC39587039,C571029,43954.99,EUR,2026-10-04T10:39:17,cash_deposit,MV,Victor Barrera,Value return couple city you level.,
25834D9D-CF4,ACC76481885,C138817,46568.1,EUR,2026-10-04T10:39:44,cash_deposit,MD,Thomas Combs,Great blood test.,
8F29714B-9BD,ACC65177213,C589710,32518.1,GBP,2026-10-04T10:47:20,crypto,BY,Andrea Salazar,Assume paper employee poor.,
1790FC7C-F5C,ACC64830300,C572387,7032.52,GBP,2026-10-04T10:59:45,card,CU,Laura Swanson,Speech investment either answer week recognize.,
37EE471F-892,ACC82160068,C323508,29176.59,USD,2026-10-04T11:06:07,card,CG,Ruben Anderson,Quality these open write edge.,
5E064437-9A8,ACC58436637,C288158,23881.15,CHF,2026-10-04T11:23:42,crypto,KN,Joshua Henry,Growth box page agent walk eight trip identify.,
A3E4303C-18F,ACC78387461,C617488,8572.04,CHF,2026-10-04T12:10:14,crypto,KP,Sarah Phillips,Foreign apply somebody their.,
22BAABD9-60B,ACC38470244,C472060,11775.55,CHF,2026-10-04T12:17:12,crypto,PW,Melissa Lucero,Join its information system feel.,
1C838B64-5B0,ACC50079111,C890075,7008.95,USD,2026-10-04T12:24:44,wire,CI,Haley White,Face near police each would anyone white.,cross_border
514F0641-244,ACC73900135,C777278,10368.25,CHF,2026-10-04T12:40:37,card,ME,Daniel Collins,Relate enjoy treat green financial their them.,
72F8769C-637,ACC96098221,C634150,24310.47,EUR,2026-10-04T13:12:05,card,BJ,Julie Cook,Teach finish many building use it discover.,
8E59D432-2E5,ACC53536830,C934816,42368.84,GBP,2026-10-04T13:40:32,card,NE,Douglas Rogers,Somebody people recognize yes rule often build.,
95F48D82-5A5,ACC65177213,C589710,16572.6,USD,2026-10-04T13:57:56,crypto,LV,Jacqueline Harrison,Officer nature top score place.,
71813006-265,ACC33640702,C869440,27001.88,CHF,2026-10-04T14:03:49,cash_deposit,MM,Justin Martin,Modern billion course this positive eye pattern.,
503F6B38-075,ACC91178885,C320861,48033.15,USD,2026-10-04T14:04:47,card,RU,Philip Thompson,Fall defense father process painting.,
2090DF1F-E07,ACC83534128,C567574,41463.46,CHF,2026-10-04T14:40:00,crypto,IN,Brenda Johnson,Peace several pay sport sell laugh themselves.,
13F7CDA8-520,ACC87282128,C810250,17264.64,EUR,2026-10-04T14:55:46,swift,CY,Veronica Higgins,Figure cultural fire treat effect specific.,cross_border
C1B429D9-D25,ACC71662963,C662275,38668.71,USD,2026-10-04T16:03:43,wire,SE,Brian Rodriguez,Participant sing story win group.,domestic
D93B96F5-61C,ACC48349783,C345884,14565.6,USD,2026-10-04T16:18:44,cash_deposit,TR,Samuel Patterson,Kitchen want current kitchen far.,
